coitem,Level 1,Level 2,Level 3,week,year
2PR--MO100ML,,,,23,2023
A-BPCB-W20G,,,,23,2023
A-DM-W40ML,,,,23,2023
A-FP-W20G,,,,23,2023
A-NTM-W40ML,,,,23,2023
A-PFC-W60ML,,,,23,2023
A-PRT-W100ML,,,,23,2023
A-SATG-W15ML,,,,23,2023
B-BSLP-EM,,,,23,2023
B-CLCLPA-W,,,,23,2023
B-CLCLPB-W,,,,23,2023
B-CLCLPC-W,,,,23,2023
B-CLCLPD-W,,,,23,2023
B-CPGR01-W,,,,23,2023
B-CPGR02-W,,,,23,2023
B-DMCP01-EM,,,,23,2023
B-DMCP02-EM,,,,23,2023
B-DMCP03-EM,Demand Opportunity,Packaging Material,,23,2023
B-DMCP04-EM,,,,23,2023
B-DMLP01-EM,,,,23,2023
B-DMLP02-EM,,,,23,2023
B-EL01-W,,,,23,2023
B-EL02-W,,,,23,2023
B-EL03-W,,,,23,2023
B-EL04-W,,,,23,2023
B-EXLP-MO,,,,23,2023
B-HRFP-MO,,,,23,2023
B-IPQSP11-W,,,,23,2023
B-IPQSP12-W,,,,23,2023
B-IPQSP13-W,,,,23,2023
B-IPQSP14-W,,,,23,2023
B-IPQSP15-W,,,,23,2023
B-IPQSP16-W,,,,23,2023
B-NFSDMCP02-EM,,,,23,2023
B-PMT-MO11G,,,,23,2023
B-PT01-MO35G,,,,23,2023
B-PT02-MO35G,,,,23,2023
B-PT03-MO35G,,,,23,2023
B-PT04-MO35G,,,,23,2023
B-PT05-MO35G,,,,23,2023
B-PT06-MO35G,,,,23,2023
B-PT07-MO35G,,,,23,2023
B-R3L01LB-W,Order Management,Alignment NPD/PIPO,Alignment NPD/PIPO,23,2023
B-R3L02B-W,Supply,Material,,23,2023
B-R3L03I-W,Order Management,Alignment NPD/PIPO,Alignment NPD/PIPO,23,2023
B-R3L04N-W,Order Management,Alignment NPD/PIPO,Alignment NPD/PIPO,23,2023
B-R4L01LB-W,,,,23,2023
B-R4L02B-W,,,,23,2023
B-R4L03I-W,,,,23,2023
B-R4L04N-W,,,,23,2023
B-RBMLP01-EM,,,,23,2023
B-RBMLP02-EM,,,,23,2023
B-RBMLP03-EM,,,,23,2023
B-RBMLP04-EM,,,,23,2023
B-RBSLP-EM,,,,23,2023
B-SFLP-EM8G,,,,23,2023
B-SPB-MO13GR,,,,23,2023
B-SPC-MO13GR,,,,23,2023
B-SPG-MO13GR,,,,23,2023
B-SPQ-MO13GR,,,,23,2023
B-W3ELFP01-W30G,,,,23,2023
B-W3ELFP02-W30G,,,,23,2023
B-W3ELFP03-W30G,,,,23,2023
B-W3ELFP04-W30G,,,,23,2023
BBC-EL-W15ML,,,,23,2023
BBC-EL-W30ML,,,,23,2023
BBC-EN-W15ML,,,,23,2023
BBC-EN-W30ML,,,,23,2023
BBC-HSBBC-EM,,,,23,2023
BBC-HSBBL-EM,,,,23,2023
BBC-HSBBN-EM,,,,23,2023
BBC-L03N1-W,,,,23,2023
BBC-L03N2-W,,,,23,2023
BBC-L04N1-W,,,,23,2023
BBC-L04N2-W,,,,23,2023
BBC-LL-W15ML,Order Management,Alignment NPD/PIPO,Alignment NPD/PIPO,23,2023
BBC-LL-W30ML,,,,23,2023
BBC-LN-W15ML,Order Management,Alignment NPD/PIPO,Alignment NPD/PIPO,23,2023
BBC-LN-W30ML,,,,23,2023
BBC-RL01N1-W,Order Management,Alignment NPD/PIPO,Alignment NPD/PIPO,23,2023
BBC-RL01N2-W,Order Management,Alignment NPD/PIPO,Alignment NPD/PIPO,23,2023
BBC-RL02N1-W,Order Management,Alignment NPD/PIPO,Alignment NPD/PIPO,23,2023
BBC-RL02N2-W,Order Management,Alignment NPD/PIPO,Alignment NPD/PIPO,23,2023
BL-BSEG01-B,Order Management,Alignment NPD/PIPO,Alignment NPD/PIPO,23,2023
BL-BSMT01-B,Order Management,Alignment NPD/PIPO,Alignment NPD/PIPO,23,2023
BO-BSA-MO,,,,23,2023
BO-BSB-MO,,,,23,2023
BO-BSC-MO,,,,23,2023
BO-CLBSNT-EM,,,,23,2023
BO-CLBSPE-EM,,,,23,2023
BO-CLBSPI-EM,,,,23,2023
BO-CLCNB-EM10ML,,,,23,2023
BO-CLCPE-EM10ML,,,,23,2023
BO-CLCPI-EM10ML,,,,23,2023
BO-CLCVI-EM10ML,,,,23,2023
BO-CLPBAC-EM,Order Management,Alignment NPD/PIPO,Alignment NPD/PIPO,23,2023
BO-CLPBCP-EM,Order Management,Alignment NPD/PIPO,Alignment NPD/PIPO,23,2023
BO-CLPCS-EM3.5GR,Demand Opportunity,Alignment NPD/PIPO,Alignment NPD/PIPO,23,2023
BO-CLPPB-EM3.5GR,Order Management,Alignment NPD/PIPO,Alignment NPD/PIPO,23,2023
BO-CLPPCCC-EM3.5GR,Order Management,Alignment NPD/PIPO,Alignment NPD/PIPO,23,2023
BO-CLPPMCB-EM3.5GR,Order Management,Alignment NPD/PIPO,Alignment NPD/PIPO,23,2023
BO-CLPPPML-EM3.5GR,Demand Opportunity,Alignment NPD/PIPO,Alignment NPD/PIPO,23,2023
BO-CLPPTVB-EM3.5GR,Demand Opportunity,Alignment NPD/PIPO,Alignment NPD/PIPO,23,2023
BO-CM-MO20G,,,,23,2023
BO-COCBMM-W,,,,23,2023
BO-COCBSC-W,,,,23,2023
BO-COCBSP-W,,,,23,2023
BO-CPFTLB-TA,,,,23,2023
BO-CPFTM-TA,,,,23,2023
BO-CPFTST-TA,,,,23,2023
BO-CPFTW-TA,,,,23,2023
BO-CPLP-W,Order Management,Alignment NPD/PIPO,Alignment NPD/PIPO,23,2023
BO-E01-W,,,,23,2023
BO-E02-W,,,,23,2023
BO-HLT01-MO,,,,23,2023
BO-HLT02-MO,,,,23,2023
BO-HLT03-MO,,,,23,2023
BO-HLT04-MO,,,,23,2023
BO-HLT05-MO,,,,23,2023
BO-IPCBBC01-W5.6G,,,,23,2023
BO-IPCBBC02-W5.6G,,,,23,2023
BO-MMB01-MO,,,,23,2023
BO-MMB02-MO,,,,23,2023
BO-MMB03-MO,,,,23,2023
BO-MMB04-MO,,,,23,2023
BO-MMB05-MO,,,,23,2023
"BO-PPS-MO8X3,5G",,,,23,2023
BO-R2CLPBBS-EM,,,,23,2023
BO-R2CLPBCC-EM,Order Management,Alignment NPD/PIPO,Alignment NPD/PIPO,23,2023
BO-R2CLPBML-EM,,,,23,2023
BO-R2CLPBVB-EM,Order Management,Alignment NPD/PIPO,Alignment NPD/PIPO,23,2023
BO-RBCC-MO,,,,23,2023
BO-RBCS-MO,,,,23,2023
BO-RBPPE-MO,,,,23,2023
BO-RBPPI-MO,,,,23,2023
BO-RBSPF-MO,,,,23,2023
BO-RBSS-MO,,,,23,2023
BO-RBST-MO,,,,23,2023
BO-SKCC08-MO6G,,,,23,2023
BO-SKCS06-MO6G,,,,23,2023
BO-SKPF01-MO6G,,,,23,2023
BO-SKPP10-MO6G,,,,23,2023
BO-SKPS03-MO6G,,,,23,2023
BO-SKSS07-MO6G,,,,23,2023
BO-SKST09-MO6G,,,,23,2023
BO-W1A-W4GR,,,,23,2023
BO-W1C-W4GR,,,,23,2023
BP-BMISN2-EM,,,,23,2023
BP-BMPDN2-EM,,,,23,2023
BP-BMRFN2-EM,,,,23,2023
BP-BMSSN2-EM,,,,23,2023
BP-HREDT-KA,,,,23,2023
BP-IWEDT-KA,,,,23,2023
BP-MOEDP-KA,,,,23,2023
BP-NFSHREDT-KA,,,,23,2023
BP-NFSIWEDT-KA,,,,23,2023
BP-NFSRHEDT-KA,,,,23,2023
BP-NFSWSEDT-KA,,,,23,2023
BP-RHEDP-KA,,,,23,2023
BP-RHEDT-KA,,,,23,2023
BP-SBSBM-W100ML,,,,23,2023
BP-SBSE-W35ML,,,,23,2023
BP-SJYBM-W100ML,,,,23,2023
BP-SJYE-W35ML,,,,23,2023
BP-SPCBM-W100ML,,,,23,2023
BP-SPCE-W35ML,,,,23,2023
BP-SPNBM-W100ML,,,,23,2023
BP-SPNE-W35ML,,,,23,2023
BP-SPRBM-W100ML,,,,23,2023
BP-SPRE-W35ML,,,,23,2023
BP-WSEDT-KA,,,,23,2023
BRO-RNBO-KA,,,,23,2023
BRUS-EBS-EM,,,,23,2023
BRUS-FTF-MO17CM,,,,23,2023
BRUS-KBK-MO8.5CM,,,,23,2023
BUT-W0LG-W50ML,,,,23,2023
BUT-W0MP-W50ML,,,,23,2023
BUT-W0O-W50ML,,,,23,2023
BUT-W0P-W50ML,,,,23,2023
BUT-W0R-W50ML,,,,23,2023
BUT-W0S-W50ML,,,,23,2023
C-P1-P450,,,,23,2023
CB-P1A-P240,,,,23,2023
CB-P1A-P720,,,,23,2023
CB-P1G-P240,,,,23,2023
CB-P1G-P720,,,,23,2023
CB-P1K-P240,,,,23,2023
CB-P1K-P720,,,,23,2023
CB-P1L1-P240,,,,23,2023
CB-P1L1-P720,,,,23,2023
CM-CML-EM50ML,,,,23,2023
CM-LCC-W,,,,23,2023
CM-RWSPBC-W,,,,23,2023
CM-WSOG-W,,,,23,2023
CON-C-MO11ML,,,,23,2023
CON-CPADC01-W,,,,23,2023
CON-CPADC02-W,,,,23,2023
CON-IP01-W,Order Management,Alignment NPD/PIPO,Alignment NPD/PIPO,23,2023
CON-IP02-W,Order Management,Alignment NPD/PIPO,Alignment NPD/PIPO,23,2023
CON-IP03-W,Order Management,Alignment NPD/PIPO,Alignment NPD/PIPO,23,2023
CON-IP05-W,Order Management,Alignment NPD/PIPO,Alignment NPD/PIPO,23,2023
CON-LBBL01-W,,,,23,2023
CON-LBBL02-W,Supply,Packaging Material,,23,2023
CON-LBBL03-W,,,,23,2023
CON-PTCL01-MO,,,,23,2023
CON-PTCL02-MO,,,,23,2023
CON-PTCL03-MO,,,,23,2023
CON-RLBBL01-W,,,,23,2023
CON-RLBBL02-W,,,,23,2023
CON-RPP02-MO,,,,23,2023
CON-RPP03-MO,,,,23,2023
CON-SMULCA-EM,,,,23,2023
CON-SMULCB-EM,,,,23,2023
CON-SMULCC-EM,,,,23,2023
CUS-CLPGCA-W,,,,23,2023
CUS-CLPGCB-W,,,,23,2023
CUS-CLPGCC-W,Supply,Production Capacity,Machine Capacity,23,2023
CUS-CLPGCD-W,,,,23,2023
CUS-CLPGCE-W,,,,23,2023
CUS-CLPGCF-W,,,,23,2023
CUS-CLPGCG-W,,,,23,2023
CUS-CLPGCH-W,,,,23,2023
CUS-CLPGCRA-W,,,,23,2023
CUS-CLPGCRB-W,,,,23,2023
CUS-CLPGCRC-W,,,,23,2023
CUS-CLPGCRD-W,,,,23,2023
CUS-DM01-EM,,,,23,2023
CUS-DM02-EM,,,,23,2023
CUS-DM03-EM,,,,23,2023
CUS-DM04-EM,,,,23,2023
CUS-DM05-EM,,,,23,2023
CUS-DM06-EM,,,,23,2023
CUS-EL01-W,,,,23,2023
CUS-EL02-W,,,,23,2023
CUS-EL03-W,,,,23,2023
CUS-EL04-W,,,,23,2023
CUS-EL05-W,,,,23,2023
CUS-EL06-W,,,,23,2023
CUS-HLGCC31-MO,,,,23,2023
CUS-HLGCC41-MO,,,,23,2023
CUS-HLGCC51-MO,,,,23,2023
CUS-HLGCC62-MO,,,,23,2023
CUS-HLGCN20-MO,,,,23,2023
CUS-HLGCN40-MO,,,,23,2023
CUS-HLGCW12-MO,,,,23,2023
CUS-HLGCW21-MO,,,,23,2023
CUS-HLGCW30-MO,,,,23,2023
CUS-HLGCW32-MO,,,,23,2023
CUS-HLGCW50-MO,,,,23,2023
CUS-HLGCW60-MO,,,,23,2023
CUS-HLGN10-MO,,,,23,2023
CUS-HLGNC21-MO,,,,23,2023
CUS-HLGNN30-MO,,,,23,2023
CUS-HLGNN50-MO,,,,23,2023
CUS-HLGNW22-MO,,,,23,2023
CUS-HLGNW33-MO,,,,23,2023
CUS-HLGNW41-MO,,,,23,2023
CUS-HLGNW42-MO,,,,23,2023
CUS-IPA-W,,,,23,2023
CUS-IPB-W,,,,23,2023
CUS-IPC-W,,,,23,2023
CUS-IPD-W,,,,23,2023
CUS-IPE-W,,,,23,2023
CUS-IPF-W,,,,23,2023
CUS-PDMCC31-MO,,,,23,2023
CUS-PDMCC41-MO,,,,23,2023
CUS-PDMCC51-MO,,,,23,2023
CUS-PDMCC62-MO,,,,23,2023
CUS-PDMCN20-MO,,,,23,2023
CUS-PDMCN40-MO,,,,23,2023
CUS-PDMCN50-MO,,,,23,2023
CUS-PDMCW12-MO,,,,23,2023
CUS-PDMCW21-MO,,,,23,2023
CUS-PDMCW32-MO,,,,23,2023
CUS-PDMCW41-MO,,,,23,2023
CUS-PDMCW50-MO,,,,23,2023
CUS-PDMCW60-MO,,,,23,2023
CUS-R2EFC01-W,,,,23,2023
CUS-R2EFC02-W,,,,23,2023
CUS-R2EFC03-W,,,,23,2023
CUS-R2EFC04-W,,,,23,2023
CUS-R4PDMCC21-MO,,,,23,2023
CUS-R4PDMCC51-MO,,,,23,2023
CUS-R4PDMCN10-MO,,,,23,2023
CUS-R4PDMCN30-MO,,,,23,2023
CUS-R4PDMCN50-MO,,,,23,2023
CUS-R4PDMCW22-MO,,,,23,2023
CUS-R4PDMCW30-MO,,,,23,2023
CUS-R4PDMCW33-MO,,,,23,2023
CUS-R4PDMCW41-MO,,,,23,2023
CUS-R4PDMCW42-MO,,,,23,2023
CUS-REFIPRVA-W,Order Management,Alignment NPD/PIPO,Alignment NPD/PIPO,23,2023
CUS-REFIPRVB-W,Order Management,Alignment NPD/PIPO,Alignment NPD/PIPO,23,2023
CUS-REFIPRVC-W,Order Management,Alignment NPD/PIPO,Alignment NPD/PIPO,23,2023
CUS-REFIPRVD-W,Order Management,Alignment NPD/PIPO,Alignment NPD/PIPO,23,2023
CUS-REFIPRVE-W,Order Management,Alignment NPD/PIPO,Alignment NPD/PIPO,23,2023
CUS-REFIPRVF-W,Order Management,Alignment NPD/PIPO,Alignment NPD/PIPO,23,2023
CUS-RPDMCC31-MO,,,,23,2023
CUS-RPDMCC41-MO,,,,23,2023
CUS-RPDMCC62-MO,,,,23,2023
CUS-RPDMCN20-MO,,,,23,2023
CUS-RPDMCN40-MO,,,,23,2023
CUS-RPDMCW12-MO,,,,23,2023
CUS-RPDMCW21-MO,,,,23,2023
CUS-RPDMCW32-MO,,,,23,2023
CUS-RPDMCW50-MO,,,,23,2023
CUS-RPDMCW60-MO,,,,23,2023
CUS-RREFC01-W,,,,23,2023
CUS-RREFC02-W,,,,23,2023
CUS-RREFC03-W,,,,23,2023
CUS-RREFC04-W,,,,23,2023
CUS-RVPDMCC21-MO,,,,23,2023
CUS-RVPDMCC51-MO,,,,23,2023
CUS-RVPDMCN10-MO,,,,23,2023
CUS-RVPDMCN30-MO,,,,23,2023
CUS-RVPDMCN50-MO,,,,23,2023
CUS-RVPDMCW22-MO,,,,23,2023
CUS-RVPDMCW30-MO,,,,23,2023
CUS-RVPDMCW33-MO,,,,23,2023
CUS-RVPDMCW41-MO,,,,23,2023
CUS-RVPDMCW42-MO,,,,23,2023
D-DEN01-B,,,,23,2023
D-NFSRO01N2-KA,,,,23,2023
D-NFSRO02N2-KA,,,,23,2023
D-NFSRRON2-KA,,,,23,2023
D-RO-KA,Supply,Packaging Material,,23,2023
D-RO01-KA,,,,23,2023
D-RO02-KA,,,,23,2023
D-RRO-KA,Supply,Production Capacity,Machine Capacity,23,2023
D-W1R1HER-W60ML,,,,23,2023
DDC-CDL-W20ML,,,,23,2023
DDC-CDN-W20ML,,,,23,2023
EB-ABBL-EM1.2GR,,,,23,2023
EB-ABBR-EM1.2GR,,,,23,2023
EB-DK01-MO,,,,23,2023
EB-DK02-MO,,,,23,2023
EB-DMCC-MO,,,,23,2023
EB-DMCL-MO,,,,23,2023
EB-DMLB-MO,,,,23,2023
EB-EK-W3G,,,,23,2023
EB-EXPMBD01-W,,,,23,2023
EB-EXPMBD02-W,,,,23,2023
EB-EXPMBD03-W,,,,23,2023
EB-IPB3M01-W5.5G,,,,23,2023
EB-IPB3M02-W5.5G,,,,23,2023
EB-IPEM01-W,,,,23,2023
EB-IPEM02-W,,,,23,2023
EB-IPEM03-W,Order Management,Alignment NPD/PIPO,Alignment NPD/PIPO,23,2023
EB-IPEM04-W,Order Management,Alignment NPD/PIPO,Alignment NPD/PIPO,23,2023
EB-IPEM05-W,Order Management,Alignment NPD/PIPO,Alignment NPD/PIPO,23,2023
"EB-PBE-MO1,14G",,,,23,2023
EB-PBHG-MO,Order Management,Alignment NPD/PIPO,Alignment NPD/PIPO,23,2023
"EB-PBL-MO1,14G",,,,23,2023
EB-R2SEDA-MO,,,,23,2023
EB-R2SEDM-MO,,,,23,2023
EB-RDMCC-MO,Order Management,Alignment NPD/PIPO,Alignment NPD/PIPO,23,2023
EB-RDMCL-MO,Supply,Production Capacity,Machine Capacity,23,2023
EB-RDMLB-MO,Order Management,Alignment NPD/PIPO,Alignment NPD/PIPO,23,2023
EB-REPBL-W,,,,23,2023
EB-REPBR-W,,,,23,2023
EB-RIPB3M01-W,,,,23,2023
EB-RIPB3M02-W,,,,23,2023
EB-RIPBA-W,,,,23,2023
EB-RIPBB-W,,,,23,2023
EB-RIPEM01-W,Order Management,Alignment NPD/PIPO,Alignment NPD/PIPO,23,2023
EB-RIPEM02-W,Order Management,Alignment NPD/PIPO,Alignment NPD/PIPO,23,2023
EB-SMUEMA-EM,,,,23,2023
EB-SMUEMB-EM,,,,23,2023
EB-SMUEMC-EM,,,,23,2023
EB-TS-EM2.9GR,,,,23,2023
EC-RRYAG-W,,,,23,2023
EC-RWSB-W,,,,23,2023
EL-EDCPBL-EM0.2GR,,,,23,2023
EL-EDPBL-EM1GR,,,,23,2023
EL-EDPBR-EM1GR,,,,23,2023
EL-ELT-EM,,,,23,2023
EL-EOHB-W1GR,,,,23,2023
"EL-ESL-W3,5GR",,,,23,2023
EL-EXPELB-W,,,,23,2023
EL-HBS-MO1G,,,,23,2023
EL-IPHBR-W,Order Management,Alignment NPD/PIPO,Alignment NPD/PIPO,23,2023
EL-IPHPB-W1G,,,,23,2023
"EL-LB-MO1,7ML",,,,23,2023
"EL-PBJ-MO1,2G",,,,23,2023
"EL-PBL-MO1,2G",,,,23,2023
"EL-PNB-MO1,2G",,,,23,2023
EL-PNS-MO1.2G,,,,23,2023
EL-PPLCB-MO2.7G,,,,23,2023
EL-PPLJB-MO2.7G,,,,23,2023
EL-PSL-MO1.2G,,,,23,2023
"EL-PWT-MO1,2G",,,,23,2023
EL-R2IPHPB-W,Order Management,Alignment NPD/PIPO,Alignment NPD/PIPO,23,2023
EL-W1B-WTA,,,,23,2023
EO-BOBR01-B,,,,23,2023
EO-BOCR01-B,,,,23,2023
EO-BOHF01-B,,,,23,2023
EO-BOLC01-B,,,,23,2023
EO-BOMB01-B,,,,23,2023
EO-BORF01-B,,,,23,2023
EO-BOSH01-B,,,,23,2023
EO-BOSN01-B,,,,23,2023
EO-BOTB01-B,,,,23,2023
EO-OKDS01-B,,,,23,2023
EO-OKPT01-B,,,,23,2023
EO-SOCB01-B,,,,23,2023
EO-SOEC01-B,,,,23,2023
EO-SOLD01-B,,,,23,2023
EO-SOLG01-B,Demand Opportunity,Over Perform,,23,2023
EO-SOLM01-B,,,,23,2023
EO-SOOR01-B,,,,23,2023
EO-SOPM01-B,,,,23,2023
EO-SOTT01-B,,,,23,2023
ES-CLPNB-W,,,,23,2023
ES-CLPPB-W,,,,23,2023
ES-CLPWP-W,,,,23,2023
"ES-ECL-W3,3GR",,,,23,2023
ES-EP01-W,,,,23,2023
ES-EP02-W,,,,23,2023
"ES-EPS-W3,3GR",,,,23,2023
ES-IPA-W,Order Management,Alignment NPD/PIPO,Alignment NPD/PIPO,23,2023
ES-IPB-W,Order Management,Alignment NPD/PIPO,Alignment NPD/PIPO,23,2023
ES-IPSCP-W,,,,23,2023
ES-PARR-MO,,,,23,2023
ES-PAUB-MO,,,,23,2023
ES-PEP24K-MO,,,,23,2023
ES-PEPFTG-MO,,,,23,2023
ES-PNU-MO10G,,,,23,2023
ES-PPR-MO,,,,23,2023
ES-PRPBK-EM3.3GR,,,,23,2023
ES-PRPBS-EM3.3GR,,,,23,2023
ES-PRPCB-EM3.3GR,,,,23,2023
ES-PRPGI-EM3.3GR,,,,23,2023
ES-PRPNS-EM3.3GR,,,,23,2023
ES-PRPPH-EM3.3GR,,,,23,2023
ES-PRPRP-EM3.3GR,,,,23,2023
ES-PSM-MO10G,,,,23,2023
ES-RTBG-MO,,,,23,2023
ES-RTEB-MO,,,,23,2023
ES-RTGE-MO,,,,23,2023
ES-RTIS-MO,,,,23,2023
ES-RTLAFS-MO,,,,23,2023
ES-RTNN-MO,,,,23,2023
ES-RTSB-MO,,,,23,2023
ES-SPG-MO2G,,,,23,2023
ES-SPS-MO2G,,,,23,2023
ES-TBG-MO6G,,,,23,2023
ES-TDOC-MO6G,,,,23,2023
ES-TEB-MO6G,,,,23,2023
ES-TENS-MO6G,,,,23,2023
ES-TGE-MO6G,,,,23,2023
ES-TIS-MO6G,,,,23,2023
ES-TLFS-MO6G,,,,23,2023
ES-TMFT-MO6G,,,,23,2023
ES-TN-MO6G,,,,23,2023
ES-TORN-MO,,,,23,2023
ES-TPEPI-MO,,,,23,2023
ES-TPUR-MO,,,,23,2023
ES-TSB-MO6G,,,,23,2023
"ES-W0I-W3,3GR",,,,23,2023
"ES-W1A-W3,3GR",,,,23,2023
"ES-W1G-W3,3GR",,,,23,2023
F-BWMM01-EM,,,,23,2023
F-BWMM02-EM,,,,23,2023
F-BWMM03-EM,,,,23,2023
F-BWMM04-EM,,,,23,2023
F-CLCMA-W,,,,23,2023
F-CLCMB-W,,,,23,2023
F-CLCMC-W,,,,23,2023
F-CLCMD-W,,,,23,2023
F-CLCME-W,,,,23,2023
F-CLCMF-W,,,,23,2023
F-CLCMG-W,,,,23,2023
F-CLCMH-W,,,,23,2023
F-EL01-W,,,,23,2023
F-EL02-W,,,,23,2023
F-EL03-W,,,,23,2023
F-EL04-W,,,,23,2023
F-EL05-W,,,,23,2023
F-EL06-W,,,,23,2023
F-EL07-W,,,,23,2023
F-EL08-W,,,,23,2023
F-EVLLF01-W,,,,23,2023
F-EVLLF02-W,,,,23,2023
F-EVLLF03-W,,,,23,2023
F-EVLLF04-W,,,,23,2023
F-EXL01-MO,Order Management,Alignment NPD/PIPO,Alignment NPD/PIPO,23,2023
F-EXL02-MO,Order Management,Alignment NPD/PIPO,Alignment NPD/PIPO,23,2023
F-EXL03-MO,Order Management,Alignment NPD/PIPO,Alignment NPD/PIPO,23,2023
F-EXL04-MO,Order Management,Alignment NPD/PIPO,Alignment NPD/PIPO,23,2023
F-EXL05-MO,,,,23,2023
F-EXL06-MO,,,,23,2023
F-EXL07-MO,,,,23,2023
F-EXL08-MO,,,,23,2023
F-EXL09-MO,,,,23,2023
F-EXL10-MO,Order Management,Alignment NPD/PIPO,Alignment NPD/PIPO,23,2023
F-EXL11-MO,,,,23,2023
F-EXL12-MO,,,,23,2023
F-HGFC21-MO,,,,23,2023
F-HGFN10-MO,,,,23,2023
F-HGFN30-MO,,,,23,2023
F-HGFW22-MO,,,,23,2023
F-HGFW33-MO,,,,23,2023
F-HGFW41-MO,,,,23,2023
F-HGFW42-MO,,,,23,2023
F-HGFW50-MO,,,,23,2023
F-IPSF11-W,,,,23,2023
F-IPSF12-W,,,,23,2023
F-IPSF13-W,,,,23,2023
F-IPSF14-W,,,,23,2023
F-IPSF15-W,,,,23,2023
F-IPSF16-W,,,,23,2023
F-L01-OMG,Demand Opportunity,Packaging Material,,23,2023
F-L02-OMG,Demand Opportunity,Production Capacity,Machine Capacity,23,2023
F-L03-OMG,Demand Opportunity,Packaging Material,,23,2023
F-L04-OMG,Demand Opportunity,Packaging Material,,23,2023
F-L05-OMG,Demand Opportunity,Production Capacity,Machine Capacity,23,2023
F-L06-OMG,,,,23,2023
F-LLF01-W,,,,23,2023
F-LLF02-W,,,,23,2023
F-LLF03-W,Order Management,Alignment NPD/PIPO,Alignment NPD/PIPO,23,2023
F-LLF04-W,Order Management,Alignment NPD/PIPO,Alignment NPD/PIPO,23,2023
F-LLF05-W,,,,23,2023
F-LLF06-W,,,,23,2023
F-LLFM-W,Order Management,Alignment NPD/PIPO,Alignment NPD/PIPO,23,2023
F-LLFM2-W,Order Management,Alignment NPD/PIPO,Alignment NPD/PIPO,23,2023
F-LLFM3-W,,,,23,2023
F-LLFM4-W,Order Management,Alignment NPD/PIPO,Alignment NPD/PIPO,23,2023
F-LLFM5-W,,,,23,2023
F-LLFM6-W,,,,23,2023
F-LUC01-MO33ML,,,,23,2023
F-LUC02-MO33ML,,,,23,2023
F-LUC03-MO33ML,,,,23,2023
F-LUC04-MO33ML,,,,23,2023
F-LUC05-MO33ML,,,,23,2023
F-LUC06-MO33ML,,,,23,2023
F-LUC07-MO33ML,,,,23,2023
F-LUC08-MO33ML,,,,23,2023
F-LUC09-MO33ML,,,,23,2023
F-PTCMCC62-MO,,,,23,2023
F-PTCMCN10-MO,,,,23,2023
F-PTCMCN30-MO,,,,23,2023
F-PTCMCN50-MO,,,,23,2023
F-PTCMCW22-MO,,,,23,2023
F-PTCMCW33-MO,,,,23,2023
F-PTCMCW42-MO,,,,23,2023
F-PTCMCW52-MO,,,,23,2023
F-RECF01-W,,,,23,2023
F-RECF02-W,,,,23,2023
F-RLLF01-W,,,,23,2023
F-RLLF02-W,,,,23,2023
F-RLLF03-W,,,,23,2023
F-RLLF04-W,,,,23,2023
F-RLLFM-W,,,,23,2023
F-RLLFM2-W,,,,23,2023
F-RLLFM3-W,,,,23,2023
F-RLLFM4-W,,,,23,2023
F-RRELF01-W,,,,23,2023
F-RRELF02-W,,,,23,2023
F-RRELF03-W,,,,23,2023
F-RRELF04-W,,,,23,2023
F-RRRELF05-W,,,,23,2023
F-RVLPWC21-MO,,,,23,2023
F-RVLPWC41-MO,,,,23,2023
F-RVLPWC51-MO,,,,23,2023
F-RVLPWC62-MO,,,,23,2023
F-RVLPWFC31-MO,,,,23,2023
F-RVLPWN10-MO,,,,23,2023
F-RVLPWN20-MO,,,,23,2023
F-RVLPWN30-MO,,,,23,2023
F-RVLPWN40-MO,,,,23,2023
F-RVLPWN50-MO,,,,23,2023
F-RVLPWW12-MO,,,,23,2023
F-RVLPWW21-MO,,,,23,2023
F-RVLPWW22-MO,,,,23,2023
F-RVLPWW30-MO,,,,23,2023
F-RVLPWW32-MO,,,,23,2023
F-RVLPWW33-MO,,,,23,2023
F-RVLPWW41-MO,,,,23,2023
F-RVLPWW42-MO,,,,23,2023
F-RVLPWW50-MO,,,,23,2023
F-RVLPWW60-MO,,,,23,2023
F-TCC-W,,,,23,2023
F-TCLE-W,,,,23,2023
F-TL01-OMG,,,,23,2023
F-TL02-OMG,,,,23,2023
F-TL03-OMG,,,,23,2023
F-TL04-OMG,,,,23,2023
F-TL05-OMG,,,,23,2023
F-TL06-OMG,,,,23,2023
F-WOECB5101-W10GR,,,,23,2023
F-WOECSP02-W10GR,,,,23,2023
FA-CLFLMHCP-W,,,,23,2023
FA-CLFMDHCP-W,,,,23,2023
FA-CLHP-EM,Distribution,Distribution,Distribution,23,2023
FA-CPFTSL-TA,,,,23,2023
FA-CPFTSN-TA,,,,23,2023
FA-EGH-W,,,,23,2023
FA-IPLGH01-W,,,,23,2023
FA-IPLGH02-W,,,,23,2023
FA-PFMS-MO50ML,,,,23,2023
FA-RGH-MO13G,,,,23,2023
FA-UGHP-MO,,,,23,2023
FL-P1-P720,,,,23,2023
FM-2IN1S-EM,,,,23,2023
FM-AH-EM60ML,,,,23,2023
FM-AIS-EM30G,,,,23,2023
FM-CDS-W,,,,23,2023
FM-CMB-EM,,,,23,2023
FM-CMSC-EM,,,,23,2023
FM-CMSS-EM,,,,23,2023
FM-GS-EM60ML,,,,23,2023
FM-MBLU-EM,,,,23,2023
FM-MCAC-EM,,,,23,2023
FM-MCC-W60ML,,,,23,2023
FM-MCHAM-EM,,,,23,2023
FM-MCHAR-EM,,,,23,2023
FM-MGRA-EM,,,,23,2023
FM-MGT-EM60ML,,,,23,2023
FM-MPO-EM,,,,23,2023
FM-MRI-EM,,,,23,2023
FM-MTTO-EM,,,,23,2023
FM-NDAAB-W,,,,23,2023
FM-NDASR-W,,,,23,2023
FM-NDOES-W,,,,23,2023
FM-NDOPB-W,,,,23,2023
FM-NDTOC-W,,,,23,2023
FM-PBTUWC-W,,,,23,2023
FM-RLN2-W,,,,23,2023
FM-SL-EM60ML,,,,23,2023
FMI-AV-EM,,,,23,2023
FMI-BR-L,,,,23,2023
FMI-CDFM-W55ML,,,,23,2023
FMI-LGT-W,,,,23,2023
FMI-MS-KA,,,,23,2023
FMI-US3IN1-TA,,,,23,2023
FS-AJ-EM60ML,,,,23,2023
FS-BSFS-EM,,,,23,2023
FS-NFSGE-KA,,,,23,2023
FS-RLN2-W,,,,23,2023
FS-SB-W60ML,,,,23,2023
FT-ABFBE-L,,,,23,2023
FT-AN1-EM,,,,23,2023
FT-BSE-EM,,,,23,2023
FT-BST-EM,,,,23,2023
FT-BSTN2-EM,Order Management,Alignment NPD/PIPO,Alignment NPD/PIPO,23,2023
FT-CHG-W,,,,23,2023
FT-FT-OMG,,,,23,2023
FT-GSEH-L,,,,23,2023
FT-GSEH30-L,,,,23,2023
FT-GT-TA,,,,23,2023
FT-KFT-KA,Demand Opportunity,Material,,23,2023
FT-LFT-W,,,,23,2023
FT-MPBHA-EM,,,,23,2023
FT-NDATE-W,,,,23,2023
FT-NFSKFT-KA,,,,23,2023
FT-PHASN1-EM,,,,23,2023
FT-PPTM-MO,,,,23,2023
FT-PSTE-MO,,,,23,2023
FT-RBST-EM,,,,23,2023
FT-RBSTN2-EM,,,,23,2023
FT-RIHT-W,,,,23,2023
FT-RPHASN2-EM,,,,23,2023
FT-RWSABHA-W,,,,23,2023
FT-SBFT-EM,,,,23,2023
FT-SBFTN2-EM,,,,23,2023
FW-3IN1PC-KA,Supply,Production Capacity,Machine Capacity,23,2023
FW-ABFC-L,,,,23,2023
FW-AH-W100ML,,,,23,2023
FW-AH-W60ML,,,,23,2023
FW-AN1-EM,,,,23,2023
FW-BS-EM50ML,,,,23,2023
FW-BSACNE-EM,,,,23,2023
FW-BSACNEN2-EM,,,,23,2023
FW-BSN2-EM,,,,23,2023
FW-BSW-EM,,,,23,2023
FW-CD-W100ML,,,,23,2023
FW-CD-W60ML,,,,23,2023
FW-CDEWN1-W,,,,23,2023
FW-CDEWN2-W,,,,23,2023
FW-CFW-W,,,,23,2023
FW-CSGC01-B,,,,23,2023
FW-FW01-KA,Supply,Production Capacity,Machine Capacity,23,2023
FW-FWN1-OMG,,,,23,2023
FW-FWN2-OMG,,,,23,2023
FW-GS-L,,,,23,2023
FW-GSN2-L,,,,23,2023
FW-GSN3-L,,,,23,2023
FW-LMGWN1-W,,,,23,2023
FW-LMGWN2-W,,,,23,2023
FW-LWFN1-W,,,,23,2023
FW-LWFN2-W,,,,23,2023
FW-MCF-W100ML,,,,23,2023
FW-MCF-W60ML,,,,23,2023
FW-NFS3IN1PC-KA,,,,23,2023
FW-NFSPCSAC8-KA,,,,23,2023
FW-NFSPCSRB8-KA,,,,23,2023
FW-NFSPHAS-EM,,,,23,2023
FW-NSBS-EM,,,,23,2023
FW-PBCFLSN3-W,,,,23,2023
FW-PBNW100-W,,,,23,2023
FW-PCSAC-KA,,,,23,2023
FW-PCSACN3-KA,,,,23,2023
FW-PCSRB-KA,Supply,Production Capacity,Machine Capacity,23,2023
FW-PCSRBN3-KA,,,,23,2023
FW-PHAS-EM50ML,Order Management,Alignment NPD/PIPO,Alignment NPD/PIPO,23,2023
FW-RBS-EM,Order Management,Alignment NPD/PIPO,Alignment NPD/PIPO,23,2023
FW-RBSN2-EM,Order Management,Alignment NPD/PIPO,Alignment NPD/PIPO,23,2023
FW-RHMF-W,,,,23,2023
FW-RPBCFLO100-W,,,,23,2023
FW-RPBCFLO50-W,,,,23,2023
FW-RPBCFLS100-W,,,,23,2023
FW-RPBCFLS50-W,,,,23,2023
FW-RPHAS-EM,Supply,Packaging Material,Supplier's Quality,23,2023
FW-RRYAG-W,,,,23,2023
FW-RWSABHA-W,,,,23,2023
FW-SB-W60ML,,,,23,2023
FW-SBRDBL-EM,,,,23,2023
FW-SBRDBR-EM,,,,23,2023
HBL-AVG-EM,,,,23,2023
HBL-ETBMAN2-W,,,,23,2023
HBL-ETBMBN2-W,,,,23,2023
HBL-ETBMCN2-W,,,,23,2023
HBL-ETBMDN2-W,,,,23,2023
HBL-ETBMEN2-W,,,,23,2023
HBL-NFSV1-WL,,,,23,2023
HBL-NFSV2-WL,,,,23,2023
HBL-NFSV3-WL,,,,23,2023
HBL-NFSV4-WL,,,,23,2023
HBL-NFSV5-WL,,,,23,2023
HBL-RAHMG-W,,,,23,2023
HBL-V1-WL,,,,23,2023
HBL-V2-WL,,,,23,2023
HBL-V3-WL,,,,23,2023
HBL-V4-WL,,,,23,2023
HBL-V5-WL,,,,23,2023
HBW-BBSBAT-WL,Order Management,Alignment NPD/PIPO,Alignment NPD/PIPO,23,2023
HBW-BBSYHA-WL,Order Management,Alignment NPD/PIPO,Alignment NPD/PIPO,23,2023
HBW-BBSYHB-WL,Order Management,Alignment NPD/PIPO,Alignment NPD/PIPO,23,2023
HBW-BBSYHC-WL,Order Management,Alignment NPD/PIPO,Alignment NPD/PIPO,23,2023
HBW-BWN1A-BD,,,,23,2023
HBW-BWN1C-BD,,,,23,2023
HBW-BWN1D-BD,,,,23,2023
HBW-BWN2A-BD,,,,23,2023
HBW-BWN2C-BD,,,,23,2023
HBW-BWN2D-BD,,,,23,2023
HBW-BWN5A-BD,Order Management,Alignment NPD/PIPO,Alignment NPD/PIPO,23,2023
HBW-BWN5C-BD,Order Management,Alignment NPD/PIPO,Alignment NPD/PIPO,23,2023
HBW-BWN5D-BD,Order Management,Alignment NPD/PIPO,Alignment NPD/PIPO,23,2023
HBW-BWN6A-BD,Order Management,Alignment NPD/PIPO,Alignment NPD/PIPO,23,2023
HBW-BWN6C-BD,Order Management,Alignment NPD/PIPO,Alignment NPD/PIPO,23,2023
HBW-BWN6D-BD,Order Management,Alignment NPD/PIPO,Alignment NPD/PIPO,23,2023
HBW-EB-KA,,,,23,2023
HBW-ETBWA-W,,,,23,2023
HBW-ETBWAN2-W,,,,23,2023
HBW-ETBWB-W,,,,23,2023
HBW-ETBWBN2-W,,,,23,2023
HBW-ETBWC-W,,,,23,2023
HBW-ETBWCN2-W,,,,23,2023
HBW-ETBWD-W,,,,23,2023
HBW-ETBWDN2-W,,,,23,2023
HBW-ETBWE-W,,,,23,2023
HBW-ETBWEN2-W,,,,23,2023
HBW-GBFBCN2-L,,,,23,2023
HBW-HBREFETBWCN2-W,,,,23,2023
HBW-HWN1-BD,,,,23,2023
HBW-HWN1B-BD,,,,23,2023
HBW-HWN2-BD,,,,23,2023
HBW-HWN2B-BD,,,,23,2023
HBW-NDAHHWN2-W,,,,23,2023
HBW-NFSBWN1A-BD,,,,23,2023
HBW-NFSBWN1C-BD,,,,23,2023
HBW-NFSBWN1D-BD,,,,23,2023
HBW-NFSBWN2A-BD,,,,23,2023
HBW-NFSBWN2C-BD,,,,23,2023
HBW-NFSBWN2D-BD,,,,23,2023
HBW-NFSEBW-KA,,,,23,2023
HBW-NFSGBFBCN2-L,,,,23,2023
HBW-NFSRBW-KA,,,,23,2023
HBW-R-KA,,,,23,2023
HBW-RETBWAN2-W,,,,23,2023
HBW-RETBWBN2-W,,,,23,2023
HBW-RETBWCN2-W,,,,23,2023
HBW-RETBWDN2-W,,,,23,2023
HBW-RETBWEN2-W,,,,23,2023
HBW-TBWN3A-BD,,,,23,2023
HBW-TBWN3C-BD,,,,23,2023
HBW-TBWN3D-BD,,,,23,2023
HBW-TBWN4A-BD,,,,23,2023
HBW-TBWN4C-BD,,,,23,2023
HBW-TBWN4D-BD,,,,23,2023
HC-HF-W170ML,,,,23,2023
HC-NS-W170ML,,,,23,2023
HC-OMG01-OMG,,,,23,2023
HC-OMG010-OMG,,,,23,2023
HC-OMG011-OMG,,,,23,2023
HC-OMG012-OMG,,,,23,2023
HC-OMG02-OMG,,,,23,2023
HC-OMG03-OMG,,,,23,2023
HC-OMG04-OMG,,,,23,2023
HC-OMG05-OMG,,,,23,2023
HC-OMG06-OMG,,,,23,2023
HC-OMG07-OMG,,,,23,2023
HC-OMG08-OMG,,,,23,2023
HC-OMG09-OMG,,,,23,2023
HC-P1A2-P2,,,,23,2023
HC-P1A2-P200,,,,23,2023
HC-P1A2-P450,,,,23,2023
HC-P1F-P2,,,,23,2023
HC-P1F-P200,,,,23,2023
HC-P1F-P450,,,,23,2023
HM-P1P-P720,,,,23,2023
HM-P1SPA-P720,,,,23,2023
HP-DTHP-KA,Order Management,Alignment NPD/PIPO,Alignment NPD/PIPO,23,2023
HS-MHS-MO,,,,23,2023
HSP-P1N1B3N-P200,,,,23,2023
HSP-P1N1B3N-P450,,,,23,2023
HSP-P1N1G1S-P200,,,,23,2023
HSP-P1N1G1S-P450,,,,23,2023
HT-P1G-P2,,,,23,2023
HT-P1G-P200,,,,23,2023
HT-P1G-P450,,,,23,2023
HT-P1G1-P2,,,,23,2023
HT-P1G1-P200,,,,23,2023
HT-P1G1-P450,,,,23,2023
HT-P1SEL2-P200D,,,,23,2023
HT-P1SEL2-P450,,,,23,2023
HT-P1SRL-P200D,,,,23,2023
HT-P1SRL-P450,,,,23,2023
HT-P1Y1-P2,,,,23,2023
HT-P1Y1-P200,,,,23,2023
HT-P1Y1-P450,,,,23,2023
HWB-EBSSSP-WL,Order Management,Alignment NPD/PIPO,Alignment NPD/PIPO,23,2023
L-BTA-EM,,,,23,2023
L-BTB-EM,,,,23,2023
L-BTC-EM,,,,23,2023
L-BTD-EM,,,,23,2023
L-BTE-EM,,,,23,2023
L-BTF-EM,,,,23,2023
L-BTG-EM,,,,23,2023
L-BTH-EM,,,,23,2023
L-BTI-EM,,,,23,2023
L-BTJ-EM,,,,23,2023
L-CHC01-MO,,,,23,2023
L-CHC02-MO,,,,23,2023
L-CHC03-MO,,,,23,2023
L-CHC04-MO,,,,23,2023
L-CHC05-MO,,,,23,2023
L-CHC06-MO,,,,23,2023
L-CHC07-MO,,,,23,2023
L-CHC08-MO,,,,23,2023
L-CHC09-MO,,,,23,2023
L-CHC10-MO,,,,23,2023
L-CHC11-MO,,,,23,2023
L-CHC12-MO,,,,23,2023
L-CLADA-W,,,,23,2023
L-CLADA01-W,,,,23,2023
L-CLADA02-W,,,,23,2023
L-CLADA03-W,,,,23,2023
L-CLADA04-W,,,,23,2023
L-CLADA05-W,,,,23,2023
L-CLADA06-W,,,,23,2023
L-CLADA07-W,,,,23,2023
L-CLADA08-W,,,,23,2023
L-CLADA09-W,,,,23,2023
L-CLADA10-W,,,,23,2023
L-CLADA11-W,,,,23,2023
L-CLADA12-W,,,,23,2023
L-CLADA13-W,,,,23,2023
L-CLADA14-W,,,,23,2023
L-CLADA15-W,,,,23,2023
L-CLADA16-W,,,,23,2023
L-CLADA17-W,,,,23,2023
L-CLADA18-W,,,,23,2023
L-CLADB-W,,,,23,2023
L-CLADC-W,,,,23,2023
L-CLADC01-W,,,,23,2023
L-CLADC02-W,,,,23,2023
L-CLADC03-W,,,,23,2023
L-CLADC04-W,,,,23,2023
L-CLADC05-W,,,,23,2023
L-CLADC06-W,,,,23,2023
L-CLADD-W,,,,23,2023
L-CLADE-W,,,,23,2023
L-CLADF-W,,,,23,2023
L-CLS-W,,,,23,2023
L-CM02-EM5.5GR,Order Management,Alignment NPD/PIPO,Alignment NPD/PIPO,23,2023
L-CM03-EM5.5GR,Order Management,Alignment NPD/PIPO,Alignment NPD/PIPO,23,2023
L-CM05-EM5.5GR,Order Management,Alignment NPD/PIPO,Alignment NPD/PIPO,23,2023
L-CM06-EM5.5GR,Order Management,Alignment NPD/PIPO,Alignment NPD/PIPO,23,2023
L-CM07-EM5.5GR,Order Management,Alignment NPD/PIPO,Alignment NPD/PIPO,23,2023
L-CM08-EM5.5GR,Order Management,Alignment NPD/PIPO,Alignment NPD/PIPO,23,2023
L-CM09-EM5.5GR,Order Management,Alignment NPD/PIPO,Alignment NPD/PIPO,23,2023
L-CM10-EM5.5GR,Order Management,Alignment NPD/PIPO,Alignment NPD/PIPO,23,2023
L-CM11-EM5.5GR,Supply,Production Capacity,Machine Capacity,23,2023
L-CM12-EM5.5GR,Order Management,Alignment NPD/PIPO,Alignment NPD/PIPO,23,2023
L-CM13-EM5.5GR,Order Management,Alignment NPD/PIPO,Alignment NPD/PIPO,23,2023
L-CPRLC01-W,,,,23,2023
L-CPRLC02-W,,,,23,2023
L-CPRLC03-W,,,,23,2023
L-CPRLC04-W,,,,23,2023
L-CPRLC05-W,,,,23,2023
L-CQS201-MO2G,,,,23,2023
L-CQS202-MO2G,,,,23,2023
L-CQS203-MO2G,,,,23,2023
L-CQS205-MO2G,,,,23,2023
L-CQS209-MO2G,,,,23,2023
L-CQS210-MO2G,,,,23,2023
L-CSGC101-MO,,,,23,2023
L-CSGC102-MO,,,,23,2023
L-CSGC103-MO,Supply,Raw Material,,23,2023
L-CSGC104-MO,,,,23,2023
L-CSGC105-MO,Supply,Raw Material,,23,2023
L-CSMC101-MO2.6G,,,,23,2023
L-CSMC102-MO2.6G,,,,23,2023
L-CSMC103-MO2.6G,,,,23,2023
L-CSMC104-MO2.6G,,,,23,2023
L-CSMC105-MO2.6G,Demand Opportunity,Over Perform,,23,2023
L-CUM01-W,,,,23,2023
L-CUM02-W,,,,23,2023
L-CUM03-W,,,,23,2023
L-CUM04-W,,,,23,2023
L-CUM05-W,,,,23,2023
L-CUM06-W,,,,23,2023
L-CUM07-W,,,,23,2023
L-CUM08-W,,,,23,2023
L-CUMKORA-W,,,,23,2023
L-CUMKORB-W,,,,23,2023
L-CUMKORC-W,,,,23,2023
L-CUMKORD-W,,,,23,2023
L-CUMKORE-W,,,,23,2023
L-CUSH01-EM,,,,23,2023
L-CUSH02-EM,,,,23,2023
L-CUSH03-EM,,,,23,2023
L-CUSH04-EM,,,,23,2023
L-CUSH05-EM,,,,23,2023
L-CUSH06-EM,,,,23,2023
L-CVM01-W,,,,23,2023
L-CVM010-W,,,,23,2023
L-CVM011-W,,,,23,2023
L-CVM012-W,,,,23,2023
L-CVM013-W,,,,23,2023
L-CVM014-W,,,,23,2023
L-CVM01CLB-W,,,,23,2023
L-CVM02-W,,,,23,2023
L-CVM02CLB-W,,,,23,2023
L-CVM03-W,,,,23,2023
L-CVM03CLB-W,,,,23,2023
L-CVM04-W,,,,23,2023
L-CVM04CLB-W,,,,23,2023
L-CVM05-W,,,,23,2023
L-CVM05CLB-W,Order Management,Alignment NPD/PIPO,Alignment NPD/PIPO,23,2023
L-CVM06-W,,,,23,2023
L-CVM06CLB-W,,,,23,2023
L-CVM07-W,,,,23,2023
L-CVM07CLB-W,Order Management,Alignment NPD/PIPO,Alignment NPD/PIPO,23,2023
L-CVM08-W,,,,23,2023
L-CVM08CLB-W,Order Management,Alignment NPD/PIPO,Alignment NPD/PIPO,23,2023
L-CVM09-W,,,,23,2023
L-CVMA01-W,,,,23,2023
L-CVMA02-W,,,,23,2023
L-CVMA03-W,,,,23,2023
L-CVMA04-W,,,,23,2023
L-CVMA05-W,,,,23,2023
L-CVMA06-W,,,,23,2023
L-CVMA07-W,,,,23,2023
L-CVMA08-W,,,,23,2023
L-CVMA09-W,,,,23,2023
L-CVMA10-W,,,,23,2023
L-CVMA11-W,,,,23,2023
L-CVMA12-W,,,,23,2023
L-CVMA13-W,,,,23,2023
L-CVMA14-W,,,,23,2023
L-EMCA-W,,,,23,2023
L-EMCB-W,,,,23,2023
L-EMCC-W,,,,23,2023
L-EMCD-W,,,,23,2023
L-EMCE-W,,,,23,2023
L-EMCF-W,,,,23,2023
L-EVCL01-W5.5G,,,,23,2023
L-EVCL02-W5.5G,,,,23,2023
L-EVCL03-W5.5G,,,,23,2023
L-EVLCR1-W,Order Management,Alignment NPD/PIPO,Alignment NPD/PIPO,23,2023
L-EVLCR2-W,Order Management,Alignment NPD/PIPO,Alignment NPD/PIPO,23,2023
L-EVLCR3-W,Order Management,Alignment NPD/PIPO,Alignment NPD/PIPO,23,2023
L-EVLCR4-W,Order Management,Alignment NPD/PIPO,Alignment NPD/PIPO,23,2023
L-EVLCR5-W,Order Management,Alignment NPD/PIPO,Alignment NPD/PIPO,23,2023
L-GK01-OMG,,,,23,2023
L-GK02-OMG,,,,23,2023
L-GK03-OMG,,,,23,2023
L-GK04-OMG,,,,23,2023
L-GK05-OMG,,,,23,2023
L-GS01-EM,Order Management,Alignment NPD/PIPO,Alignment NPD/PIPO,23,2023
L-GS02-EM,,,,23,2023
L-GS03-EM,,,,23,2023
L-GS04-EM,,,,23,2023
L-GS05-EM,,,,23,2023
L-GS06-EM,,,,23,2023
L-GS07-EM,,,,23,2023
L-GS08-EM,,,,23,2023
L-GS09-EM,,,,23,2023
L-GS10-EM,Supply,Packaging Material,,23,2023
L-HSLWA-MO,,,,23,2023
L-HSLWB-MO,,,,23,2023
L-HSLWC-MO,,,,23,2023
L-HSLWD-MO,,,,23,2023
L-HSLWE-MO,,,,23,2023
L-HSLWF-MO,,,,23,2023
L-HSLWG-MO,,,,23,2023
L-HSLWH-MO,,,,23,2023
L-HSLWI-MO,,,,23,2023
L-HSLWJ-MO,,,,23,2023
L-HSLWK-MO,,,,23,2023
L-HSLWL-MO,,,,23,2023
"L-IMC001-MO6,5G",,,,23,2023
"L-IMC002-MO6,5G",,,,23,2023
"L-IMC003-MO6,5G",,,,23,2023
"L-IMC004-MO6,5G",,,,23,2023
"L-IMC005-MO6,5G",,,,23,2023
"L-IMC006-MO6,5G",,,,23,2023
"L-IMC007-MO6,5G",,,,23,2023
"L-IMC008-MO6,5G",,,,23,2023
"L-IMC009-MO6,5G",,,,23,2023
"L-IMC010-MO6,5G",,,,23,2023
"L-IMC011-MO6,5G",,,,23,2023
"L-IMC012-MO6,5G",,,,23,2023
"L-IMC013-MO6,5G",,,,23,2023
"L-IMC014-MO6,5G",,,,23,2023
"L-IMC015-MO6,5G",,,,23,2023
"L-IMC016-MO6,5G",,,,23,2023
"L-IMC017-MO6,5G",,,,23,2023
"L-IMC018-MO6,5G",,,,23,2023
"L-IMC019-MO6,5G",,,,23,2023
"L-IMC020-MO6,5G",,,,23,2023
L-IPCS01-W,,,,23,2023
L-IPCS02-W,,,,23,2023
L-IPCS03-W,,,,23,2023
L-IPCS04-W,,,,23,2023
L-IPCS05-W,,,,23,2023
L-IPCS06-W,,,,23,2023
L-IPEI13-W,,,,23,2023
L-IPEI14-W,,,,23,2023
L-IPEI15-W,,,,23,2023
L-IPEI16-W,,,,23,2023
L-IPEI17-W,,,,23,2023
L-IPEI18-W,,,,23,2023
L-IPEI19-W,,,,23,2023
L-IPEI20-W,,,,23,2023
L-IPGC01-W2.7G,,,,23,2023
L-IPGC02-W2.7G,,,,23,2023
L-IPGC03-W2.7G,,,,23,2023
L-IPMC01-W3G,,,,23,2023
L-IPMC02-W3G,,,,23,2023
L-IPMC03-W3G,,,,23,2023
L-IPMC04-W3G,,,,23,2023
L-IPMC05-W3G,,,,23,2023
L-IPMC06-W3G,,,,23,2023
L-IPMMS01-W3.5G,,,,23,2023
L-IPMMS02-W3.5G,,,,23,2023
L-IPMMS03-W3.5G,,,,23,2023
L-IPMMS04-W3.5G,,,,23,2023
L-IPMMS05-W3.5G,,,,23,2023
L-LACL01-MO0.2G,,,,23,2023
L-LACL02-MO0.2G,,,,23,2023
L-LACL05-MO0.2G,,,,23,2023
L-LL01-W2.3G,,,,23,2023
L-LL03-W2.3G,,,,23,2023
L-LL08-W2.3G,Supply,Raw Material,,23,2023
L-LL09-W2.3G,Supply,Raw Material,,23,2023
L-LL10-W2.3G,,,,23,2023
L-LL17-W2.3G,,,,23,2023
L-LLS01-EM,,,,23,2023
L-LLS02-EM,,,,23,2023
L-LLS03-EM,,,,23,2023
L-LLS04-EM,,,,23,2023
L-LTA-OMG,,,,23,2023
L-LTB-OMG,,,,23,2023
L-LTC-OMG,,,,23,2023
L-LTD-OMG,,,,23,2023
L-MLCA-OMG,,,,23,2023
L-MLCB-OMG,Demand Opportunity,Packaging Material,,23,2023
L-MLCC-OMG,Demand Opportunity,Packaging Material,,23,2023
L-MLCD-OMG,Demand Opportunity,Packaging Material,,23,2023
L-MLCE-OMG,,,,23,2023
L-MLCF-OMG,Demand Opportunity,Packaging Material,,23,2023
L-MLCG-OMG,,,,23,2023
L-MLCH-OMG,,,,23,2023
L-MLCI-OMG,,,,23,2023
L-MLCJ-OMG,Demand Opportunity,Packaging Material,,23,2023
L-MLCK-OMG,Supply,Production Capacity,Machine Capacity,23,2023
L-MLCL-OMG,Demand Opportunity,Packaging Material,,23,2023
L-MLCM-OMG,Demand Opportunity,Production Capacity,Machine Capacity,23,2023
L-MLCN-OMG,Demand Opportunity,Production Capacity,Machine Capacity,23,2023
L-MLCO-OMG,Demand Opportunity,Production Capacity,Machine Capacity,23,2023
L-MLCP-OMG,Order Management,Alignment NPD/PIPO,Alignment NPD/PIPO,23,2023
L-MLCQ-OMG,Order Management,Alignment NPD/PIPO,Alignment NPD/PIPO,23,2023
L-MLCR-OMG,Order Management,Alignment NPD/PIPO,Alignment NPD/PIPO,23,2023
L-NFSCLAD04-W,,,,23,2023
L-NFSCLAD09-W,,,,23,2023
L-NFSCLAD13-W,,,,23,2023
L-NFSCLAD17-W,,,,23,2023
L-NFSGS01-EM,,,,23,2023
L-NFSGS07-EM,,,,23,2023
L-NFSLLS01-EM,,,,23,2023
L-NLCA-EM,Order Management,Alignment NPD/PIPO,Alignment NPD/PIPO,23,2023
L-NLCB-EM,,,,23,2023
L-NLCC-EM,,,,23,2023
L-NLCD-EM,,,,23,2023
L-NLCE-EM,Order Management,Alignment NPD/PIPO,Alignment NPD/PIPO,23,2023
L-PGTC-MO,,,,23,2023
L-PS01-MO,,,,23,2023
L-PS02-MO,,,,23,2023
L-PS03-MO,,,,23,2023
L-PS04-MO,,,,23,2023
L-PS05-MO,,,,23,2023
L-PS06-MO,,,,23,2023
L-PS07-MO,,,,23,2023
L-PS08-MO,,,,23,2023
L-PTMC01-MO,,,,23,2023
L-PTMC02-MO,,,,23,2023
L-PTMC03-MO,,,,23,2023
L-PTMC04-MO,,,,23,2023
L-PTMC05-MO,,,,23,2023
L-PTMC06-MO,,,,23,2023
L-PTMC07-MO,,,,23,2023
L-PTMC08-MO,,,,23,2023
L-PTMCA-MO,,,,23,2023
L-PTMCB-MO,,,,23,2023
L-PTMCC-MO,Demand Opportunity,Packaging Material,,23,2023
L-PTMCD-MO,,,,23,2023
L-PVW01-MO,,,,23,2023
L-PVW02-MO,,,,23,2023
L-PVW03-MO,,,,23,2023
L-PVW04-MO,,,,23,2023
L-PVW05-MO,,,,23,2023
L-PVW06-MO,,,,23,2023
L-PVW07-MO,,,,23,2023
L-PVW08-MO,,,,23,2023
L-R2CLCLS1-W,,,,23,2023
L-R2CLCLS2-W,,,,23,2023
L-R2CLCLS3-W,,,,23,2023
L-R2CLCLS4-W,,,,23,2023
L-R2CLCLS5-W,,,,23,2023
L-R2CLCLS6-W,,,,23,2023
L-R2CLCLS7-W,,,,23,2023
L-R2CLCLS8-W,,,,23,2023
L-R2EMC01-W,,,,23,2023
L-R2EMC03-W,,,,23,2023
L-R2EMC05-W,,,,23,2023
L-R2EMC06-W,,,,23,2023
L-R2EMC07-W,,,,23,2023
L-R2EMC08-W,,,,23,2023
L-R2EMC09-W,,,,23,2023
L-R2EMC11-W,,,,23,2023
L-R2EMC12-W,,,,23,2023
L-R2EMC13-W,,,,23,2023
L-R2EMC16-W,,,,23,2023
L-R2EMC17-W,,,,23,2023
L-RCLCLS1-W,,,,23,2023
L-RCLCLS2-W,,,,23,2023
L-RCLCLS3-W,,,,23,2023
L-RCLCLS4-W,,,,23,2023
L-RCLCLS5-W,,,,23,2023
L-RCLCLS6-W,,,,23,2023
L-RCLCLS7-W,,,,23,2023
L-RCLCLS8-W,,,,23,2023
L-REMA01-W,,,,23,2023
L-REMA02-W,,,,23,2023
L-REMA03-W,,,,23,2023
L-REMA04-W,,,,23,2023
L-REMA05-W,,,,23,2023
L-REMA06-W,,,,23,2023
L-REMA09-W,,,,23,2023
L-REMA12-W,,,,23,2023
L-REMA13-W,,,,23,2023
L-REMA16-W,,,,23,2023
L-REMA17-W,,,,23,2023
L-REMA18-W,,,,23,2023
L-REMO20-W,,,,23,2023
L-REMO21-W,,,,23,2023
L-REMO23-W,,,,23,2023
L-REMO26-W,,,,23,2023
L-REMO29-W,,,,23,2023
L-REMO30-W,,,,23,2023
L-REMO32-W,,,,23,2023
L-REMO35-W,,,,23,2023
L-REMO36-W,,,,23,2023
L-REMO41-W,,,,23,2023
L-REMO43-W,,,,23,2023
L-REMO46-W,,,,23,2023
L-REVLCR1-W,,,,23,2023
L-REVLCR2-W,,,,23,2023
L-REVLCR3-W,,,,23,2023
L-REVLCR4-W,,,,23,2023
L-REVLCR5-W,,,,23,2023
L-RGS01-EM,,,,23,2023
L-RGS02-EM,,,,23,2023
L-RGS03-EM,,,,23,2023
L-RGS04-EM,,,,23,2023
L-RGS05-EM,,,,23,2023
L-RIPEI01-W,,,,23,2023
L-RIPEI02-W,,,,23,2023
L-RIPEI03-W,,,,23,2023
L-RIPEI04-W,,,,23,2023
L-RIPEI05-W,,,,23,2023
L-RIPEI06-W,,,,23,2023
L-RIPEI07-W,,,,23,2023
L-RIPEI08-W,,,,23,2023
L-RLLS01-EM,,,,23,2023
L-RLLS02-EM,,,,23,2023
L-RMLCA-OMG,,,,23,2023
L-RMLCB-OMG,,,,23,2023
L-RMLCC-OMG,,,,23,2023
L-RMLCD-OMG,,,,23,2023
L-RMLCE-OMG,,,,23,2023
L-RMLCF-OMG,,,,23,2023
L-RMLCG-OMG,,,,23,2023
L-RMLCH-OMG,,,,23,2023
L-RMLCI-OMG,,,,23,2023
L-RMLCJ-OMG,Order Management,Alignment NPD/PIPO,Alignment NPD/PIPO,23,2023
L-RMLCK-OMG,Order Management,Alignment NPD/PIPO,Alignment NPD/PIPO,23,2023
L-RMLCL-OMG,Order Management,Alignment NPD/PIPO,Alignment NPD/PIPO,23,2023
L-RMLCM-OMG,Order Management,Alignment NPD/PIPO,Alignment NPD/PIPO,23,2023
L-RMLCN-OMG,Order Management,Alignment NPD/PIPO,Alignment NPD/PIPO,23,2023
L-RMLCO-OMG,Order Management,Alignment NPD/PIPO,Alignment NPD/PIPO,23,2023
L-RMLCP-OMG,Order Management,Alignment NPD/PIPO,Alignment NPD/PIPO,23,2023
L-RMLCQ-OMG,Order Management,Alignment NPD/PIPO,Alignment NPD/PIPO,23,2023
L-RMLCR-OMG,,,,23,2023
L-RNLCA-EM,,,,23,2023
L-RNLCB-EM,,,,23,2023
L-RNLCC-EM,,,,23,2023
L-RNLCD-EM,,,,23,2023
L-RNLCE-EM,,,,23,2023
L-RRIPLMP01-W,,,,23,2023
L-RRIPLMP02-W,,,,23,2023
L-RRIPLMP03-W,,,,23,2023
L-RRIPLMP04-W,,,,23,2023
L-RRIPLMP05-W,,,,23,2023
L-RRIPLMP06-W,,,,23,2023
L-RRIPLMP07-W,,,,23,2023
L-RRIPLMP08-W,,,,23,2023
L-RRIPLMP09-W,,,,23,2023
L-SLWCA-W,,,,23,2023
L-SLWCB-W,,,,23,2023
L-SLWCC-W,Order Management,Alignment NPD/PIPO,Alignment NPD/PIPO,23,2023
L-SLWCD-W,,,,23,2023
L-SLWCE-W,,,,23,2023
L-SLWCF-W,,,,23,2023
L-SLWCG-W,Order Management,Alignment NPD/PIPO,Alignment NPD/PIPO,23,2023
L-SLWCH-W,,,,23,2023
L-SLWCI-W,,,,23,2023
L-SLWCJ-W,Order Management,Alignment NPD/PIPO,Alignment NPD/PIPO,23,2023
L-SLWCK-W,,,,23,2023
L-SLWCL-W,,,,23,2023
L-SMULGA-EM,,,,23,2023
L-SMULGB-EM,,,,23,2023
L-SMULMA-EM,,,,23,2023
L-SMULMB-EM,,,,23,2023
L-SMULMC-EM,,,,23,2023
L-SMULMD-EM,,,,23,2023
L-TGK-OMG,,,,23,2023
L-TLT-OMG,,,,23,2023
L-TMLC2-OMG,,,,23,2023
L-TMLC3-OMG,,,,23,2023
LB-EVFSG-W4G,,,,23,2023
LB-EVFSS-W4G,Supply,Packaging Material,,23,2023
LB-EVLNGT-W4G,,,,23,2023
LB-EVLNH-W4G,,,,23,2023
LB-LMMC-EM,Demand Opportunity,Production Capacity,Machine Capacity,23,2023
LB-LMOR-EM,,,,23,2023
LB-LMPB-EM,Demand Opportunity,Packaging Material,,23,2023
LB-LMPR-EM,,,,23,2023
"LB-M-MO3,8G",,,,23,2023
"LB-OC-MO3,8G",,,,23,2023
LB-SCJ-EM3.7GR,,,,23,2023
LB-SLN-EM3.7GR,,,,23,2023
LB-SR-EM4.2GR,Demand Opportunity,Production Capacity,Machine Capacity,23,2023
LB-STSPB-EM,,,,23,2023
LB-STSPC-EM,Supply,Packaging Material,,23,2023
"LB-V-MO3,8G",,,,23,2023
LD-CDFB01-B,,,,23,2023
LT-CR01-EM,,,,23,2023
LT-CR02-EM,,,,23,2023
LT-CR03-EM,,,,23,2023
LT-CR04-EM,,,,23,2023
LT-CR05-EM,,,,23,2023
LT-MP04-EM,,,,23,2023
LT-MP05-EM,,,,23,2023
LT-MP06-EM,,,,23,2023
LT-MPSG-EM5.5ML,,,,23,2023
LT-MPSM-EM5.5ML,,,,23,2023
LT-MPSR-EM5.5ML,,,,23,2023
LU-P1-P720,,,,23,2023
LU-P1P3P-P720,Supply,Packaging Material,,23,2023
LW-P1-P150,,,,23,2023
LW-P1-P720,,,,23,2023
LW-W3O-W150ML,Supply,Packaging Material,,23,2023
LW-W3O-W240ML,,,,23,2023
LW-W3P-W150ML,,,,23,2023
LW-W3S-W150ML,,,,23,2023
M-AHC-W40ML,,,,23,2023
M-AN1-EM,,,,23,2023
M-AOSM-KA,,,,23,2023
M-BRER-L,Order Management,Alignment NPD/PIPO,Alignment NPD/PIPO,23,2023
M-BRERC-L,Order Management,Alignment NPD/PIPO,Alignment NPD/PIPO,23,2023
M-BRERMC-L,,,,23,2023
M-BRERMCN2-L,,,,23,2023
M-BSACNE-EM,,,,23,2023
M-BSC-EM,,,,23,2023
M-BSNC-EM,Order Management,Alignment NPD/PIPO,Alignment NPD/PIPO,23,2023
M-BSTUC-EM,,,,23,2023
M-CDMM-W,,,,23,2023
M-CSAHG-W,,,,23,2023
M-CSAOC-W,,,,23,2023
M-CSGD01-B,,,,23,2023
M-CSGN01-B,Order Management,Alignment NPD/PIPO,Alignment NPD/PIPO,23,2023
M-CSRRC-W,,,,23,2023
M-GSSNG-L,,,,23,2023
M-IAB-EM50ML,Order Management,Alignment NPD/PIPO,Alignment NPD/PIPO,23,2023
M-LDCN1-W,,,,23,2023
M-LDCN2-W,,,,23,2023
M-LDGN1-W,,,,23,2023
M-LDGN2-W,,,,23,2023
M-LNCN1-W,,,,23,2023
M-LNCN2-W,,,,23,2023
M-MN1-OMG,,,,23,2023
M-MN2-OMG,,,,23,2023
M-MPNG-EM,,,,23,2023
M-NFSBRERC-L,,,,23,2023
M-NFSCSRRCN2-W,,,,23,2023
M-NFSSM01-KA,,,,23,2023
M-P1PD-P200,,,,23,2023
M-PBNC20-W,,,,23,2023
M-PHAG-EM20ML,Order Management,Alignment NPD/PIPO,Alignment NPD/PIPO,23,2023
M-PSLG-MO,,,,23,2023
M-PSRT-MO,,,,23,2023
M-PSRT20-MO,,,,23,2023
M-PSRT30-MO,,,,23,2023
M-PSRT40-MO,,,,23,2023
M-PSWC-MO,,,,23,2023
M-R2PBSPF30-W,,,,23,2023
M-RBSC-EM,Order Management,Alignment NPD/PIPO,Alignment NPD/PIPO,23,2023
M-RBSTUC-EM,Order Management,Alignment NPD/PIPO,Alignment NPD/PIPO,23,2023
M-RHDGN1-W,,,,23,2023
M-RHDGN2-W,,,,23,2023
M-RHOVN1-W,,,,23,2023
M-RHOVN2-W,,,,23,2023
M-RPBNS20-W,Order Management,Alignment NPD/PIPO,Alignment NPD/PIPO,23,2023
M-RPBSPF30-W,Order Management,Alignment NPD/PIPO,Alignment NPD/PIPO,23,2023
M-RPHAG-EM,,,,23,2023
M-RRYDCN1-W,,,,23,2023
M-RRYDCN2-W,,,,23,2023
M-RRYDCN3-W,,,,23,2023
M-RRYNCN1-W,,,,23,2023
M-RRYNCN2-W,,,,23,2023
M-RWSDCN1-W,,,,23,2023
M-RWSDCN2-W,,,,23,2023
M-RWSDCN3-W,,,,23,2023
M-RWSNCN1-W,,,,23,2023
M-RWSNCN2-W,,,,23,2023
M-SM01-KA,Order Management,Alignment NPD/PIPO,Alignment NPD/PIPO,23,2023
M-WHPG-W40ML,,,,23,2023
M-WSDGN1-W,,,,23,2023
M-WSDGN2-W,,,,23,2023
MA-BSE-EM,,,,23,2023
MA-MSCD-W,,,,23,2023
MA-MSL-W,,,,23,2023
MA-MSND-W,,,,23,2023
MA-MTRWS-W,,,,23,2023
MA-RBSE-EM,Order Management,Alignment NPD/PIPO,Alignment NPD/PIPO,23,2023
MA-RMTRWS-W,Order Management,Alignment NPD/PIPO,Alignment NPD/PIPO,23,2023
MASK-CLV-EM,,,,23,2023
MASK-EEAL-W6GR,,,,23,2023
MASK-EEPC-W7GR,,,,23,2023
MASK-EEVE-W7GR,,,,23,2023
MASK-EL-MO,,,,23,2023
MASK-EXPMM-W,,,,23,2023
MASK-IP-W,,,,23,2023
MASK-OMG-OMG,,,,23,2023
MASK-SLA-EM5GR,,,,23,2023
MASK-SMU-EM,,,,23,2023
MB-COTR01-B,,,,23,2023
MB-MBSG01-B,,,,23,2023
MED-NBS-N,,,,23,2023
MK-P1-P100,Demand Opportunity,Packaging Material,,23,2023
MSS-P1C-P1,,,,23,2023
MUR-DIS-EM50ML,,,,23,2023
MY-BBCRL01N1-W,Order Management,Alignment NPD/PIPO,Alignment NPD/PIPO,23,2023
MY-BBCRL01N2-W,Order Management,Alignment NPD/PIPO,Alignment NPD/PIPO,23,2023
MY-BBCRL02N1-W,Order Management,Alignment NPD/PIPO,Alignment NPD/PIPO,23,2023
MY-BBCRL02N2-W,Order Management,Alignment NPD/PIPO,Alignment NPD/PIPO,23,2023
MY-BBSLP-EM,Demand Opportunity,Alignment NPD/PIPO,Alignment NPD/PIPO,23,2023
MY-BCLCLPA-W,,,,23,2023
MY-BCLCLPB-W,Demand Opportunity,Packaging Material,,23,2023
MY-BCLCLPC-W,Demand Opportunity,Over Perform,,23,2023
MY-BCLCLPD-W,,,,23,2023
MY-BDMCP01-EM,,,,23,2023
MY-BDMCP02-EM,,,,23,2023
MY-BDMCP03-EM,,,,23,2023
MY-BDMCP04-EM,,,,23,2023
MY-BDMLP01-EM,,,,23,2023
MY-BDMLP02-EM,,,,23,2023
MY-BHRFP-MO,,,,23,2023
MY-BIPQSP11-W,,,,23,2023
MY-BIPQSP12-W,,,,23,2023
MY-BIPQSP13-W,,,,23,2023
MY-BIPQSP14-W,,,,23,2023
MY-BIPQSP15-W,,,,23,2023
MY-BIPQSP16-W,,,,23,2023
MY-BOCLCNB-EM,,,,23,2023
MY-BOCLCPE-EM,,,,23,2023
MY-BOCLCPI-EM,,,,23,2023
MY-BOCLCVI-EM,,,,23,2023
MY-BOCLPBAC-EM,Order Management,Alignment NPD/PIPO,Alignment NPD/PIPO,23,2023
MY-BOCLPBCP-EM,Order Management,Alignment NPD/PIPO,Alignment NPD/PIPO,23,2023
MY-BOCLPCS-EM,Supply,Packaging Material,,23,2023
MY-BOCLPML-EM,Order Management,Alignment NPD/PIPO,Alignment NPD/PIPO,23,2023
MY-BOCLPPB-EM,,,,23,2023
MY-BOCLPPCCC-EM,Order Management,Alignment NPD/PIPO,Alignment NPD/PIPO,23,2023
MY-BOCLPPMCB-EM,Order Management,Alignment NPD/PIPO,Alignment NPD/PIPO,23,2023
MY-BOCLPPTVB-EM,Order Management,Alignment NPD/PIPO,Alignment NPD/PIPO,23,2023
MY-BOCOCBMM-W,,,,23,2023
MY-BOCOCBSC-W,,,,23,2023
MY-BOCOCBSP-W,,,,23,2023
MY-BOHLT01-MO,,,,23,2023
MY-BOHLT02-MO,,,,23,2023
MY-BOHLT03-MO,,,,23,2023
MY-BOHLT04-MO,,,,23,2023
MY-BOHLT05-MO,,,,23,2023
MY-BOR2CLPBBS-EM,Order Management,Alignment NPD/PIPO,Alignment NPD/PIPO,23,2023
MY-BOR2CLPBCC-EM,Order Management,Alignment NPD/PIPO,Alignment NPD/PIPO,23,2023
MY-BOR2CLPBML-EM,Order Management,Alignment NPD/PIPO,Alignment NPD/PIPO,23,2023
MY-BOR2CLPBVB-EM,Order Management,Alignment NPD/PIPO,Alignment NPD/PIPO,23,2023
MY-BOSKCS06-MO,Order Management,Alignment NPD/PIPO,Alignment NPD/PIPO,23,2023
MY-BOSKPP10-MO,Order Management,Alignment NPD/PIPO,Alignment NPD/PIPO,23,2023
MY-BOSKPS03-MO,Order Management,Alignment NPD/PIPO,Alignment NPD/PIPO,23,2023
MY-BPHREDT-KA,Supply,Production Capacity,Machine Capacity,23,2023
MY-BPIWEDT-KA,,,,23,2023
MY-BPMOEDP-KA,,,,23,2023
MY-BPMT-MO,Order Management,Alignment NPD/PIPO,Alignment NPD/PIPO,23,2023
MY-BPNFSHREDT-KA,,,,23,2023
MY-BPNFSIWEDT-KA,,,,23,2023
MY-BPNFSRHEDT-KA,,,,23,2023
MY-BPNFSWSEDT-KA,,,,23,2023
MY-BPRHEDP-KA,,,,23,2023
MY-BPRHEDT-KA,Supply,Material,,23,2023
MY-BPT01-MO,,,,23,2023
MY-BPT02-MO,,,,23,2023
MY-BPT03-MO,,,,23,2023
MY-BPT04-MO,,,,23,2023
MY-BPT05-MO,,,,23,2023
MY-BPT06-MO,,,,23,2023
MY-BPT07-MO,,,,23,2023
MY-BPWSEDT-KA,Supply,Production Capacity,Machine Capacity,23,2023
MY-BR4L01LB-W,Order Management,Alignment NPD/PIPO,Alignment NPD/PIPO,23,2023
MY-BR4L02B-W,Order Management,Alignment NPD/PIPO,Alignment NPD/PIPO,23,2023
MY-BR4L03I-W,Order Management,Alignment NPD/PIPO,Alignment NPD/PIPO,23,2023
MY-BR4L04N-W,Order Management,Alignment NPD/PIPO,Alignment NPD/PIPO,23,2023
MY-BRBMLP01-EM,Demand Opportunity,Packaging Material,,23,2023
MY-BRBMLP02-EM,Demand Opportunity,Packaging Material,,23,2023
MY-BRBMLP03-EM,Supply,Packaging Material,,23,2023
MY-BRBMLP04-EM,Demand Opportunity,Packaging Material,,23,2023
MY-BRBSLP-EM,Order Management,Alignment NPD/PIPO,Alignment NPD/PIPO,23,2023
MY-BRORNBO-KA,Distribution,Distribution,Distribution,23,2023
MY-BRUSEBS-EM,,,,23,2023
MY-BSFLP-EM,,,,23,2023
MY-CONIP01-W,,,,23,2023
MY-CONIP02-W,,,,23,2023
MY-CONIP03-W,,,,23,2023
MY-CONIP05-W,Order Management,Alignment NPD/PIPO,Alignment NPD/PIPO,23,2023
MY-CONLBBL01-W,Order Management,Alignment NPD/PIPO,Alignment NPD/PIPO,23,2023
MY-CONLBBL02-W,Order Management,Alignment NPD/PIPO,Alignment NPD/PIPO,23,2023
MY-CONLBBL03-W,Order Management,Alignment NPD/PIPO,Alignment NPD/PIPO,23,2023
MY-CONPTCL01-MO,Order Management,Alignment NPD/PIPO,Alignment NPD/PIPO,23,2023
MY-CONPTCL02-MO,Order Management,Alignment NPD/PIPO,Alignment NPD/PIPO,23,2023
MY-CONPTCL03-MO,Order Management,Alignment NPD/PIPO,Alignment NPD/PIPO,23,2023
MY-CONRLBBL01-W,Order Management,Alignment NPD/PIPO,Alignment NPD/PIPO,23,2023
MY-CONRLBBL02-W,Order Management,Alignment NPD/PIPO,Alignment NPD/PIPO,23,2023
MY-CONSMULCA-EM,,,,23,2023
MY-CONSMULCB-EM,Demand Opportunity,Over Perform,Over Perform,23,2023
MY-CONSMULCC-EM,,,,23,2023
MY-CUS-IPB-W,,,,23,2023
MY-CUS-IPD-W,,,,23,2023
MY-CUSCLCA-W,,,,23,2023
MY-CUSCLCB-W,,,,23,2023
MY-CUSCLCC-W,,,,23,2023
MY-CUSCLCD-W,,,,23,2023
MY-CUSCLCE-W,,,,23,2023
MY-CUSCLCF-W,,,,23,2023
MY-CUSCLCG-W,,,,23,2023
MY-CUSCLCH-W,,,,23,2023
MY-CUSDM01-EM,Order Management,Alignment NPD/PIPO,Alignment NPD/PIPO,23,2023
MY-CUSDM02-EM,Order Management,Alignment NPD/PIPO,Alignment NPD/PIPO,23,2023
MY-CUSDM03-EM,Order Management,Alignment NPD/PIPO,Alignment NPD/PIPO,23,2023
MY-CUSDM04-EM,Order Management,Alignment NPD/PIPO,Alignment NPD/PIPO,23,2023
MY-CUSDM05-EM,Order Management,Alignment NPD/PIPO,Alignment NPD/PIPO,23,2023
MY-CUSDM06-EM,Order Management,Alignment NPD/PIPO,Alignment NPD/PIPO,23,2023
MY-CUSHLGCC31-MO,Order Management,Alignment NPD/PIPO,Alignment NPD/PIPO,23,2023
MY-CUSHLGCC41-MO,Order Management,Alignment NPD/PIPO,Alignment NPD/PIPO,23,2023
MY-CUSHLGCC51-MO,Order Management,Alignment NPD/PIPO,Alignment NPD/PIPO,23,2023
MY-CUSHLGCC62-MO,,,,23,2023
MY-CUSHLGCN20-MO,Order Management,Alignment NPD/PIPO,Alignment NPD/PIPO,23,2023
MY-CUSHLGCN40-MO,Order Management,Alignment NPD/PIPO,Alignment NPD/PIPO,23,2023
MY-CUSHLGCW12-MO,Order Management,Alignment NPD/PIPO,Alignment NPD/PIPO,23,2023
MY-CUSHLGCW21-MO,Order Management,Alignment NPD/PIPO,Alignment NPD/PIPO,23,2023
MY-CUSHLGCW30-MO,Order Management,Alignment NPD/PIPO,Alignment NPD/PIPO,23,2023
MY-CUSHLGCW32-MO,Order Management,Alignment NPD/PIPO,Alignment NPD/PIPO,23,2023
MY-CUSHLGCW50-MO,Order Management,Alignment NPD/PIPO,Alignment NPD/PIPO,23,2023
MY-CUSHLGCW60-MO,Order Management,Alignment NPD/PIPO,Alignment NPD/PIPO,23,2023
MY-CUSHLGN10-MO,Order Management,Alignment NPD/PIPO,Alignment NPD/PIPO,23,2023
MY-CUSHLGNC21-MO,Order Management,Alignment NPD/PIPO,Alignment NPD/PIPO,23,2023
MY-CUSHLGNN30-MO,Order Management,Alignment NPD/PIPO,Alignment NPD/PIPO,23,2023
MY-CUSHLGNN50-MO,Order Management,Alignment NPD/PIPO,Alignment NPD/PIPO,23,2023
MY-CUSHLGNW22-MO,Order Management,Alignment NPD/PIPO,Alignment NPD/PIPO,23,2023
MY-CUSHLGNW33-MO,Order Management,Alignment NPD/PIPO,Alignment NPD/PIPO,23,2023
MY-CUSHLGNW41-MO,Order Management,Alignment NPD/PIPO,Alignment NPD/PIPO,23,2023
MY-CUSHLGNW42-MO,Order Management,Alignment NPD/PIPO,Alignment NPD/PIPO,23,2023
MY-CUSIPA-W,,,,23,2023
MY-CUSIPC-W,,,,23,2023
MY-CUSIPE-W,,,,23,2023
MY-CUSIPF-W,,,,23,2023
MY-CUSPDMCC21-MO,,,,23,2023
MY-CUSPDMCC31-MO,,,,23,2023
MY-CUSPDMCC41-MO,,,,23,2023
MY-CUSPDMCC51-MO,,,,23,2023
MY-CUSPDMCC62-MO,,,,23,2023
MY-CUSPDMCN10-MO,,,,23,2023
MY-CUSPDMCN20-MO,,,,23,2023
MY-CUSPDMCN30-MO,,,,23,2023
MY-CUSPDMCN40-MO,,,,23,2023
MY-CUSPDMCN50-MO,,,,23,2023
MY-CUSPDMCW12-MO,,,,23,2023
MY-CUSPDMCW21-MO,,,,23,2023
MY-CUSPDMCW22-MO,,,,23,2023
MY-CUSPDMCW30-MO,,,,23,2023
MY-CUSPDMCW32-MO,,,,23,2023
MY-CUSPDMCW33-MO,,,,23,2023
MY-CUSPDMCW41-MO,,,,23,2023
MY-CUSPDMCW42-MO,,,,23,2023
MY-CUSPDMCW50-MO,,,,23,2023
MY-CUSPDMCW60-MO,,,,23,2023
MY-CUSR2EFC01-W,,,,23,2023
MY-CUSR2EFC02-W,Supply,Material,,23,2023
MY-CUSR2EFC03-W,Supply,Production Capacity,Machine Capacity,23,2023
MY-CUSR2EFC04-W,Supply,Production Capacity,Machine Capacity,23,2023
MY-DRO01-KA,,,,23,2023
MY-DRO02-KA,,,,23,2023
MY-DRRO-KA,,,,23,2023
MY-EBABBL-EM,Supply,Packaging Material,,23,2023
MY-EBABBR-EM,Supply,Packaging Material,,23,2023
MY-EBDK01-MO,Order Management,Alignment NPD/PIPO,Alignment NPD/PIPO,23,2023
MY-EBDK02-MO,Order Management,Alignment NPD/PIPO,Alignment NPD/PIPO,23,2023
MY-EBEXPMBD01-W,Demand Opportunity,Over Perform,,23,2023
MY-EBEXPMBD02-W,Demand Opportunity,Over Perform,,23,2023
MY-EBEXPMBD03-W,Demand Opportunity,Over Perform,,23,2023
MY-EBIPEM01-W,,,,23,2023
MY-EBIPEM02-W,,,,23,2023
MY-EBIPEM03-W,Order Management,Alignment NPD/PIPO,Alignment NPD/PIPO,23,2023
MY-EBIPEM04-W,Order Management,Alignment NPD/PIPO,Alignment NPD/PIPO,23,2023
MY-EBIPEM05-W,Order Management,Alignment NPD/PIPO,Alignment NPD/PIPO,23,2023
MY-EBREPBL-W,,,,23,2023
MY-EBREPBR-W,,,,23,2023
MY-EBRIPBA-W,,,,23,2023
MY-EBRIPBB-W,,,,23,2023
MY-EBRIPEM01-W,Order Management,Alignment NPD/PIPO,Alignment NPD/PIPO,23,2023
MY-EBRIPEM02-W,Order Management,Alignment NPD/PIPO,Alignment NPD/PIPO,23,2023
MY-EBSMUEMA-EM,Demand Opportunity,Over Perform,,23,2023
MY-EBSMUEMB-EM,Demand Opportunity,Packaging Material,,23,2023
MY-EBSMUEMC-EM,Demand Opportunity,Over Perform,,23,2023
MY-EBTS-EM,,,,23,2023
MY-ECRRYAG-W,,,,23,2023
MY-ECRWSB-W,,,,23,2023
MY-ELEDPBL-EM,Demand Opportunity,Over Perform,,23,2023
MY-ELEDPBR-EM,Demand Opportunity,Alignment NPD/PIPO,Alignment NPD/PIPO,23,2023
MY-ELELT-EM,,,,23,2023
MY-ELEXPELB-W,,,,23,2023
MY-ELHBS-MO,,,,23,2023
MY-ELIPHBR-W,,,,23,2023
MY-ELPBJ-MO,Order Management,Alignment NPD/PIPO,Alignment NPD/PIPO,23,2023
MY-ELR2IPHPB-W,Order Management,Alignment NPD/PIPO,Alignment NPD/PIPO,23,2023
MY-ESCLPNB-W,,,,23,2023
MY-ESCLPPB-W,,,,23,2023
MY-ESCLPWP-W,,,,23,2023
MY-ESIPA-W,Order Management,Alignment NPD/PIPO,Alignment NPD/PIPO,23,2023
MY-ESIPB-W,Order Management,Alignment NPD/PIPO,Alignment NPD/PIPO,23,2023
MY-ESPARR-MO,,,,23,2023
MY-ESPAUB-MO,,,,23,2023
MY-ESPRPBK-EM,,,,23,2023
MY-ESPRPGI-EM,,,,23,2023
MY-ESPRPNS-EM,Demand Opportunity,Packaging Material,,23,2023
MY-ESPRPPH-EM,Demand Opportunity,Packaging Material,,23,2023
MY-ESTEB-MO,Order Management,Alignment NPD/PIPO,Alignment NPD/PIPO,23,2023
MY-ESTGE-MO,Order Management,Alignment NPD/PIPO,Alignment NPD/PIPO,23,2023
MY-ESTIS-MO,Order Management,Alignment NPD/PIPO,Alignment NPD/PIPO,23,2023
MY-FACLFLMHCP-W,,,,23,2023
MY-FACLFMDHCP-W,,,,23,2023
MY-FAEGH-W,,,,23,2023
MY-FAIPLGH01-W,Distribution,Distribution,Distribution,23,2023
MY-FAIPLGH02-W,,,,23,2023
MY-FAPFMS-MO,,,,23,2023
MY-FAUGHP-MO,Order Management,Alignment NPD/PIPO,Alignment NPD/PIPO,23,2023
MY-FBWMM01-EM,,,,23,2023
MY-FBWMM02-EM,,,,23,2023
MY-FBWMM03-EM,,,,23,2023
MY-FBWMM04-EM,,,,23,2023
MY-FCLCMA-W,,,,23,2023
MY-FCLCMB-W,,,,23,2023
MY-FCLCMC-W,,,,23,2023
MY-FCLCMD-W,,,,23,2023
MY-FCLCME-W,,,,23,2023
MY-FCLCMF-W,,,,23,2023
MY-FCLCMG-W,,,,23,2023
MY-FCLCMH-W,,,,23,2023
MY-FHGFC21-MO,Order Management,Alignment NPD/PIPO,Alignment NPD/PIPO,23,2023
MY-FHGFN10-MO,Order Management,Alignment NPD/PIPO,Alignment NPD/PIPO,23,2023
MY-FHGFN30-MO,,,,23,2023
MY-FHGFW22-MO,Order Management,Alignment NPD/PIPO,Alignment NPD/PIPO,23,2023
MY-FHGFW33-MO,,,,23,2023
MY-FHGFW41-MO,,,,23,2023
MY-FHGFW42-MO,,,,23,2023
MY-FHGFW50-MO,,,,23,2023
MY-FIPSF11-W,,,,23,2023
MY-FIPSF12-W,,,,23,2023
MY-FIPSF13-W,,,,23,2023
MY-FIPSF14-W,,,,23,2023
MY-FIPSF15-W,,,,23,2023
MY-FIPSF16-W,,,,23,2023
MY-FLLF01-W,Order Management,Alignment NPD/PIPO,Alignment NPD/PIPO,23,2023
MY-FLLF02-W,Order Management,Alignment NPD/PIPO,Alignment NPD/PIPO,23,2023
MY-FLLF03-W,Order Management,Alignment NPD/PIPO,Alignment NPD/PIPO,23,2023
MY-FLLF04-W,,,,23,2023
MY-FLLF05-W,Order Management,Alignment NPD/PIPO,Alignment NPD/PIPO,23,2023
MY-FLLF06-W,Order Management,Alignment NPD/PIPO,Alignment NPD/PIPO,23,2023
MY-FLUC01-MO,Order Management,Alignment NPD/PIPO,Alignment NPD/PIPO,23,2023
MY-FLUC02-MO,Order Management,Alignment NPD/PIPO,Alignment NPD/PIPO,23,2023
MY-FLUC03-MO,Order Management,Alignment NPD/PIPO,Alignment NPD/PIPO,23,2023
MY-FLUC04-MO,Order Management,Alignment NPD/PIPO,Alignment NPD/PIPO,23,2023
MY-FLUC05-MO,Order Management,Alignment NPD/PIPO,Alignment NPD/PIPO,23,2023
MY-FLUC06-MO,Order Management,Alignment NPD/PIPO,Alignment NPD/PIPO,23,2023
MY-FLUC07-MO,Order Management,Alignment NPD/PIPO,Alignment NPD/PIPO,23,2023
MY-FLUC08-MO,Order Management,Alignment NPD/PIPO,Alignment NPD/PIPO,23,2023
MY-FLUC09-MO,Order Management,Alignment NPD/PIPO,Alignment NPD/PIPO,23,2023
MY-FMAIS-EM,,,,23,2023
MY-FMCDS-W,,,,23,2023
MY-FMCMB-EM,,,,23,2023
MY-FMCMSC-EM,,,,23,2023
MY-FMCMSS-EM,,,,23,2023
MY-FMIAV-EM,,,,23,2023
MY-FMIBR-L,,,,23,2023
MY-FMILGT-W,,,,23,2023
MY-FMMBLU-EM,,,,23,2023
MY-FMMCAC-EM,,,,23,2023
MY-FMMCHAR-EM,,,,23,2023
MY-FMMGRA-EM,,,,23,2023
MY-FMMPO-EM,,,,23,2023
MY-FMMRI-EM,,,,23,2023
MY-FMMTTO-EM,,,,23,2023
MY-FMPBTUWC-W,Order Management,Alignment NPD/PIPO,Alignment NPD/PIPO,23,2023
MY-FMRLN2-W,,,,23,2023
MY-FRLLF01-W,Order Management,Alignment NPD/PIPO,Alignment NPD/PIPO,23,2023
MY-FRLLF02-W,,,,23,2023
MY-FRLLF03-W,Order Management,Alignment NPD/PIPO,Alignment NPD/PIPO,23,2023
MY-FRLLF04-W,Order Management,Alignment NPD/PIPO,Alignment NPD/PIPO,23,2023
MY-FRRELF01-W,,,,23,2023
MY-FRRELF02-W,,,,23,2023
MY-FRRELF03-W,,,,23,2023
MY-FRRELF04-W,,,,23,2023
MY-FRRRELF05-W,Demand Opportunity,Packaging Material,,23,2023
MY-FRVLPWC21-MO,,,,23,2023
MY-FRVLPWC41-MO,,,,23,2023
MY-FRVLPWC51-MO,Supply,Packaging Material,,23,2023
MY-FRVLPWC62-MO,,,,23,2023
MY-FRVLPWFC31-MO,,,,23,2023
MY-FRVLPWN10-MO,,,,23,2023
MY-FRVLPWN20-MO,,,,23,2023
MY-FRVLPWN30-MO,,,,23,2023
MY-FRVLPWN40-MO,,,,23,2023
MY-FRVLPWN50-MO,,,,23,2023
MY-FRVLPWW12-MO,,,,23,2023
MY-FRVLPWW21-MO,,,,23,2023
MY-FRVLPWW22-MO,,,,23,2023
MY-FRVLPWW30-MO,,,,23,2023
MY-FRVLPWW32-MO,,,,23,2023
MY-FRVLPWW33-MO,,,,23,2023
MY-FRVLPWW41-MO,,,,23,2023
MY-FRVLPWW42-MO,,,,23,2023
MY-FRVLPWW50-MO,,,,23,2023
MY-FRVLPWW60-MO,,,,23,2023
MY-FSAJ-EM,,,,23,2023
MY-FSBSFS-EM,Order Management,Alignment NPD/PIPO,Alignment NPD/PIPO,23,2023
MY-FSNFSGE-KA,,,,23,2023
MY-FSRLN2-W,,,,23,2023
MY-FTAN1-EM,,,,23,2023
MY-FTBSE-EM,,,,23,2023
MY-FTBST-EM,Demand Opportunity,Packaging Material,,23,2023
MY-FTCHG-W,Order Management,Alignment NPD/PIPO,Alignment NPD/PIPO,23,2023
MY-FTGSEH-L,,,,23,2023
MY-FTKFT-KA,,,,23,2023
MY-FTLFT-W,,,,23,2023
MY-FTNDATE-W,,,,23,2023
MY-FTNFSKFT-KA,,,,23,2023
MY-FTPHASN2-EM,Order Management,Alignment NPD/PIPO,Alignment NPD/PIPO,23,2023
MY-FTRBST-EM,Order Management,Alignment NPD/PIPO,Alignment NPD/PIPO,23,2023
MY-FTRIHT-W,,,,23,2023
MY-FTRWSABHA-W,,,,23,2023
MY-FTSBFT-EM,,,,23,2023
MY-FW3IN1PC-KA,,,,23,2023
MY-FWA-W,,,,23,2023
MY-FWAN1-EM,Supply,Packaging Material,,23,2023
MY-FWBSACNE-EM,,,,23,2023
MY-FWBSN2-EM,Demand Opportunity,Alignment NPD/PIPO,Alignment NPD/PIPO,23,2023
MY-FWBSW-EM,Demand Opportunity,Over Perform,,23,2023
MY-FWCDEWN2-W,,,,23,2023
MY-FWCFW100-W,,,,23,2023
MY-FWFW01-KA,Demand Opportunity,Over Perform,Over Perform,23,2023
MY-FWGS-L,,,,23,2023
MY-FWGSN2-L,,,,23,2023
MY-FWLMGWN2-W,,,,23,2023
MY-FWLWFN2-W,,,,23,2023
MY-FWNFS3IN1PC-KA,,,,23,2023
MY-FWNFSPCSAC8-KA,,,,23,2023
MY-FWNFSPCSRB8-KA,,,,23,2023
MY-FWPBNW100-W,,,,23,2023
MY-FWPCSAC-KA,Demand Opportunity,Over Perform,,23,2023
MY-FWPCSRB-KA,Demand Opportunity,Over Perform,,23,2023
MY-FWPHASN2-EM,,,,23,2023
MY-FWRBSN2-EM,Order Management,Alignment NPD/PIPO,Alignment NPD/PIPO,23,2023
MY-FWRCDEWN2-W,,,,23,2023
MY-FWRCDN2-W,,,,23,2023
MY-FWRHMF-W,,,,23,2023
MY-FWRLMGWN2-W,,,,23,2023
MY-FWRLN1-W,,,,23,2023
MY-FWRLWFN2-W,,,,23,2023
MY-FWRPBCFLO100-W,,,,23,2023
MY-FWRPBCFLS100-W,,,,23,2023
MY-FWRPHAS-EM,,,,23,2023
MY-FWRRYAG-W,,,,23,2023
MY-FWRWSABHA-W,,,,23,2023
MY-FWSBRDBL-EM,,,,23,2023
MY-FWSBRDBR-EM,,,,23,2023
MY-HBLAVG-EM,,,,23,2023
MY-HBLRAHMG-W,,,,23,2023
MY-HBWEB-KA,,,,23,2023
MY-HBWNFSEBW-KA,,,,23,2023
MY-HBWNFSRBW-KA,,,,23,2023
MY-HBWR-KA,,,,23,2023
MY-LBLMMC-EM,Demand Opportunity,Production Capacity,Machine Capacity,23,2023
MY-LBLMOR-EM,Supply,Raw Material,,23,2023
MY-LBLMPB-EM,Supply,Packaging Material,,23,2023
MY-LBLMPR-EM,Supply,Raw Material,,23,2023
MY-LBSR-EM,,,,23,2023
MY-LBSTSPB-EM,,,,23,2023
MY-LBSTSPC-EM,,,,23,2023
MY-LCM01-EM,Demand Opportunity,Production Capacity,Machine Capacity,23,2023
MY-LCM02-EM,Demand Opportunity,Packaging Material,,23,2023
MY-LCM03-EM,Order Management,Alignment NPD/PIPO,Alignment NPD/PIPO,23,2023
MY-LCM04-EM,,,,23,2023
MY-LCM05-EM,Order Management,Alignment NPD/PIPO,Alignment NPD/PIPO,23,2023
MY-LCM06-EM,Order Management,Alignment NPD/PIPO,Alignment NPD/PIPO,23,2023
MY-LCM07-EM,Order Management,Alignment NPD/PIPO,Alignment NPD/PIPO,23,2023
MY-LCM08-EM,Demand Opportunity,Packaging Material,,23,2023
MY-LCM09-EM,Order Management,Alignment NPD/PIPO,Alignment NPD/PIPO,23,2023
MY-LCM10-EM,Order Management,Alignment NPD/PIPO,Alignment NPD/PIPO,23,2023
MY-LCM11-EM,Order Management,Alignment NPD/PIPO,Alignment NPD/PIPO,23,2023
MY-LCM12-EM,Demand Opportunity,Packaging Material,,23,2023
MY-LCM13-EM,Demand Opportunity,Alignment NPD/PIPO,Alignment NPD/PIPO,23,2023
MY-LCM14-EM,Demand Opportunity,Alignment NPD/PIPO,Alignment NPD/PIPO,23,2023
MY-LCM15-EM,Supply,Production Capacity,Machine Capacity,23,2023
MY-LCSMC101-MO,Order Management,Alignment NPD/PIPO,Alignment NPD/PIPO,23,2023
MY-LCSMC102-MO,Order Management,Alignment NPD/PIPO,Alignment NPD/PIPO,23,2023
MY-LCSMC103-MO,Order Management,Alignment NPD/PIPO,Alignment NPD/PIPO,23,2023
MY-LCSMC104-MO,Order Management,Alignment NPD/PIPO,Alignment NPD/PIPO,23,2023
MY-LCSMC105-MO,Order Management,Alignment NPD/PIPO,Alignment NPD/PIPO,23,2023
MY-LCUM01-W,,,,23,2023
MY-LCUM02-W,,,,23,2023
MY-LCUM03-W,,,,23,2023
MY-LCUM04-W,,,,23,2023
MY-LCUM05-W,,,,23,2023
MY-LCUM06-W,,,,23,2023
MY-LCUM07-W,,,,23,2023
MY-LCUM08-W,,,,23,2023
MY-LCUSH01-EM,,,,23,2023
MY-LCUSH02-EM,,,,23,2023
MY-LCUSH03-EM,,,,23,2023
MY-LCUSH04-EM,,,,23,2023
MY-LCUSH05-EM,,,,23,2023
MY-LCVM01CLB-W,,,,23,2023
MY-LCVM02CLB-W,Order Management,Alignment NPD/PIPO,Alignment NPD/PIPO,23,2023
MY-LCVM03CLB-W,,,,23,2023
MY-LCVM04CLB-W,,,,23,2023
MY-LCVM05CLB-W,,,,23,2023
MY-LCVM06CLB-W,,,,23,2023
MY-LCVM07CLB-W,,,,23,2023
MY-LCVM08CLB-W,,,,23,2023
MY-LCVM09-W,,,,23,2023
MY-LCVM10-W,,,,23,2023
MY-LCVM11-W,,,,23,2023
MY-LCVM12-W,,,,23,2023
MY-LCVM13-W,Demand Opportunity,Packaging Material,,23,2023
MY-LCVM14-W,,,,23,2023
MY-LEMC01DP-W,,,,23,2023
MY-LEMC02DP-W,,,,23,2023
MY-LEMC03DP-W,,,,23,2023
MY-LEMC04DP-W,,,,23,2023
MY-LEMC05DP-W,,,,23,2023
MY-LEMC06DP-W,,,,23,2023
MY-LEMC07DP-W,,,,23,2023
MY-LEMC08DP-W,,,,23,2023
MY-LEMC09DP-W,,,,23,2023
MY-LEMC10DP-W,,,,23,2023
MY-LEMC11DP-W,,,,23,2023
MY-LEMC12DP-W,Demand Opportunity,Alignment NPD/PIPO,Alignment NPD/PIPO,23,2023
MY-LEMC13DP-W,,,,23,2023
MY-LEMC14DP-W,,,,23,2023
MY-LEMC15DP-W,,,,23,2023
MY-LEMC16DP-W,,,,23,2023
MY-LEMC17DP-W,Order Management,Alignment NPD/PIPO,Alignment NPD/PIPO,23,2023
MY-LEMC18DP-W,,,,23,2023
MY-LEMCA-W,,,,23,2023
MY-LEMCB-W,,,,23,2023
MY-LEMCC-W,,,,23,2023
MY-LEMCD-W,,,,23,2023
MY-LEMCE-W,,,,23,2023
MY-LEMCF-W,,,,23,2023
MY-LGS01-EM,,,,23,2023
MY-LGS02-EM,Order Management,Alignment NPD/PIPO,Alignment NPD/PIPO,23,2023
MY-LGS03-EM,Order Management,Alignment NPD/PIPO,Alignment NPD/PIPO,23,2023
MY-LGS04-EM,Supply,Material,,23,2023
MY-LGS05-EM,Order Management,Alignment NPD/PIPO,Alignment NPD/PIPO,23,2023
MY-LGS06-EM,Order Management,Alignment NPD/PIPO,Alignment NPD/PIPO,23,2023
MY-LGS07-EM,Order Management,Alignment NPD/PIPO,Alignment NPD/PIPO,23,2023
MY-LGS08-EM,Order Management,Alignment NPD/PIPO,Alignment NPD/PIPO,23,2023
MY-LGS09-EM,Order Management,Alignment NPD/PIPO,Alignment NPD/PIPO,23,2023
MY-LGS10-EM,Order Management,Alignment NPD/PIPO,Alignment NPD/PIPO,23,2023
MY-LHSLWA-MO,,,,23,2023
MY-LHSLWB-MO,,,,23,2023
MY-LHSLWC-MO,,,,23,2023
MY-LHSLWD-MO,,,,23,2023
MY-LHSLWE-MO,,,,23,2023
MY-LHSLWF-MO,,,,23,2023
MY-LHSLWG-MO,,,,23,2023
MY-LHSLWH-MO,,,,23,2023
MY-LHSLWI-MO,,,,23,2023
MY-LHSLWJ-MO,Order Management,Alignment NPD/PIPO,Alignment NPD/PIPO,23,2023
MY-LHSLWK-MO,Order Management,Alignment NPD/PIPO,Alignment NPD/PIPO,23,2023
MY-LHSLWL-MO,Order Management,Alignment NPD/PIPO,Alignment NPD/PIPO,23,2023
MY-LIMC003-MO,Order Management,Alignment NPD/PIPO,Alignment NPD/PIPO,23,2023
MY-LIMC004-MO,Order Management,Alignment NPD/PIPO,Alignment NPD/PIPO,23,2023
MY-LIMC005-MO,Order Management,Alignment NPD/PIPO,Alignment NPD/PIPO,23,2023
MY-LIMC008-MO,Order Management,Alignment NPD/PIPO,Alignment NPD/PIPO,23,2023
MY-LIMC009-MO,Order Management,Alignment NPD/PIPO,Alignment NPD/PIPO,23,2023
MY-LIMC011-MO,Order Management,Alignment NPD/PIPO,Alignment NPD/PIPO,23,2023
MY-LIMC013-MO,Order Management,Alignment NPD/PIPO,Alignment NPD/PIPO,23,2023
MY-LIMC016-MO,Order Management,Alignment NPD/PIPO,Alignment NPD/PIPO,23,2023
MY-LIMC018-MO,Order Management,Alignment NPD/PIPO,Alignment NPD/PIPO,23,2023
MY-LIMC019-MO,Order Management,Alignment NPD/PIPO,Alignment NPD/PIPO,23,2023
MY-LLACL01-MO,Order Management,Alignment NPD/PIPO,Alignment NPD/PIPO,23,2023
MY-LLACL02-MO,Order Management,Alignment NPD/PIPO,Alignment NPD/PIPO,23,2023
MY-LLACL05-MO,Order Management,Alignment NPD/PIPO,Alignment NPD/PIPO,23,2023
MY-LLLS01-EM,Demand Opportunity,Over Perform,Over Perform,23,2023
MY-LLLS02-EM,Demand Opportunity,Over Perform,Over Perform,23,2023
MY-LLLS03-EM,Demand Opportunity,Packaging Material,,23,2023
MY-LLLS04-EM,Demand Opportunity,Production Capacity,Machine Capacity,23,2023
MY-LNLCA-EM,Order Management,Alignment NPD/PIPO,Alignment NPD/PIPO,23,2023
MY-LNLCB-EM,Supply,Packaging Material,,23,2023
MY-LNLCC-EM,Supply,Packaging Material,,23,2023
MY-LNLCD-EM,Supply,Packaging Material,,23,2023
MY-LNLCE-EM,Order Management,Alignment NPD/PIPO,Alignment NPD/PIPO,23,2023
MY-LPGTC-MO,,,,23,2023
MY-LPTMC01-MO,,,,23,2023
MY-LPTMC02-MO,,,,23,2023
MY-LPTMC03-MO,,,,23,2023
MY-LPTMC04-MO,,,,23,2023
MY-LPTMC05-MO,,,,23,2023
MY-LPTMC06-MO,,,,23,2023
MY-LPTMC07-MO,,,,23,2023
MY-LPTMC08-MO,,,,23,2023
MY-LPTMCA-MO,,,,23,2023
MY-LPTMCB-MO,,,,23,2023
MY-LPTMCC-MO,,,,23,2023
MY-LPTMCD-MO,,,,23,2023
MY-LR2EMC01-W,,,,23,2023
MY-LR2EMC03-W,,,,23,2023
MY-LR2EMC05-W,,,,23,2023
MY-LR2EMC06-W,,,,23,2023
MY-LR2EMC07-W,,,,23,2023
MY-LR2EMC08-W,,,,23,2023
MY-LR2EMC09-W,,,,23,2023
MY-LR2EMC10-W,,,,23,2023
MY-LR2EMC11-W,,,,23,2023
MY-LR2EMC13-W,,,,23,2023
MY-LR2EMC14-W,,,,23,2023
MY-LR2EMC17-W,,,,23,2023
MY-LRGS01-EM,,,,23,2023
MY-LRGS02-EM,,,,23,2023
MY-LRGS03-EM,,,,23,2023
MY-LRGS04-EM,,,,23,2023
MY-LRGS05-EM,,,,23,2023
MY-LRIPEI01-W,,,,23,2023
MY-LRIPEI02-W,,,,23,2023
MY-LRIPEI03-W,,,,23,2023
MY-LRIPEI04-W,,,,23,2023
MY-LRIPEI05-W,,,,23,2023
MY-LRIPEI06-W,,,,23,2023
MY-LRIPEI07-W,,,,23,2023
MY-LRIPEI08-W,,,,23,2023
MY-LRRIPLMP01-W,,,,23,2023
MY-LRRIPLMP02-W,,,,23,2023
MY-LRRIPLMP03-W,,,,23,2023
MY-LRRIPLMP04-W,,,,23,2023
MY-LRRIPLMP05-W,,,,23,2023
MY-LRRIPLMP06-W,,,,23,2023
MY-LRRIPLMP07-W,,,,23,2023
MY-LRRIPLMP08-W,,,,23,2023
MY-LRRIPLMP09-W,,,,23,2023
MY-LSLWCA-W,Demand Opportunity,Alignment NPD/PIPO,Alignment NPD/PIPO,23,2023
MY-LSLWCB-W,,,,23,2023
MY-LSLWCC-W,Order Management,Alignment NPD/PIPO,Alignment NPD/PIPO,23,2023
MY-LSLWCD-W,,,,23,2023
MY-LSLWCE-W,,,,23,2023
MY-LSLWCF-W,,,,23,2023
MY-LSLWCG-W,Supply,Packaging Material,,23,2023
MY-LSLWCH-W,,,,23,2023
MY-LSLWCI-W,,,,23,2023
MY-LSLWCJ-W,Order Management,Alignment NPD/PIPO,Alignment NPD/PIPO,23,2023
MY-LSLWCK-W,,,,23,2023
MY-LSLWCL-W,Demand Opportunity,Packaging Material,,23,2023
MY-LSMULGA-EM,Demand Opportunity,Raw Material,,23,2023
MY-LSMULGB-EM,Demand Opportunity,Production Capacity,Machine Capacity,23,2023
MY-LSMULMA-EM,Demand Opportunity,Over Perform,Over Perform,23,2023
MY-LSMULMB-EM,Demand Opportunity,Over Perform,,23,2023
MY-LSMULMC-EM,Demand Opportunity,Over Perform,Over Perform,23,2023
MY-LSMULMD-EM,Supply,Production Capacity,Machine Capacity,23,2023
MY-LTCR01-EM,Demand Opportunity,Over Perform,,23,2023
MY-LTCR02-EM,,,,23,2023
MY-LTCR03-EM,,,,23,2023
MY-LTCR04-EM,Demand Opportunity,Over Perform,,23,2023
MY-LTCR05-EM,,,,23,2023
MY-LTMP04-EM,Demand Opportunity,Over Perform,Over Perform,23,2023
MY-LTMP05-EM,Demand Opportunity,Over Perform,Over Perform,23,2023
MY-LTMP06-EM,Demand Opportunity,Packaging Material,,23,2023
MY-LTMPSG-EM,Distribution,Distribution,Distribution,23,2023
MY-LTMPSM-EM,Demand Opportunity,Over Perform,,23,2023
MY-LTMPSR-EM,,,,23,2023
MY-MABSE-EM,Order Management,Alignment NPD/PIPO,Alignment NPD/PIPO,23,2023
MY-MALESM-W,,,,23,2023
MY-MAMSCD-W,Order Management,Alignment NPD/PIPO,Alignment NPD/PIPO,23,2023
MY-MAMSL-W,Order Management,Alignment NPD/PIPO,Alignment NPD/PIPO,23,2023
MY-MAMSND-W,Order Management,Alignment NPD/PIPO,Alignment NPD/PIPO,23,2023
MY-MAMTRWS-W,Order Management,Alignment NPD/PIPO,Alignment NPD/PIPO,23,2023
MY-MAN1-EM,,,,23,2023
MY-MARBSE-EM,Order Management,Alignment NPD/PIPO,Alignment NPD/PIPO,23,2023
MY-MASKCLV-EM,,,,23,2023
MY-MASKEL-MO,,,,23,2023
MY-MASKEXPMM-W,Distribution,Distribution,Distribution,23,2023
MY-MASKSLA-EM,,,,23,2023
MY-MASKSMU-EM,Demand Opportunity,Packaging Material,,23,2023
MY-MBRERMC-L,,,,23,2023
MY-MBSACNE-EM,,,,23,2023
MY-MBSC-EM,Order Management,Alignment NPD/PIPO,Alignment NPD/PIPO,23,2023
MY-MBSTUC-EM,Order Management,Alignment NPD/PIPO,Alignment NPD/PIPO,23,2023
MY-MCDMM-W,,,,23,2023
MY-MCSAHG-W,Distribution,Distribution,Distribution,23,2023
MY-MCSAOC-W,,,,23,2023
MY-MCSRRC-W,Distribution,Distribution,Distribution,23,2023
MY-MGSSNG-L,,,,23,2023
MY-MLDCN2-W,,,,23,2023
MY-MLDGN1-W,,,,23,2023
MY-MLNCN2-W,,,,23,2023
MY-MMPNG-EM,Order Management,Alignment NPD/PIPO,Alignment NPD/PIPO,23,2023
MY-MNFSSM01-KA,,,,23,2023
MY-MPBNC20-W,,,,23,2023
MY-MPHAG-EM,,,,23,2023
MY-MPSWC-MO,Order Management,Alignment NPD/PIPO,Alignment NPD/PIPO,23,2023
MY-MRBSC-EM,Order Management,Alignment NPD/PIPO,Alignment NPD/PIPO,23,2023
MY-MRBSTUC-EM,Order Management,Alignment NPD/PIPO,Alignment NPD/PIPO,23,2023
MY-MRCSAHG-W,,,,23,2023
MY-MRCSAOC-W,,,,23,2023
MY-MRCSRRC-W,,,,23,2023
MY-MRHDGN1-W,,,,23,2023
MY-MRHOVN1-W,,,,23,2023
MY-MRPBNS20-W,,,,23,2023
MY-MRPBSPF30-W,Order Management,Alignment NPD/PIPO,Alignment NPD/PIPO,23,2023
MY-MRPHAG-EM,,,,23,2023
MY-MRRYDCN2-W,,,,23,2023
MY-MRRYNCN2-W,,,,23,2023
MY-MRWSDCN2-W,,,,23,2023
MY-MRWSNCN2-W,,,,23,2023
MY-MSM01-KA,Order Management,Alignment NPD/PIPO,Alignment NPD/PIPO,23,2023
MY-MURDIS-EM,,,,23,2023
MY-PBRGSDUV-L,,,,23,2023
MY-PCSTK-W,,,,23,2023
MY-PMAA-W,Order Management,Alignment NPD/PIPO,Alignment NPD/PIPO,23,2023
MY-PMAB-W,Order Management,Alignment NPD/PIPO,Alignment NPD/PIPO,23,2023
MY-PRMPCCGR-MO,Order Management,Alignment NPD/PIPO,Alignment NPD/PIPO,23,2023
MY-PRMPCCLC-MO,Order Management,Alignment NPD/PIPO,Alignment NPD/PIPO,23,2023
MY-PRMPCCPC-MO,Order Management,Alignment NPD/PIPO,Alignment NPD/PIPO,23,2023
MY-PRMPCCYW-MO,Order Management,Alignment NPD/PIPO,Alignment NPD/PIPO,23,2023
MY-PRMPR-EM,Supply,Packaging Material,,23,2023
MY-PRMRRIPSP-W,,,,23,2023
MY-PRMVCPM-MO,,,,23,2023
MY-RAASTG-W,,,,23,2023
MY-RADM-W,,,,23,2023
MY-RAFP-W,,,,23,2023
MY-RANTM-W,,,,23,2023
MY-RAPBB-W,,,,23,2023
MY-RAPFC-W,,,,23,2023
MY-RAPRT-W,,,,23,2023
MY-RBBCEL-W,,,,23,2023
MY-RBBCEN-W,,,,23,2023
MY-RBBCLLN1-W,Order Management,Alignment NPD/PIPO,Alignment NPD/PIPO,23,2023
MY-RBBCLLN2-W,,,,23,2023
MY-RBBCLNN1-W,,,,23,2023
MY-RBBCLNN2-W,,,,23,2023
MY-RBESFBBLP-W,,,,23,2023
MY-RBOA-W,,,,23,2023
MY-RBOC-W,,,,23,2023
MY-RBOE01-W,,,,23,2023
MY-RBOE02-W,,,,23,2023
MY-RDDCCDL-W,,,,23,2023
MY-RDDCCDN-W,,,,23,2023
MY-REBEK-W,,,,23,2023
MY-REBIPB3M01-W,,,,23,2023
MY-REBIPB3M02-W,,,,23,2023
MY-RELBL-W,,,,23,2023
MY-RELEOHB-W,,,,23,2023
MY-RELESL-W,,,,23,2023
MY-RELIPHPB-W,,,,23,2023
MY-REMAMC-W,Order Management,Alignment NPD/PIPO,Alignment NPD/PIPO,23,2023
MY-REMCDAMG-W,Distribution,Distribution,Distribution,23,2023
MY-REMCO-MO,Order Management,Alignment NPD/PIPO,Alignment NPD/PIPO,23,2023
MY-REMLOIMWN2-W,Order Management,Alignment NPD/PIPO,Alignment NPD/PIPO,23,2023
MY-REMNDACN1-W,Order Management,Alignment NPD/PIPO,Alignment NPD/PIPO,23,2023
MY-REMNDACN2-W,Order Management,Alignment NPD/PIPO,Alignment NPD/PIPO,23,2023
MY-REMOIMW-MO,,,,23,2023
MY-REMPBTUMW-W,,,,23,2023
MY-REMRBSMWN1-EM,Demand Opportunity,Alignment NPD/PIPO,Alignment NPD/PIPO,23,2023
MY-REMRCDAMG-W,,,,23,2023
MY-REMRLOIMWN2-W,Order Management,Alignment NPD/PIPO,Alignment NPD/PIPO,23,2023
MY-REMRPBTUMW-W,Order Management,Alignment NPD/PIPO,Alignment NPD/PIPO,23,2023
MY-REMRRBSMWN1-EM,Order Management,Alignment NPD/PIPO,Alignment NPD/PIPO,23,2023
MY-REMSBRMW-EM,,,,23,2023
MY-RESA-W,Demand Opportunity,Packaging Material,,23,2023
MY-RESEP01-W,,,,23,2023
MY-RESEP02-W,,,,23,2023
MY-RESG-W,,,,23,2023
MY-RESI-W,,,,23,2023
MY-RESNCCL-W,,,,23,2023
MY-RESNCPS-W,,,,23,2023
MY-RFMICD-W,,,,23,2023
MY-RFSSB-W,,,,23,2023
MY-RFWAH-W,,,,23,2023
MY-RFWCD-W,,,,23,2023
MY-RFWSB-W,,,,23,2023
MY-RHBLAHMG-W,,,,23,2023
MY-RLBEVFSG-W,,,,23,2023
MY-RLBEVFSS-W,,,,23,2023
MY-RLBEVLNGT-W,,,,23,2023
MY-RLBEVLNH-W,Supply,Packaging Material,,23,2023
MY-RLCVM01-W,,,,23,2023
MY-RLCVM02-W,,,,23,2023
MY-RLCVM03-W,,,,23,2023
MY-RLCVM04-W,,,,23,2023
MY-RLCVM05-W,,,,23,2023
MY-RLCVM06-W,,,,23,2023
MY-RLCVM07-W,,,,23,2023
MY-RLCVM08-W,,,,23,2023
MY-RLEVCL01-W,,,,23,2023
MY-RLEVCL02-W,,,,23,2023
MY-RLEVCL03-W,,,,23,2023
MY-RMAHC-W,,,,23,2023
MY-RMASKEEAL-W,,,,23,2023
MY-RMASKEEPC-W,,,,23,2023
MY-RMASKEEVE-W,,,,23,2023
MY-RMWHPG-W,,,,23,2023
MY-RREMEEM-W,,,,23,2023
MY-RREMSCMWN1-W,Order Management,Alignment NPD/PIPO,Alignment NPD/PIPO,23,2023
MY-RREMSCMWN2-W,,,,23,2023
MY-RSRMCD-W,,,,23,2023
MY-SRMAN1-EM,,,,23,2023
MY-SRMASRM-W,Demand Opportunity,Over Perform,Over Perform,23,2023
MY-SRMASSE-EM,Demand Opportunity,Alignment NPD/PIPO,Alignment NPD/PIPO,23,2023
MY-SRMBRSR-L,,,,23,2023
MY-SRMBSS-EM,Order Management,Alignment NPD/PIPO,Alignment NPD/PIPO,23,2023
MY-SRMCAB-W,Demand Opportunity,Packaging Material,,23,2023
MY-SRMCDSI-W,Order Management,Alignment NPD/PIPO,Alignment NPD/PIPO,23,2023
MY-SRMCLA-W,,,,23,2023
MY-SRMCSAE-W,,,,23,2023
MY-SRMCSRO-W,Demand Opportunity,Over Perform,,23,2023
MY-SRMELB-W,Supply,Packaging Material,,23,2023
MY-SRMFS-KA,,,,23,2023
MY-SRMH-MO,,,,23,2023
MY-SRMMPAOC-EM,Order Management,Alignment NPD/PIPO,Alignment NPD/PIPO,23,2023
MY-SRMNFSFS-KA,,,,23,2023
MY-SRMRABS-KA,,,,23,2023
MY-SRMRBSS-EM,Order Management,Alignment NPD/PIPO,Alignment NPD/PIPO,23,2023
MY-SRMRCAB-W,,,,23,2023
MY-SRMRCSAE-W,,,,23,2023
MY-SRMRCSRO-W,,,,23,2023
MY-SRMRIH-W,Order Management,Alignment NPD/PIPO,Alignment NPD/PIPO,23,2023
MY-SRMRLSAN1-W,,,,23,2023
MY-SRMRRYTEN2-W,,,,23,2023
MY-SRMRRYUMS-W,,,,23,2023
MY-SRMRWSIBS-W,Order Management,Alignment NPD/PIPO,Alignment NPD/PIPO,23,2023
MY-SRMRWSPTEN2-W,,,,23,2023
MY-SRMRWSPTEN4-W,,,,23,2023
MY-SSDUVSDE-L,,,,23,2023
MY-SSPSMU-MO,,,,23,2023
MY-SSRUVSAFEN3-W,,,,23,2023
MY-SSRUVSASP-W,Order Management,Alignment NPD/PIPO,Alignment NPD/PIPO,23,2023
MY-SSRUVSLMS-W,Order Management,Alignment NPD/PIPO,Alignment NPD/PIPO,23,2023
MY-SSSB45-EM,,,,23,2023
MY-SSSB50-EM,Order Management,Alignment NPD/PIPO,Alignment NPD/PIPO,23,2023
MY-SSSBAS-EM,,,,23,2023
MY-SSSBAT30-EM,,,,23,2023
MY-SSSBSP30-EM,,,,23,2023
MY-SSUVSAFEIF-W,Order Management,Alignment NPD/PIPO,Alignment NPD/PIPO,23,2023
MY-SSUVSAMSF-W,,,,23,2023
MY-SSUVSDSIF-W,Order Management,Alignment NPD/PIPO,Alignment NPD/PIPO,23,2023
MY-SSUVSFB-W,Order Management,Alignment NPD/PIPO,Alignment NPD/PIPO,23,2023
MY-SSUVSLMSN-W,Order Management,Alignment NPD/PIPO,Alignment NPD/PIPO,23,2023
MY-TCFC-MO,Order Management,Alignment NPD/PIPO,Alignment NPD/PIPO,23,2023
MY-TCIPPF01-W,,,,23,2023
MY-TCIPPF02-W,,,,23,2023
MY-TCIPPF03-W,,,,23,2023
MY-TCIPPF04-W,,,,23,2023
MY-TCIPPF05-W,,,,23,2023
MY-TCIPPF06-W,,,,23,2023
MY-TCPC01-MO,Order Management,Alignment NPD/PIPO,Alignment NPD/PIPO,23,2023
MY-TCPC02-MO,Order Management,Alignment NPD/PIPO,Alignment NPD/PIPO,23,2023
MY-TCPC03-MO,Order Management,Alignment NPD/PIPO,Alignment NPD/PIPO,23,2023
MY-TCPC04-MO,Order Management,Alignment NPD/PIPO,Alignment NPD/PIPO,23,2023
MY-TCPC05-MO,Order Management,Alignment NPD/PIPO,Alignment NPD/PIPO,23,2023
MY-TCPC06-MO,Order Management,Alignment NPD/PIPO,Alignment NPD/PIPO,23,2023
MY-TCPC07-MO,Order Management,Alignment NPD/PIPO,Alignment NPD/PIPO,23,2023
MY-TCPC08-MO,Order Management,Alignment NPD/PIPO,Alignment NPD/PIPO,23,2023
MY-TCPMC21-MO,,,,23,2023
MY-TCPMC31-MO,,,,23,2023
MY-TCPMC41-MO,,,,23,2023
MY-TCPMC51-MO,,,,23,2023
MY-TCPMC62-MO,,,,23,2023
MY-TCPMN10-MO,,,,23,2023
MY-TCPMN20-MO,,,,23,2023
MY-TCPMN30-MO,,,,23,2023
MY-TCPMN40-MO,,,,23,2023
MY-TCPMN50-MO,,,,23,2023
MY-TCPMW12-MO,,,,23,2023
MY-TCPMW21-MO,,,,23,2023
MY-TCPMW22-MO,Supply,Packaging Material,,23,2023
MY-TCPMW30-MO,,,,23,2023
MY-TCPMW32-MO,,,,23,2023
MY-TCPMW33-MO,,,,23,2023
MY-TCPMW41-MO,,,,23,2023
MY-TCPMW42-MO,,,,23,2023
MY-TCPMW50-MO,,,,23,2023
MY-TCPMW60-MO,,,,23,2023
MY-TCR2E01-W,Distribution,Distribution,Distribution,23,2023
MY-TCR2E02-W,Distribution,Distribution,Distribution,23,2023
MY-TCR2E03-W,,,,23,2023
MY-TCR2E04-W,Distribution,Distribution,Distribution,23,2023
MY-TCR2E05-W,,,,23,2023
MY-TCR3LLF01-W,,,,23,2023
MY-TCR3LLF02-W,,,,23,2023
MY-TCR3LLF03-W,,,,23,2023
MY-TCR3LLF04-W,Order Management,Alignment NPD/PIPO,Alignment NPD/PIPO,23,2023
MY-TCR3LLF05-W,,,,23,2023
MY-TCR3LLF06-W,,,,23,2023
MY-TCR3LLF07-W,,,,23,2023
MY-TCR4LLF01-W,Order Management,Alignment NPD/PIPO,Alignment NPD/PIPO,23,2023
MY-TCR4LLF02-W,Order Management,Alignment NPD/PIPO,Alignment NPD/PIPO,23,2023
MY-TCR4LLF03-W,Order Management,Alignment NPD/PIPO,Alignment NPD/PIPO,23,2023
MY-TCR4LLF04-W,Order Management,Alignment NPD/PIPO,Alignment NPD/PIPO,23,2023
MY-TWCCLFTA-W,,,,23,2023
MY-TWCCLFTB-W,,,,23,2023
MY-TWCCLFTC-W,,,,23,2023
MY-TWCCLFTD-W,,,,23,2023
MY-TWCCLFTE-W,,,,23,2023
MY-TWCCLFTF-W,,,,23,2023
MY-TWCCLFTG-W,Demand Opportunity,Packaging Material,,23,2023
MY-TWCCLFTH-W,,,,23,2023
MY-UVSAFE-W,,,,23,2023
MY-UVSASP-W,,,,23,2023
MY-UVSESG-W,,,,23,2023
MZ-W1M1-W50ML,,,,23,2023
MZ-W1M2-W150ML,,,,23,2023
N-P1L-P450,Supply,Raw Material,,23,2023
N-P1P3P-P240,,,,23,2023
N-P1P3P-P720,,,,23,2023
P-BRGSDUV-L,,,,23,2023
P-CESR-W,,,,23,2023
P-CF24-W,,,,23,2023
P-CGK-W,,,,23,2023
P-CLBOISC-W,Order Management,Alignment NPD/PIPO,Alignment NPD/PIPO,23,2023
P-CSP-W,,,,23,2023
P-CSTK-W,Supply,Packaging Material,,23,2023
P-ETNYAP-W,Order Management,Alignment NPD/PIPO,Alignment NPD/PIPO,23,2023
P-ETNYAY-W,Order Management,Alignment NPD/PIPO,Alignment NPD/PIPO,23,2023
P-ETNYBGRD-W,Order Management,Alignment NPD/PIPO,Alignment NPD/PIPO,23,2023
P-ETNYBPRD-W,Order Management,Alignment NPD/PIPO,Alignment NPD/PIPO,23,2023
P-ETNYBYRD-W,Order Management,Alignment NPD/PIPO,Alignment NPD/PIPO,23,2023
P-FC-KA,Order Management,Alignment NPD/PIPO,Alignment NPD/PIPO,23,2023
P-HBLNFSV1N2-WL,,,,23,2023
P-HBLNFSV2N2-WL,,,,23,2023
P-HBLNFSV4N2-WL,,,,23,2023
P-HBLNFSV5N2-WL,,,,23,2023
P-HJCP2-W,Order Management,Alignment NPD/PIPO,Alignment NPD/PIPO,23,2023
P-HJCP2XG-W,Order Management,Alignment NPD/PIPO,Alignment NPD/PIPO,23,2023
P-HJCP2XG2-W,,,,23,2023
P-HJCP3-W,,,,23,2023
P-HU-KA,,,,23,2023
P-HUXG-KA,,,,23,2023
P-MAA-W,Supply,Packaging Material,,23,2023
P-MAB-W,,,,23,2023
P-NFSBETBWBL-W,,,,23,2023
P-NFSHUXG2-KA,,,,23,2023
P-NFSP1-WL,,,,23,2023
P-NFSP2-WL,,,,23,2023
P-NFSSMEB-KA,,,,23,2023
P-NFSSMOA-KA,,,,23,2023
P-RHDSSK-W,,,,23,2023
P-RPNB23-W,,,,23,2023
P-SCPHF-KA,Order Management,Alignment NPD/PIPO,Alignment NPD/PIPO,23,2023
P-SCPIW-KA,Order Management,Alignment NPD/PIPO,Alignment NPD/PIPO,23,2023
P-SCPRO-KA,Order Management,Alignment NPD/PIPO,Alignment NPD/PIPO,23,2023
P-SCPTB-KA,Order Management,Alignment NPD/PIPO,Alignment NPD/PIPO,23,2023
P-SSHUE-L,,,,23,2023
P-SSHUM-L,,,,23,2023
P-SSOTG-L,,,,23,2023
POM-BHPM-KA,Order Management,Alignment NPD/PIPO,Alignment NPD/PIPO,23,2023
POM-BHPW-KA,Order Management,Alignment NPD/PIPO,Alignment NPD/PIPO,23,2023
PRM-PCCGR-MO,,,,23,2023
PRM-PCCLC-MO,,,,23,2023
PRM-PCCPC-MO,,,,23,2023
PRM-PCCYW-MO,,,,23,2023
PRM-PR-EM20ML,Demand Opportunity,Packaging Material,,23,2023
PRM-PRI01-MO,,,,23,2023
PRM-PRI02-MO,,,,23,2023
PRM-RRIPSP-W,,,,23,2023
PRM-VCPM-MO20ML,,,,23,2023
PUFF-TWC-MO,,,,23,2023
RD-ETAP-W,Order Management,Alignment NPD/PIPO,Alignment NPD/PIPO,23,2023
RD-ETEP-W,Order Management,Alignment NPD/PIPO,Alignment NPD/PIPO,23,2023
RD-ETSU-W,,,,23,2023
REM-AMC-W,Order Management,Alignment NPD/PIPO,Alignment NPD/PIPO,23,2023
REM-CDAMG-W,,,,23,2023
REM-CO-MO,,,,23,2023
REM-EEM-W100ML,,,,23,2023
REM-EEM-W50ML,,,,23,2023
REM-GOC-TA,,,,23,2023
REM-LTWO-EM10ML,,,,23,2023
REM-NDACN1-W,,,,23,2023
REM-NDACN2-W,,,,23,2023
REM-NFSOIMW-MO,,,,23,2023
REM-OIMW-MO,,,,23,2023
REM-R2PBTUMW-W,Order Management,Alignment NPD/PIPO,Alignment NPD/PIPO,23,2023
REM-RBSMWN1-EM,,,,23,2023
REM-RBSMWN2-EM,Order Management,Alignment NPD/PIPO,Alignment NPD/PIPO,23,2023
REM-RLOIMWN1-W,,,,23,2023
REM-RLOIMWN2-W,,,,23,2023
REM-RPBTUMW-W,,,,23,2023
REM-RRBSMWN1-EM,,,,23,2023
REM-RRBSMWN2-EM,Order Management,Alignment NPD/PIPO,Alignment NPD/PIPO,23,2023
REM-SBMW-W100ML,,,,23,2023
REM-SBMW-W240ML,,,,23,2023
REM-SBRMW-EM,,,,23,2023
REM-SBRMWN2-EM,,,,23,2023
S-A1SEC-W,,,,23,2023
S-CSCB01-B,,,,23,2023
S-CSPB01-B,,,,23,2023
S-CSYP01-B,,,,23,2023
S-DFSEC-W,,,,23,2023
S-NFSHFT-W,,,,23,2023
S-NFSSHFT-W,,,,23,2023
S-NSSEC-W,,,,23,2023
S-P1A2-P2,,,,23,2023
S-P1A2-P200,,,,23,2023
S-P1A2-P450,,,,23,2023
S-P1G-P200,,,,23,2023
S-P1L-P2,,,,23,2023
S-P1L-P200,,,,23,2023
S-P1L-P450,,,,23,2023
S-P1SEL2-P450,,,,23,2023
S-P1SRL-P450,,,,23,2023
S-R2A1SEC-W,,,,23,2023
S-R2DFSEC-W,,,,23,2023
S-R2NSSEC-W,,,,23,2023
S-R2USSEC-W,,,,23,2023
S-USSEC-W,,,,23,2023
SGL-P1-P200,,,,23,2023
SHAR-SM-MO,,,,23,2023
SL-P1-P200,,,,23,2023
SRM-ABSR-L,,,,23,2023
SRM-ABST-L,,,,23,2023
SRM-AN1-EM,,,,23,2023
SRM-AN1-OMG,Supply,Production Capacity,Machine Capacity,23,2023
SRM-ASRM-W,,,,23,2023
SRM-ASSE-EM10ML,Order Management,Alignment NPD/PIPO,Alignment NPD/PIPO,23,2023
SRM-BA-WL,,,,23,2023
SRM-BRSR-L,,,,23,2023
SRM-BRSRN2-L,,,,23,2023
SRM-BSS-EM,,,,23,2023
SRM-BSSN2-EM,,,,23,2023
SRM-CAB-W,,,,23,2023
SRM-CD-W17ML,,,,23,2023
SRM-CDSI-W,Order Management,Alignment NPD/PIPO,Alignment NPD/PIPO,23,2023
SRM-CLA-W,,,,23,2023
SRM-CSAE-W,,,,23,2023
SRM-CSRO-W,,,,23,2023
SRM-DB-WL,,,,23,2023
SRM-ELB-W,,,,23,2023
SRM-FS-KA,Demand Opportunity,Material,,23,2023
SRM-H-MO33ML,,,,23,2023
SRM-LSA-W,,,,23,2023
SRM-MP-WL,Order Management,Alignment NPD/PIPO,Alignment NPD/PIPO,23,2023
SRM-MPAOC-EM,,,,23,2023
SRM-NFSCABE-W,,,,23,2023
SRM-NFSCABN2-W,,,,23,2023
SRM-NFSFS-KA,,,,23,2023
SRM-NFSMPAOC-EM,,,,23,2023
SRM-NS-TA,,,,23,2023
SRM-OI-WL,Order Management,Alignment NPD/PIPO,Alignment NPD/PIPO,23,2023
SRM-PB-W,,,,23,2023
SRM-PGN1-OMG,,,,23,2023
SRM-PGN2-OMG,,,,23,2023
SRM-PPAS-MO,,,,23,2023
SRM-PPBS-MO,,,,23,2023
SRM-PPHS-MO,,,,23,2023
SRM-PSDS-MO,,,,23,2023
SRM-PSHS-MO,,,,23,2023
SRM-PSOC-MO,,,,23,2023
SRM-R2WSIBS-W,,,,23,2023
SRM-RABS-KA,,,,23,2023
SRM-RASSE-EM,,,,23,2023
SRM-RBSS-EM,Order Management,Alignment NPD/PIPO,Alignment NPD/PIPO,23,2023
SRM-RBSSN2-EM,,,,23,2023
SRM-RIH-W,Order Management,Alignment NPD/PIPO,Alignment NPD/PIPO,23,2023
SRM-RLSAN1-W,,,,23,2023
SRM-RLSAN2-W,,,,23,2023
SRM-RRIH-W,,,,23,2023
SRM-RRYIS-W,,,,23,2023
SRM-RRYTEN1-W,,,,23,2023
SRM-RRYTEN2-W,,,,23,2023
SRM-RRYUMS-W,,,,23,2023
SRM-RS-TA,,,,23,2023
SRM-RWSIBS-W,Order Management,Alignment NPD/PIPO,Alignment NPD/PIPO,23,2023
SRM-RWSPTEN1-W,,,,23,2023
SRM-RWSPTEN2-W,,,,23,2023
SRM-RWSPTEN4-W,,,,23,2023
SRM-SC-TA,,,,23,2023
SS-DUVSDE-L,,,,23,2023
SS-DUVSDEN2-L,,,,23,2023
SS-NCSW-KA,,,,23,2023
SS-NFSPPUDS-MO,,,,23,2023
SS-NFSSBAT30-EM,,,,23,2023
SS-PPUDS-MO,Order Management,Alignment NPD/PIPO,Alignment NPD/PIPO,23,2023
SS-PSMU-MO,Order Management,Alignment NPD/PIPO,Alignment NPD/PIPO,23,2023
SS-R2UVSASP-W,,,,23,2023
SS-R2UVSLMS-W,,,,23,2023
SS-RPSMUI-MO,Order Management,Alignment NPD/PIPO,Alignment NPD/PIPO,23,2023
SS-RUVSAFEN3-W,Supply,Packaging Material,,23,2023
SS-RUVSASP-W,Order Management,Alignment NPD/PIPO,Alignment NPD/PIPO,23,2023
SS-RUVSLMS-W,Order Management,Alignment NPD/PIPO,Alignment NPD/PIPO,23,2023
SS-SB45-EM,Order Management,Alignment NPD/PIPO,Alignment NPD/PIPO,23,2023
SS-SB50-EM,,,,23,2023
SS-SBAS-EM,Order Management,Alignment NPD/PIPO,Alignment NPD/PIPO,23,2023
SS-SBAT30-EM,,,,23,2023
SS-SBAT30N2-EM,,,,23,2023
SS-SBSP30-EM,,,,23,2023
SS-UVFM1-OMG,,,,23,2023
SS-UVSAFE-W,Supply,Production Capacity,Machine Capacity,23,2023
SS-UVSAFEIF-W,,,,23,2023
SS-UVSAMSF-W,Order Management,Alignment NPD/PIPO,Alignment NPD/PIPO,23,2023
SS-UVSASP-W,,,,23,2023
SS-UVSDSIF-W,Order Management,Alignment NPD/PIPO,Alignment NPD/PIPO,23,2023
SS-UVSDSPB-W,Order Management,Alignment NPD/PIPO,Alignment NPD/PIPO,23,2023
SS-UVSFB-W,,,,23,2023
SS-UVSLMS-W,Supply,Production Capacity,Machine Capacity,23,2023
SS-UVSRMS-W,,,,23,2023
T-CSHT01-B,Order Management,Alignment NPD/PIPO,Alignment NPD/PIPO,23,2023
TC-CPLS01-W,,,,23,2023
TC-CPLS02-W,,,,23,2023
TC-CPLS03-W,,,,23,2023
TC-CPLS04-W,,,,23,2023
TC-FC-MO14G,,,,23,2023
TC-IPPF01-W,,,,23,2023
TC-IPPF02-W,,,,23,2023
TC-IPPF03-W,,,,23,2023
TC-IPPF04-W,,,,23,2023
TC-IPPF05-W,,,,23,2023
TC-IPPF06-W,,,,23,2023
TC-PC01-MO12G,,,,23,2023
TC-PC02-MO12G,,,,23,2023
TC-PC03-MO12G,,,,23,2023
TC-PC04-MO12G,,,,23,2023
TC-PC05-MO12G,,,,23,2023
TC-PC06-MO12G,,,,23,2023
TC-PC07-MO12G,,,,23,2023
TC-PC08-MO12G,,,,23,2023
TC-PMC21-MO12G,,,,23,2023
TC-PMC31-MO,,,,23,2023
TC-PMC41-MO,,,,23,2023
TC-PMC51-MO,,,,23,2023
TC-PMC62-MO12G,,,,23,2023
TC-PMN10-MO12G,,,,23,2023
TC-PMN20-MO,,,,23,2023
TC-PMN30-MO12G,,,,23,2023
TC-PMN40-MO,,,,23,2023
TC-PMN50-MO,,,,23,2023
TC-PMW12-MO,,,,23,2023
TC-PMW21-MO,,,,23,2023
TC-PMW22-MO12G,,,,23,2023
TC-PMW30-MO,,,,23,2023
TC-PMW32-MO,,,,23,2023
TC-PMW33-MO12G,,,,23,2023
TC-PMW41-MO12G,,,,23,2023
TC-PMW42-MO12G,,,,23,2023
TC-PMW50-MO,,,,23,2023
TC-PMW60-MO,,,,23,2023
TC-PPCN-MO3X12G,,,,23,2023
"TC-PPHC-MO8X3,5G",,,,23,2023
TC-R2E01-W,,,,23,2023
TC-R2E02-W,,,,23,2023
TC-R2E03-W,,,,23,2023
TC-R2E04-W,,,,23,2023
TC-R2E05-W,,,,23,2023
TC-R2RE01-W,,,,23,2023
TC-R2RE02-W,,,,23,2023
TC-R2RE03-W,,,,23,2023
TC-R2RE04-W,,,,23,2023
TC-R2RE05-W,,,,23,2023
TC-R3LEC01-W,Order Management,Alignment NPD/PIPO,Alignment NPD/PIPO,23,2023
TC-R3LEC02-W,Order Management,Alignment NPD/PIPO,Alignment NPD/PIPO,23,2023
TC-R3LEC03-W,Order Management,Alignment NPD/PIPO,Alignment NPD/PIPO,23,2023
TC-R3LEC04-W,Order Management,Alignment NPD/PIPO,Alignment NPD/PIPO,23,2023
TC-R3LLF01-W,,,,23,2023
TC-R3LLF02-W,Order Management,Alignment NPD/PIPO,Alignment NPD/PIPO,23,2023
TC-R3LLF03-W,Order Management,Alignment NPD/PIPO,Alignment NPD/PIPO,23,2023
TC-R3LLF04-W,Order Management,Alignment NPD/PIPO,Alignment NPD/PIPO,23,2023
TC-R3LLF05-W,Supply,Production Capacity,Machine Capacity,23,2023
TC-R3LLF06-W,Order Management,Alignment NPD/PIPO,Alignment NPD/PIPO,23,2023
TC-R3LLF07-W,Order Management,Alignment NPD/PIPO,Alignment NPD/PIPO,23,2023
TC-R4LEC01-W,,,,23,2023
TC-R4LEC02-W,,,,23,2023
TC-R4LEC03-W,,,,23,2023
TC-R4LEC04-W,,,,23,2023
TC-R4LLF01-W,,,,23,2023
TC-R4LLF02-W,,,,23,2023
TC-R4LLF03-W,,,,23,2023
TC-R4LLF04-W,,,,23,2023
TC-R4LLF05-W,,,,23,2023
TC-R4LLF06-W,,,,23,2023
TC-R4LLF07-W,,,,23,2023
TC-RIPPF01-W,,,,23,2023
TC-RIPPF02-W,,,,23,2023
TC-RIPPF03-W,,,,23,2023
TC-RIPPF04-W,,,,23,2023
TC-RIPPF05-W,,,,23,2023
TC-RIPPF06-W,,,,23,2023
TC-RPC01-MO12G,,,,23,2023
TC-RPC02-MO12G,,,,23,2023
TC-RPC03-MO12G,,,,23,2023
TC-RPC04-MO12G,,,,23,2023
TC-RPC05-MO12G,,,,23,2023
TC-RPC08-MO12G,,,,23,2023
TC-RPMC21-MO,,,,23,2023
TC-RPMC62-MO,,,,23,2023
TC-RPMN10-MO,,,,23,2023
TC-RPMN20-MO,,,,23,2023
TC-RPMN30-MO,,,,23,2023
TC-RPMN40-MO,,,,23,2023
TC-RPMN50-MO,,,,23,2023
TC-RPMW22-MO,Order Management,Alignment NPD/PIPO,Alignment NPD/PIPO,23,2023
TC-RPMW30-MO,Order Management,Alignment NPD/PIPO,Alignment NPD/PIPO,23,2023
TC-RPMW33-MO,Order Management,Alignment NPD/PIPO,Alignment NPD/PIPO,23,2023
TC-RPMW41-MO,Order Management,Alignment NPD/PIPO,Alignment NPD/PIPO,23,2023
TC-RPMW42-MO,Order Management,Alignment NPD/PIPO,Alignment NPD/PIPO,23,2023
TC-RR3LEC01-W,Order Management,Alignment NPD/PIPO,Alignment NPD/PIPO,23,2023
TC-RR3LEC02-W,Order Management,Alignment NPD/PIPO,Alignment NPD/PIPO,23,2023
TC-RR3LEC03-W,Order Management,Alignment NPD/PIPO,Alignment NPD/PIPO,23,2023
TC-RR3LEC04-W,Supply,Production Capacity,Machine Capacity,23,2023
TC-RR3LLF01-W,Supply,Production Capacity,Machine Capacity,23,2023
TC-RR3LLF02-W,Order Management,Alignment NPD/PIPO,Alignment NPD/PIPO,23,2023
TC-RR3LLF03-W,Order Management,Alignment NPD/PIPO,Alignment NPD/PIPO,23,2023
TC-RR3LLF04-W,Order Management,Alignment NPD/PIPO,Alignment NPD/PIPO,23,2023
TC-RR3LLF05-W,Order Management,Alignment NPD/PIPO,Alignment NPD/PIPO,23,2023
TC-RR3LLF06-W,Order Management,Alignment NPD/PIPO,Alignment NPD/PIPO,23,2023
TC-RR3LLF07-W,Order Management,Alignment NPD/PIPO,Alignment NPD/PIPO,23,2023
TC-RR4LEC01-W,,,,23,2023
TC-RR4LEC02-W,,,,23,2023
TC-RR4LEC03-W,,,,23,2023
TC-RR4LEC04-W,,,,23,2023
TC-RR4LLF01-W,,,,23,2023
TC-RR4LLF02-W,,,,23,2023
TC-RR4LLF03-W,,,,23,2023
TC-RR4LLF04-W,,,,23,2023
TC-RR4LLF05-W,,,,23,2023
TC-RR4LLF06-W,Order Management,Alignment NPD/PIPO,Alignment NPD/PIPO,23,2023
TC-RR4LLF07-W,Order Management,Alignment NPD/PIPO,Alignment NPD/PIPO,23,2023
TC-RVPMC31-MO,Order Management,Alignment NPD/PIPO,Alignment NPD/PIPO,23,2023
TC-RVPMC41-MO,Order Management,Alignment NPD/PIPO,Alignment NPD/PIPO,23,2023
TC-RVPMC51-MO,Order Management,Alignment NPD/PIPO,Alignment NPD/PIPO,23,2023
TC-RVPMW12-MO,Order Management,Alignment NPD/PIPO,Alignment NPD/PIPO,23,2023
TC-RVPMW21-MO,Order Management,Alignment NPD/PIPO,Alignment NPD/PIPO,23,2023
TC-RVPMW32-MO,Order Management,Alignment NPD/PIPO,Alignment NPD/PIPO,23,2023
TC-RVPMW50-MO,Order Management,Alignment NPD/PIPO,Alignment NPD/PIPO,23,2023
TC-RVPMW60-MO,Order Management,Alignment NPD/PIPO,Alignment NPD/PIPO,23,2023
TC-W3ELB2-W12G,,,,23,2023
TC-W3ELI3-W12G,,,,23,2023
TC-W3ELLB1-W12G,,,,23,2023
TC-W3ELLI4-W12G,,,,23,2023
TC-W3RELB2-W12G,,,,23,2023
TC-W3RELI3-W12G,,,,23,2023
TC-W3RELLB1-W12G,,,,23,2023
TC-W3RELLI4-W12G,,,,23,2023
TH-VSKG01-B,,,,23,2023
TH-VSKS01-B,,,,23,2023
TH-VSLS01-B,,,,23,2023
TWC-CLFTA-W,,,,23,2023
TWC-CLFTB-W,,,,23,2023
TWC-CLFTC-W,,,,23,2023
TWC-CLFTD-W,,,,23,2023
TWC-CLFTE-W,,,,23,2023
TWC-CLFTF-W,,,,23,2023
TWC-CLFTG-W,,,,23,2023
TWC-CLFTH-W,,,,23,2023
TWC-CLFTRA-W,,,,23,2023
TWC-CLFTRB-W,,,,23,2023
TWC-CLFTRC-W,,,,23,2023
TWC-CLFTRD-W,,,,23,2023
TWC-CLFTRE-W,,,,23,2023
TWC-CLFTRF-W,,,,23,2023
TWC-CLFTRG-W,,,,23,2023
TWC-CLFTRH-W,,,,23,2023
TWC-EL01-W,,,,23,2023
TWC-EL02-W,,,,23,2023
TWC-EL03-W,,,,23,2023
TWC-EL04-W,,,,23,2023
TWC-EL05-W,,,,23,2023
TWC-EL06-W,,,,23,2023
TWC-OMGD-OMG,,,,23,2023
TWC-OMGL-OMG,,,,23,2023
TWC-OMGM-OMG,,,,23,2023
TWC-TOMGD-OMG,,,,23,2023
TWC-TOMGL-OMG,,,,23,2023
TWC-TOMGM-OMG,,,,23,2023
VIT-NVC-N,,,,23,2023
VIT-NVD3-N,,,,23,2023
VIT-NVE-N,,,,23,2023
WJ-P1WS-P100,,,,23,2023
WL-P1-P100,,,,23,2023