"Last Updated on","Created on","Internal Reference","Korporat Code","Name","Material Type","Unit of Measure/Display Name","Netto Claim","Netto Claim UOM/Display Name","Gross Weight","Master Box - Quantity","Pallet - Quantity","Trolly - Quantity","General Subcategory/Display Name","Brand/Display Name","Lifecycle","Factory/Display Name","Subcategory/Display Name","Format/Display Name","Variant/Display Name","Brand ABC Class","XYZ Class","Destination","Copackaging Routing Type/Display Name","Shrink machine","FG Brand Position/Display Name","Freeze Status","Shelf Life Year","Shelf Life Month","Production Start Date","Distribution Start Date","Purchase Start Date","Net Weight"
"2022-07-18 03:16:54","2022-02-02 09:18:03","04648","EO-OKDS01-B","Beyondly Blend Oil Kit Daily Sinergy 3x10 ml","Finished Goods","Pc(s)","30.0","ml","0.0","0","0","0","Sellable","Beyondly","new product","JTK02","ESSENTIAL OIL","OILS KIT","BEYONDLY BLEND OIL KIT DAILY SINERGY 3X10 ML","A","X","Local","COPACKING","","MASSTIGE","","0","0.0","2022-10-10","2022-11-14","","0.0"
"2022-07-18 03:12:23","2022-02-02 09:25:13","04650","D-DEN01-B","Beyondly Diffuser Eternal 230 ml","Finished Goods","Pc(s)","230.0","ml","0.0","0","0","0","Sellable","Beyondly","new product","JTK06","WELLNESS DEVICES","ELECTRIC DIFFUSER","BEYONDLY DIFFUSER - ETERNAL","A","X","Local","STD","","MASSTIGE","","0","0.0","2022-04-11","2022-11-14","","0.0"
"2022-07-08 10:05:01","2022-01-20 02:45:23","04616","LD-CDFB01-B","Beyondly Fitclair Collagen Drink","Finished Goods","Pc(s)","375.0","ml","0.0","0","0","0","Sellable","Beyondly","new product","JTK06","SUPPLEMENT NUTRITION DRINK","LIQUID","BEYONDLY FITBRIGHT COLLAGEN DRINK","A","X","Local","","","MASSTIGE","","0","0.0","2022-05-09","2022-11-14","","0.0"
"2022-07-15 07:03:21","2022-02-17 09:40:33","04674","P-BA-L","Birthday Package A","Finished Goods","Pc(s)","0.0","g","0.0","0","0","0","Sellable","Labore","new product","JTK06","","","","A","X","Local","","","","","3","0.0","2022-07-18","2022-08-15","","0.0"
"2022-06-20 09:09:02","2021-04-22 02:19:24","01839","CUS-BWM01-EM","Emina Bare With Me Mineral Cushion 01 Light 15 g","Finished Goods","Pc(s)","15.0","g","71.64","0","0","0","Sellable","Emina","to be discontinued","JTK06","FACE MAKE UP","CUSHION","EMINA BARE WITH ME MINERAL CUSHION","B","X","Local","OEMNDC","","MASS","","2","0.0","","","","15.0"
"2022-06-20 09:09:03","2021-04-22 02:19:25","01840","CUS-BWM02-EM","Emina Bare With Me Mineral Cushion 02 Natural 15 g","Finished Goods","Pc(s)","15.0","g","71.64","0","0","0","Sellable","Emina","to be discontinued","JTK06","FACE MAKE UP","CUSHION","EMINA BARE WITH ME MINERAL CUSHION","B","Y","Local","OEMNDC","","MASS","","2","0.0","","","","15.0"
"2022-06-20 09:09:04","2021-04-22 02:19:26","01841","CUS-BWM03-EM","Emina Bare With Me Mineral Cushion 03 Caramel 15 g","Finished Goods","Pc(s)","15.0","g","71.64","0","0","0","Sellable","Emina","to be discontinued","JTK06","FACE MAKE UP","CUSHION","EMINA BARE WITH ME MINERAL CUSHION","C","Y","Local","OEMNDC","","MASS","","2","0.0","","","","15.0"
"2022-07-11 03:29:56","2022-05-30 08:51:20","04804","P-BSFSBSFW-EM","Emina Bundling Bright Stuff Face Scrub 50 ml + Emina Bright Stuff Face Wash 50 ml","Finished Goods","Pc(s)","0.0","g","0.0","0","0","0","Sellable","Emina","new product","JTK06","","","","A","X","Local","","","","","3","0.0","","","","0.0"
"2022-07-11 03:29:57","2022-05-30 08:49:07","04803","P-BSFSSBAT30-EM","Emina Bundling Bright Stuff Face Scrub 50 ml + Emina Sun Battle SPF 30 PA+++ 60 ml","Finished Goods","Pc(s)","0.0","g","0.0","0","0","0","Sellable","Emina","new product","JTK06","","","","A","X","Local","","","","","3","0.0","","","","0.0"
"2022-06-20 09:09:21","2021-04-22 02:21:00","00826","FT-DTM-EM50ML","Emina Double The Moist Face Toner 50 ml (Pc(s))","Finished Goods","Pc(s)","50.0","ml","0.0","56","0","0","Sellable","Emina","existing","JTK02","FACE CLEANSER","TONER","EMINA DOUBLE THE MOIST FACE TONER","C","Z","Local","STD","","MASS","","3","0.0","","","","54.78"
"2022-07-15 07:52:14","2021-04-22 02:39:08","03203","FW-AN1-EM","Emina Natura Pal Gel Cleanser 100 ml","Finished Goods","Pc(s)","100.0","ml","139.0","20","0","0","Sellable","Emina","new product","JTK02","FACE CLEANSER","FACIAL WASH","EMINA NATURA PAL FACE WASH","C","Y","Local","STD","","MASS","","3","0.0","2021-09-20","2021-11-19","2021-06-09","105.17"
"2022-07-18 01:21:05","2021-09-28 07:11:36","04190","TC-RIPPF01-W","Instaperfect Refill Matte Fit Powder Foundation 11 Fair Pink 13 g","Finished Goods","Pc(s)","13.0","g","0.0","0","0","0","Sellable","Instaperfect","new product","JTK01","","","","A","X","Local","STD","","","","3","0.0","2022-08-22","2022-09-12","2021-12-29","13.0"
"2022-07-18 01:19:46","2021-09-28 07:12:27","04191","TC-RIPPF02-W","Instaperfect Refill Matte Fit Powder Foundation 22 Light Ivory 13 g","Finished Goods","Pc(s)","13.0","g","0.0","0","0","0","Sellable","Instaperfect","new product","JTK01","","","","A","X","Local","STD","","","","3","0.0","2022-08-22","2022-09-12","2021-12-29","13.0"
"2022-07-18 01:13:27","2021-09-28 07:13:15","04192","TC-RIPPF03-W","Instaperfect Refill Matte Fit Powder Foundation 32 True Beige 13 g","Finished Goods","Pc(s)","13.0","g","0.0","0","0","0","Sellable","Instaperfect","new product","JTK01","","","","A","X","Local","STD","","","","3","0.0","2022-08-29","2022-09-12","2021-12-29","13.0"
"2022-07-18 01:12:40","2021-09-28 07:13:56","04193","TC-RIPPF04-W","Instaperfect Refill Matte Fit Powder Foundation 33 Warm Olive 13 g","Finished Goods","Pc(s)","13.0","g","0.0","0","0","0","Sellable","Instaperfect","new product","JTK01","","","","A","X","Local","STD","","","","3","0.0","2022-08-15","2022-09-12","2021-12-29","13.0"
"2022-07-18 01:20:28","2021-09-28 07:14:41","04194","TC-RIPPF05-W","Instaperfect Refill Matte Fit Powder Foundation 43 Creme Sand 13 g","Finished Goods","Pc(s)","13.0","g","0.0","0","0","0","Sellable","Instaperfect","new product","JTK01","","","","A","X","Local","STD","","","","3","0.0","2022-08-15","2022-09-12","2021-12-29","13.0"
"2022-07-18 01:19:03","2021-09-28 07:15:24","04195","TC-RIPPF06-W","Instaperfect Refill Matte Fit Powder Foundation 52 Almond 13 g","Finished Goods","Pc(s)","13.0","g","0.0","0","0","0","Sellable","Wardah","new product","JTK01","","","","A","X","Local","STD","","","","3","0.0","2022-08-08","2022-09-12","2021-12-29","13.0"
"2022-06-06 01:05:30","2021-11-17 07:28:36","04554","ES-IPB-W","Instaperfect Spectrum Eyeshadow Palette Peachstellar 6 x 2 g","Finished Goods","Pc(s)","12.0","g","0.0","0","0","0","Sellable","Instaperfect","new product","JTK01","","","","A","X","Local","COPACKING","","","","0","0.0","2023-07-24","2023-09-11","","12.0"
"2022-06-06 01:05:30","2021-11-17 07:27:44","04553","ES-IPA-W","Instaperfect Spectrum Eyeshadow Palette Rosette Hue 6 x 2 g","Finished Goods","Pc(s)","12.0","g","0.0","0","0","0","Sellable","Instaperfect","new product","JTK01","","","","A","X","Local","COPACKING","","","","0","0.0","2023-07-24","2023-09-11","","12.0"
"2022-06-24 05:53:24","2021-04-22 01:52:59","01958","CON-RPP02-MO","MAKE OVER POWERSTAY Under Eye Perfecting Concealer 20 Light 1.8 ml","Finished Goods","Pc(s)","1.8","ml","0.0","0","0","0","Sellable","Make Over","existing","JTK06","FACE MAKE UP","CONCEALER","MAKE OVER POWERSTAY UNDER EYE CONCEALER","B","Y","Local","OEMNDC","","MASSTIGE","","0","0.0","","","","1.8"
"2022-06-24 05:53:24","2021-04-22 01:53:00","01959","CON-RPP03-MO","MAKE OVER POWERSTAY Under Eye Perfecting Concealer 30 Light-Medium 1.8 ml","Finished Goods","Pc(s)","1.8","ml","0.0","0","0","0","Sellable","Make Over","existing","JTK06","FACE MAKE UP","CONCEALER","MAKE OVER POWERSTAY UNDER EYE CONCEALER","B","Z","Local","OEMNDC","","MASSTIGE","","0","0.0","","","","1.8"
"2022-06-06 01:06:55","2021-09-23 02:34:17","04079","CUS-RVPDMCC21-MO","MAKE OVER Powerstay Demi-Matte Cover Cushion C21 Pink Ivory 15 g Relaunch","Finished Goods","Pc(s)","15.0","g","0.0","0","0","0","Sellable","Make Over","new product","JTK06","FACE MAKE UP","CUSHION","MAKE OVER POWERSTAY MATTE CUSHION","A","X","Local","OEMNDC","","MASSTIGE","","0","0.0","2021-12-04","2022-03-14","2021-12-03","15.0"
"2022-06-06 01:06:55","2021-06-14 04:25:18","03775","CUS-PDMCC31-MO","MAKE OVER Powerstay Demi-Matte Cover Cushion C31 Pink Beige 15 g","Finished Goods","Pc(s)","15.0","g","0.0","0","0","0","Sellable","Make Over","new product","JTK06","FACE MAKE UP","CUSHION","MAKE OVER POWERSTAY MATTE CUSHION","A","X","Local","OEMNDC","","MASSTIGE","","0","0.0","2021-07-09","2022-03-31","2021-07-08","15.0"
"2022-06-06 01:06:55","2021-06-16 02:54:11","03779","CUS-PDMCC41-MO","MAKE OVER Powerstay Demi-Matte Cover Cushion C41 Cool Sand 15 g","Finished Goods","Pc(s)","15.0","g","0.0","0","0","0","Sellable","Make Over","new product","JTK06","FACE MAKE UP","CUSHION","MAKE OVER POWERSTAY MATTE CUSHION","A","X","Local","OEMNDC","","MASSTIGE","","0","0.0","2021-07-09","2022-03-31","2021-07-08","15.0"
"2022-06-17 09:17:29","2021-09-23 02:33:14","04078","CUS-RVPDMCC51-MO","MAKE OVER Powerstay Demi-Matte Cover Cushion C51 Cool Tan 15 g Relaunch","Finished Goods","Pc(s)","15.0","g","0.0","0","0","0","Sellable","Make Over","new product","JTK02","FACE MAKE UP","CUSHION","MAKE OVER POWERSTAY MATTE CUSHION","A","X","Local","OEMNDC","","MASSTIGE","","0","0.0","2021-12-04","2022-03-14","2021-12-03","15.0"
"2022-06-06 01:06:55","2021-06-16 02:58:16","03782","CUS-PDMCC62-MO","MAKE OVER Powerstay Demi-Matte Cover Cushion C62 Rich Cocoa 15 g","Finished Goods","Pc(s)","15.0","g","0.0","0","0","0","Sellable","Make Over","new product","JTK06","FACE MAKE UP","CUSHION","MAKE OVER POWERSTAY MATTE CUSHION","A","X","Local","OEMNDC","","MASSTIGE","","0","0.0","2021-07-09","2022-04-11","2021-07-08","15.0"
"2022-06-06 01:06:55","2021-09-23 01:57:07","04073","CUS-RVPDMCN10-MO","MAKE OVER Powerstay Demi-Matte Cover Cushion N10 Marble 15 g Relaunch","Finished Goods","Pc(s)","15.0","g","0.0","0","0","0","Sellable","Make Over","new product","JTK06","FACE MAKE UP","CUSHION","MAKE OVER POWERSTAY MATTE CUSHION","A","X","Local","OEMNDC","","MASSTIGE","","0","0.0","2021-12-04","2022-03-14","2021-12-03","15.0"
"2022-06-06 01:06:55","2021-06-14 04:20:16","03773","CUS-PDMCN20-MO","MAKE OVER Powerstay Demi-Matte Cover Cushion N20 Ivory 15 g","Finished Goods","Pc(s)","15.0","g","0.0","0","0","0","Sellable","Make Over","new product","JTK06","FACE MAKE UP","CUSHION","MAKE OVER POWERSTAY MATTE CUSHION","A","X","Local","OEMNDC","","MASSTIGE","","0","0.0","2021-07-09","2022-03-31","2021-07-08","15.0"
"2022-06-06 01:06:55","2021-09-23 01:59:39","04075","CUS-RVPDMCN30-MO","MAKE OVER Powerstay Demi-Matte Cover Cushion N30 Natural Beige 15 g Relaunch","Finished Goods","Pc(s)","15.0","g","0.0","0","0","0","Sellable","Make Over","new product","JTK06","FACE MAKE UP","CUSHION","MAKE OVER POWERSTAY MATTE CUSHION","A","X","Local","OEMNDC","","MASSTIGE","","0","0.0","2021-12-04","2022-03-14","2021-12-03","15.0"
"2022-06-06 01:06:55","2021-06-16 02:53:00","03778","CUS-PDMCN40-MO","MAKE OVER Powerstay Demi-Matte Cover Cushion N40 Sand 15 g","Finished Goods","Pc(s)","15.0","g","0.0","0","0","0","Sellable","Make Over","new product","JTK06","FACE MAKE UP","CUSHION","MAKE OVER POWERSTAY MATTE CUSHION","A","X","Local","OEMNDC","","MASSTIGE","","0","0.0","2021-07-09","2022-03-31","2021-07-08","15.0"
"2022-06-06 01:06:55","2021-09-23 02:31:56","04077","CUS-RVPDMCN50-MO","MAKE OVER Powerstay Demi-Matte Cover Cushion N50 Tan 15 g Relaunch","Finished Goods","Pc(s)","15.0","g","0.0","0","0","0","Sellable","Make Over","new product","JTK06","FACE MAKE UP","CUSHION","MAKE OVER POWERSTAY MATTE CUSHION","A","X","Local","OEMNDC","","MASSTIGE","","0","0.0","2021-12-04","2022-03-14","2021-12-03","15.0"
"2022-06-06 01:06:55","2021-06-14 04:18:28","03772","CUS-PDMCW12-MO","MAKE OVER Powerstay Demi-Matte Cover Cushion W12 Warm Marble 15 g","Finished Goods","Pc(s)","15.0","g","0.0","0","0","0","Sellable","Make Over","new product","JTK06","FACE MAKE UP","CUSHION","MAKE OVER POWERSTAY MATTE CUSHION","A","X","Local","OEMNDC","","MASSTIGE","","0","0.0","2021-07-09","2022-03-31","2021-07-08","15.0"
"2022-06-06 01:06:55","2021-06-14 04:23:36","03774","CUS-PDMCW21-MO","MAKE OVER Powerstay Demi-Matte Cover Cushion W21 Coral Ivory 15 g","Finished Goods","Pc(s)","15.0","g","0.0","0","0","0","Sellable","Make Over","new product","JTK06","FACE MAKE UP","CUSHION","MAKE OVER POWERSTAY MATTE CUSHION","A","X","Local","OEMNDC","","MASSTIGE","","0","0.0","2021-07-09","2022-04-11","2021-07-08","15.0"
"2022-06-06 01:06:55","2021-09-23 01:58:12","04074","CUS-RVPDMCW22-MO","MAKE OVER Powerstay Demi-Matte Cover Cushion W22 Warm Ivory 15 g Relaunch","Finished Goods","Pc(s)","15.0","g","0.0","0","0","0","Sellable","Make Over","new product","JTK06","FACE MAKE UP","CUSHION","MAKE OVER POWERSTAY MATTE CUSHION","A","X","Local","OEMNDC","","MASSTIGE","","0","0.0","2021-12-04","2022-03-14","2021-12-03","15.0"
"2022-06-06 01:06:55","2021-09-23 02:36:24","04081","CUS-RVPDMCW30-MO","MAKE OVER Powerstay Demi-Matte Cover Cushion W30 Creme Beige 15 g Relaunch","Finished Goods","Pc(s)","15.0","g","0.0","0","0","0","Sellable","Make Over","new product","JTK06","FACE MAKE UP","CUSHION","MAKE OVER POWERSTAY MATTE CUSHION","A","X","Local","OEMNDC","","MASSTIGE","","0","0.0","2021-12-04","2022-03-14","2021-12-03","15.0"
"2022-06-06 01:06:55","2021-06-16 02:51:13","03777","CUS-PDMCW32-MO","MAKE OVER Powerstay Demi-Matte Cover Cushion W32 Warm Beige 15 g","Finished Goods","Pc(s)","15.0","g","0.0","0","0","0","Sellable","Make Over","new product","JTK06","FACE MAKE UP","CUSHION","MAKE OVER POWERSTAY MATTE CUSHION","A","X","Local","OEMNDC","","MASSTIGE","","0","0.0","2021-07-09","2022-04-11","2021-07-08","15.0"
"2022-06-06 01:06:55","2021-09-23 02:35:33","04080","CUS-RVPDMCW33-MO","MAKE OVER Powerstay Demi-Matte Cover Cushion W33 Honey Beige 15 g Relaunch","Finished Goods","Pc(s)","15.0","g","0.0","0","0","0","Sellable","Make Over","new product","JTK06","FACE MAKE UP","CUSHION","MAKE OVER POWERSTAY MATTE CUSHION","A","X","Local","OEMNDC","","MASSTIGE","","0","0.0","2021-12-04","2022-03-14","2021-12-03","15.0"
"2022-06-06 01:06:55","2021-09-23 02:37:26","04082","CUS-RVPDMCW41-MO","MAKE OVER Powerstay Demi-Matte Cover Cushion W41 Coral Sand 15 g Relaunch","Finished Goods","Pc(s)","15.0","g","0.0","0","0","0","Sellable","Make Over","new product","JTK06","FACE MAKE UP","CUSHION","MAKE OVER POWERSTAY MATTE CUSHION","A","X","Local","OEMNDC","","MASSTIGE","","0","0.0","2021-07-09","2022-03-14","2021-07-08","15.0"
"2022-06-06 01:06:55","2021-09-23 02:00:40","04076","CUS-RVPDMCW42-MO","MAKE OVER Powerstay Demi-Matte Cover Cushion W42 Warm Sand 15 g Relaunch","Finished Goods","Pc(s)","15.0","g","0.0","0","0","0","Sellable","Make Over","new product","JTK06","FACE MAKE UP","CUSHION","MAKE OVER POWERSTAY MATTE CUSHION","A","X","Local","OEMNDC","","MASSTIGE","","0","0.0","2021-12-04","2022-03-14","2021-12-03","15.0"
"2022-06-06 01:06:55","2021-06-16 02:55:32","03780","CUS-PDMCW50-MO","MAKE OVER Powerstay Demi-Matte Cover Cushion W50 Creme Tan 15 g","Finished Goods","Pc(s)","15.0","g","0.0","0","0","0","Sellable","Make Over","new product","JTK06","FACE MAKE UP","CUSHION","MAKE OVER POWERSTAY MATTE CUSHION","A","X","Local","OEMNDC","","MASSTIGE","","0","0.0","2021-07-09","2022-04-11","2021-07-08","15.0"
"2022-06-06 01:06:55","2021-06-16 02:56:45","03781","CUS-PDMCW60-MO","MAKE OVER Powerstay Demi-Matte Cover Cushion W60 Creme Cocoa 15 g","Finished Goods","Pc(s)","15.0","g","0.0","0","0","0","Sellable","Make Over","new product","JTK06","FACE MAKE UP","CUSHION","MAKE OVER POWERSTAY MATTE CUSHION","A","X","Local","OEMNDC","","MASSTIGE","","0","0.0","2021-07-09","2022-03-31","2021-07-08","15.0"
"2022-07-18 01:06:44","2021-04-22 01:54:08","02407","TC-PMN40-MO","MAKE OVER Powerstay Matte Powder Foundation N40 Sand 12 g","Finished Goods","Pc(s)","12.0","g","65.74","24","0","0","Sellable","Make Over","existing","JTK01","FACE MAKE UP","TWC","MAKE OVER POWERSTAY TWC","B","X","Local","STD","","MASSTIGE","","3","0.0","","","2019-11-18","12.0"
"2022-07-18 01:05:44","2021-04-22 01:54:09","02306","TC-PMN50-MO","MAKE OVER Powerstay Matte Powder Foundation N50 Tan 12 g","Finished Goods","Pc(s)","12.0","g","65.74","24","0","0","Sellable","Make Over","existing","JTK01","FACE MAKE UP","TWC","MAKE OVER POWERSTAY TWC","C","X","Local","STD","","MASSTIGE","","3","0.0","","","2019-06-17","12.0"
"2022-06-06 01:06:55","2021-04-22 01:54:20","02024","ES-PARR-MO","MAKE OVER Powerstay Royal Rose Eye Palette 12 x 0.4 g","Finished Goods","Pc(s)","4.8","g","134.8","132","0","0","Sellable","Make Over","existing","JTK06","EYE MAKE UP","EYE SHADOW","MAKE OVER POWERSTAY EYE SHADOW PALETTE","B","X","Local","OEMNDC","","MASSTIGE","","0","0.0","","","","4.8"
"2022-06-06 01:06:55","2021-08-24 06:05:19","03915","EB-R2SEDA-MO","Make Over Brow Styler Eye Definer Americano 0.13 g","Finished Goods","Pc(s)","0.13","g","0.0","0","0","0","Sellable","Make Over","new product","JTK06","EYE MAKE UP","EYEBROW MATIC","MAKE OVER EYEBROW MATIC","A","Y","Local","OEMNDC","","MASSTIGE","","0","0.0","","","","0.13"
"2022-06-06 01:06:55","2021-08-24 06:01:38","03914","EB-R2SEDM-MO","Make Over Brow Styler Eye Definer Mocha 0.13 g","Finished Goods","Pc(s)","0.13","g","0.0","0","0","0","Sellable","Make Over","new product","JTK06","EYE MAKE UP","EYEBROW MATIC","MAKE OVER EYEBROW MATIC","A","Y","Local","OEMNDC","","MASSTIGE","","0","0.0","","","","0.13"
"2022-07-01 08:40:44","2021-08-04 02:49:01","03856","ES-PEPFTG-MO","Make Over Powerstay Eye Palette Futurist Gleam 12 x 1.5 g","Finished Goods","Pc(s)","18.0","g","0.0","0","0","0","Sellable","Make Over","new product","JTK06","EYE MAKE UP","EYE PALETTE","MAKE OVER POWERSTAY EYE SHADOW PALETTE","A","X","Local","OEMNDC","","MASSTIGE","","0","0.0","2022-04-23","2023-01-16","2022-04-22","18.0"
"2022-07-01 08:40:44","2021-08-04 02:47:33","03855","ES-PEP24K-MO","Make Over Powerstay Eye Palette Hall Of Stars 12 x 1.5 g","Finished Goods","Pc(s)","18.0","g","0.0","0","0","0","Sellable","Make Over","new product","JTK06","EYE MAKE UP","EYE PALETTE","MAKE OVER POWERSTAY EYE SHADOW PALETTE","A","X","Local","OEMNDC","","MASSTIGE","","0","0.0","2022-04-23","2023-01-16","2022-04-22","18.0"
"2022-07-15 09:42:21","2021-10-22 04:31:18","04439","MY-FTBSE-EM","Malaysia Emina Bright Stuff Exfoliating Toner 100 ml","Finished Goods","Pc(s)","100.0","ml","0.0","0","0","0","Sellable","Emina","inactive","JTK06","","","","A","X","Eksported","STD","","","","3","0.0","2022-08-15","2022-11-07","2022-07-12","104.0"
"2022-07-15 09:42:21","2021-10-22 04:32:28","04440","MY-MBSNC-EM","Malaysia Emina Bright Stuff Night Cream 20 g","Finished Goods","Pc(s)","20.0","g","0.0","0","0","0","Sellable","Emina","inactive","JTK06","","","","A","X","Eksported","STD","","","","3","0.0","2022-08-15","2022-11-07","2022-07-12","20.0"
"2022-06-08 04:35:44","2021-04-22 02:42:10","03078","MY-BRUSEBS-EM","Malaysia Emina Brush Set (Set)","Finished Goods","Pc(s)","1.0","g","0.0","16","0","0","Sellable","Emina","existing","JTK06","MAKE UP TOOLS","BRUSH","EMINA MALAYSIA BRUSH SET","B","X","Eksported","STD","","MASS","","0","0.0","2021-05-17","2021-06-06","2021-04-13","1.0"
"2022-07-15 02:07:55","2021-10-07 07:16:52","04310","MY-BIPQSP11-W","Malaysia Instaperfect QUICKMATTE Loose Powder 11 Fair Pink 9 g","Finished Goods","Pc(s)","9.0","g","0.0","0","0","0","Sellable","Instaperfect","new product","JTK06","FACE MAKE UP","LOOSE POWDER","MALAYSIA INSTAPERFECT QUICKMATTE LOOSE POWDER","A","X","Eksported","STD","","MASSTIGE","","3","0.0","2022-09-26","2022-11-07","","9.0"
"2022-07-15 02:07:29","2021-10-07 07:18:34","04312","MY-BIPQSP12-W","Malaysia Instaperfect QUICKMATTE Loose Powder 22 Light Ivory 9 g","Finished Goods","Pc(s)","9.0","g","0.0","0","0","0","Sellable","Instaperfect","new product","JTK06","FACE MAKE UP","LOOSE POWDER","MALAYSIA INSTAPERFECT QUICKMATTE LOOSE POWDER","A","X","Eksported","STD","","MASSTIGE","","3","0.0","2022-09-26","2022-11-07","","9.0"
"2022-07-15 02:07:02","2021-10-07 07:17:46","04311","MY-BIPQSP13-W","Malaysia Instaperfect QUICKMATTE Loose Powder 32 True Beige 9 g","Finished Goods","Pc(s)","9.0","g","0.0","0","0","0","Sellable","Instaperfect","new product","JTK06","FACE MAKE UP","LOOSE POWDER","MALAYSIA INSTAPERFECT QUICKMATTE LOOSE POWDER","A","X","Eksported","STD","","MASSTIGE","","3","0.0","2022-09-26","2022-11-07","","9.0"
"2022-07-15 02:06:04","2021-10-07 07:19:49","04313","MY-BIPQSP14-W","Malaysia Instaperfect QUICKMATTE Loose Powder 33 Warm Olive 9 g","Finished Goods","Pc(s)","9.0","g","0.0","0","0","0","Sellable","Instaperfect","new product","JTK06","FACE MAKE UP","LOOSE POWDER","MALAYSIA INSTAPERFECT QUICKMATTE LOOSE POWDER","A","X","Eksported","STD","","MASSTIGE","","3","0.0","2022-09-26","2022-11-07","","9.0"
"2022-07-15 02:05:26","2021-10-07 07:20:47","04314","MY-BIPQSP15-W","Malaysia Instaperfect QUICKMATTE Loose Powder 43 Creme Sand 9 g","Finished Goods","Pc(s)","9.0","g","0.0","0","0","0","Sellable","Instaperfect","new product","JTK06","FACE MAKE UP","LOOSE POWDER","MALAYSIA INSTAPERFECT QUICKMATTE LOOSE POWDER","A","X","Eksported","STD","","MASSTIGE","","3","0.0","2022-09-26","2022-11-07","","9.0"
"2022-07-15 02:04:32","2021-10-07 07:21:39","04315","MY-BIPQSP16-W","Malaysia Instaperfect QUICKMATTE Loose Powder 52 Almond 9 g","Finished Goods","Pc(s)","9.0","g","0.0","0","0","0","Sellable","Instaperfect","new product","JTK06","FACE MAKE UP","LOOSE POWDER","MALAYSIA INSTAPERFECT QUICKMATTE LOOSE POWDER","A","X","Eksported","STD","","MASSTIGE","","3","0.0","2022-09-26","2022-11-07","","9.0"
"2022-07-14 07:20:36","2021-10-07 07:59:28","04324","MY-FIPSF11-W","Malaysia Instaperfect SKINFOCUS Cover Foundation 11 Fair Pink 30 ml","Finished Goods","Pc(s)","30.0","ml","0.0","0","0","0","Sellable","Instaperfect","new product","JTK06","","","","A","X","Eksported","STD","","","","3","0.0","2022-09-26","2022-11-07","","34.587"
"2022-07-14 07:21:54","2021-10-07 08:12:36","04325","MY-FIPSF12-W","Malaysia Instaperfect SKINFOCUS Cover Foundation 22 Light Ivory 30 ml","Finished Goods","Pc(s)","30.0","ml","0.0","0","0","0","Sellable","Instaperfect","new product","JTK06","","","","A","X","Eksported","STD","","","","3","0.0","2022-09-26","2022-11-07","","34.587"
"2022-07-14 07:23:08","2021-10-07 08:13:38","04326","MY-FIPSF13-W","Malaysia Instaperfect SKINFOCUS Cover Foundation 32 True Beige 30 ml","Finished Goods","Pc(s)","30.0","ml","0.0","0","0","0","Sellable","Instaperfect","new product","JTK06","","","","A","X","Eksported","STD","","","","3","0.0","2022-09-26","2022-11-07","","34.587"
"2022-07-14 07:24:19","2021-10-07 08:14:32","04327","MY-FIPSF14-W","Malaysia Instaperfect SKINFOCUS Cover Foundation 33 Warm Olive 30 ml","Finished Goods","Pc(s)","30.0","ml","0.0","0","0","0","Sellable","Instaperfect","new product","JTK06","","","","A","X","Eksported","STD","","","","3","0.0","2022-09-26","2022-11-07","","34.587"
"2022-07-14 07:25:30","2021-10-07 08:15:27","04328","MY-FIPSF15-W","Malaysia Instaperfect SKINFOCUS Cover Foundation 43 Creme Sand 30 ml","Finished Goods","Pc(s)","30.0","ml","0.0","0","0","0","Sellable","Instaperfect","new product","JTK06","","","","A","X","Eksported","STD","","","","3","0.0","2022-09-26","2022-11-07","","34.5"
"2022-07-14 07:26:27","2021-10-07 08:16:17","04329","MY-FIPSF16-W","Malaysia Instaperfect SKINFOCUS Cover Foundation 52 Almond 30 ml","Finished Goods","Pc(s)","30.0","ml","0.0","0","0","0","Sellable","Instaperfect","new product","JTK06","","","","A","X","Eksported","STD","","","","3","0.0","2022-09-26","2022-11-07","","34.5"
"2022-07-15 08:01:47","2022-02-09 01:58:39","04662","MY-MSM01-KA","Malaysia Kahf Triple Protection Sunscreen Moisturizer 30 ml","Finished Goods","Pc(s)","30.0","ml","0.0","0","0","0","Sellable","Kahf","new product","JTK02","FACE MOISTURIZER","MOISTURIZER","KAHF TRIPLE PROTECTION SUNSCREEN MOISTURIZER","A","X","Eksported","STD","","MASS","","3","0.0","2022-04-04","2022-06-02","2022-03-01","29.472"
"2022-07-11 03:30:35","2022-06-20 01:07:47","04912","MY-LCUMKORA-W","Malaysia Wardah Colorfit Ultralight Matte Lipstick 09 Romantic Namsan 3.6 g","Finished Goods","Pc(s)","3.6","g","0.0","0","0","0","Sellable","Wardah","new product","JTK06","LIP MAKE UP","LIPSTICK MATTE","WARDAH MALAYSIA COLORFIT ULTRALIGHT MATTE LIPSTICK","A","X","Eksported","","","MASS","","0","0.0","","","","3.6"
"2022-07-11 03:30:36","2022-06-20 01:11:11","04913","MY-LCUMKORB-W","Malaysia Wardah Colorfit Ultralight Matte Lipstick 10 Stunning Seoul 3.6 g","Finished Goods","Pc(s)","3.6","g","0.0","0","0","0","Sellable","Wardah","new product","JTK06","LIP MAKE UP","LIPSTICK MATTE","WARDAH MALAYSIA COLORFIT ULTRALIGHT MATTE LIPSTICK","A","X","Eksported","","","MASS","","0","0.0","","","","3.6"
"2022-07-11 03:30:36","2022-06-20 01:29:41","04914","MY-LCUMKORC-W","Malaysia Wardah Colorfit Ultralight Matte Lipstick 11 Sunkissed Jeju 3.6 g","Finished Goods","Pc(s)","3.6","g","0.0","0","0","0","Sellable","Wardah","new product","JTK06","LIP MAKE UP","LIPSTICK MATTE","WARDAH MALAYSIA COLORFIT ULTRALIGHT MATTE LIPSTICK","A","X","Eksported","","","MASS","","0","0.0","","","","3.6"
"2022-07-11 03:30:36","2022-06-20 01:33:57","04915","MY-LCUMKORD-W","Malaysia Wardah Colorfit Ultralight Matte Lipstick 12 Autumn Nami 3.6 g","Finished Goods","Pc(s)","3.6","g","0.0","0","0","0","Sellable","Wardah","new product","JTK06","LIP MAKE UP","LIPSTICK MATTE","WARDAH MALAYSIA COLORFIT ULTRALIGHT MATTE LIPSTICK","A","X","Eksported","","","MASS","","0","0.0","","","","3.6"
"2022-07-11 03:30:37","2022-06-20 01:36:40","04916","MY-LCUMKORE-W","Malaysia Wardah Colorfit Ultralight Matte Lipstick 13 Upbeat Hongdae 3.6 g","Finished Goods","Pc(s)","3.6","g","0.0","0","0","0","Sellable","Wardah","new product","JTK06","LIP MAKE UP","LIPSTICK MATTE","WARDAH MALAYSIA COLORFIT ULTRALIGHT MATTE LIPSTICK","A","X","Eksported","","","MASS","","0","0.0","","","","3.6"
"2022-07-18 01:03:42","2021-04-22 02:38:20","02767","MY-RTCRE03-W","Malaysia Wardah Exclusive Two Way Cake 03 Sandy Beige 12 g","Finished Goods","Pc(s)","12.0","g","0.0","30","0","0","Sellable","Wardah","existing","JTK01","FACE MAKE UP","TWC","WARDAH MALAYSIA EXCLUSIVE TWC","B","X","Eksported","STD","","MASS","","3","0.0","","","","12.0"
"2022-07-15 09:42:43","2022-02-11 09:33:50","04664","MY-FTNDATE-W","Malaysia Wardah Nature Daily Aloe Hydramild Essence Toner 100 ml","Finished Goods","Pc(s)","100.0","ml","0.0","0","0","0","Sellable","Wardah","new product","JTK06","","","","A","X","Eksported","","","","","3","0.0","2022-08-08","2022-09-05","","100.0"
"2022-07-15 09:42:43","2021-10-07 04:17:50","04280","MY-MRRYDCN2-W","Malaysia Wardah Renew You Day Cream 30 g (Pc(s))","Finished Goods","Pc(s)","30.0","g","0.0","0","0","0","Sellable","Wardah","new product","JTK02","","","","A","X","Eksported","STD","","","","3","0.0","2022-07-25","2022-09-05","2022-07-14","30.0"
"2022-07-15 09:42:44","2021-10-07 03:58:04","04277","MY-ECRRYAG-W","Malaysia Wardah Renew You Eye Cream 10 g (Pc(s))","Finished Goods","Pc(s)","10.0","g","0.0","0","0","0","Sellable","Wardah","new product","JTK02","","","","A","X","Eksported","STD","","","","3","0.0","2022-07-25","2022-09-05","2022-07-14","10.0"
"2022-07-15 09:42:44","2021-10-07 04:22:16","04282","MY-MRRYNCN2-W","Malaysia Wardah Renew You Night Cream 30 g (Pc(s))","Finished Goods","Pc(s)","30.0","g","0.0","0","0","0","Sellable","Wardah","new product","JTK02","","","","A","X","Eksported","STD","","","","3","0.0","2022-07-25","2022-09-05","2022-07-14","30.0"
"2022-06-16 00:22:26","2021-11-23 04:26:46","04567","SRM-CDSI-W","Wardah C-Defense Serum 17 ml","Finished Goods","Pc(s)","17.0","ml","0.0","0","0","0","Sellable","Wardah","inactive","JTK02","FACE MOISTURIZER","SERUM","WARDAH C-DEFENSE SERUM","A","X","Local","STD","","MASS","","3","0.0","","","","18.36"
"2022-07-18 01:09:08","2021-04-22 02:12:11","02849","B-CLCLPA-W","Wardah Colorfit Mattifying Powder 22N Light Ivory 15 g","Finished Goods","Pc(s)","15.0","g","0.0","48","0","0","Sellable","Wardah","existing","JTK01","FACE MAKE UP","LOOSE POWDER","WARDAH COLORFIT LOOSE POWDER","A","X","Local","STD","","MASS","","3","0.0","2020-12-28","2021-02-08","2020-07-13","15.0"
"2022-07-18 01:08:25","2021-04-22 02:12:12","02850","B-CLCLPB-W","Wardah Colorfit Mattifying Powder 23W Warm Ivory 15 g","Finished Goods","Pc(s)","15.0","g","0.0","48","0","0","Sellable","Wardah","existing","JTK01","FACE MAKE UP","LOOSE POWDER","WARDAH COLORFIT LOOSE POWDER","A","X","Local","STD","","MASS","","3","0.0","2020-12-28","2021-02-08","2020-07-13","15.0"
"2022-06-07 01:24:57","2021-04-22 02:28:49","00264","BUT-W0LG-W50ML","Wardah Creamy Body Butter With Lavender & Ginger 50 ml (pc(s))","Finished Goods","Pc(s)","50.0","ml","0.0","32","0","0","Sellable","Wardah","to be discontinued","JTK02","BODY BUTTER","BODY BUTTER","WARDAH SPA BODY BUTTER","A","X","Local","STD","","MASS","","3","0.0","","","","48.5145"
"2022-07-18 04:44:04","2022-03-21 08:27:38","04745","L-R2EMC01-W","Wardah Exclusive Matte Lip Cream Tukar Guling Shade 01 4 g","Finished Goods","Pc(s)","4.0","g","0.0","0","0","0","Sellable","Wardah","new product","JTK04","LIP MAKE UP","LIP CREAM","WARDAH EXCLUSIVE LIP CREAM","A","X","Local","STD","","MASS","","0","0.0","2022-11-28","2023-02-13","2022-03-22","4.0"
"2022-07-18 04:44:41","2022-03-21 08:51:49","04747","L-R2EMC03-W","Wardah Exclusive Matte Lip Cream Tukar Guling Shade 03 4 g","Finished Goods","Pc(s)","4.0","g","0.0","0","0","0","Sellable","Wardah","new product","JTK04","LIP MAKE UP","LIP CREAM","WARDAH EXCLUSIVE LIP CREAM","A","X","Local","STD","","MASS","","0","0.0","2022-11-28","2023-02-13","2022-03-22","4.0"
"2022-07-18 04:45:30","2022-03-21 08:56:08","04749","L-R2EMC05-W","Wardah Exclusive Matte Lip Cream Tukar Guling Shade 05 4 g","Finished Goods","Pc(s)","4.0","g","0.0","0","0","0","Sellable","Wardah","new product","JTK04","LIP MAKE UP","LIP CREAM","WARDAH EXCLUSIVE LIP CREAM","A","X","Local","STD","","MASS","","0","0.0","2022-11-28","2023-02-13","2022-03-22","4.0"
"2022-07-18 05:33:18","2022-03-21 08:59:45","04750","L-R2EMC06-W","Wardah Exclusive Matte Lip Cream Tukar Guling Shade 06 4 g","Finished Goods","Pc(s)","4.0","g","0.0","0","0","0","Sellable","Wardah","new product","JTK04","LIP MAKE UP","LIP CREAM","WARDAH EXCLUSIVE LIP CREAM","A","X","Local","STD","","MASS","","0","0.0","2022-11-28","2023-02-13","2022-03-22","4.0"
"2022-07-18 05:33:59","2022-03-21 09:02:27","04751","L-R2EMC07-W","Wardah Exclusive Matte Lip Cream Tukar Guling Shade 07 4 g","Finished Goods","Pc(s)","4.0","g","0.0","0","0","0","Sellable","Wardah","new product","JTK04","LIP MAKE UP","LIP CREAM","WARDAH EXCLUSIVE LIP CREAM","A","X","Local","STD","","MASS","","0","0.0","2022-11-28","2023-02-13","2022-03-22","4.0"
"2022-07-18 05:34:40","2022-03-21 09:04:26","04752","L-R2EMC08-W","Wardah Exclusive Matte Lip Cream Tukar Guling Shade 08 4 g","Finished Goods","Pc(s)","4.0","g","0.0","0","0","0","Sellable","Wardah","new product","JTK04","LIP MAKE UP","LIP CREAM","WARDAH EXCLUSIVE LIP CREAM","A","X","Local","STD","","MASS","","0","0.0","2022-11-28","2023-02-13","2022-03-22","4.0"
"2022-07-18 05:36:19","2022-03-21 09:08:13","04753","L-R2EMC09-W","Wardah Exclusive Matte Lip Cream Tukar Guling Shade 09 4 g","Finished Goods","Pc(s)","4.0","g","0.0","0","0","0","Sellable","Wardah","new product","JTK04","LIP MAKE UP","LIP CREAM","WARDAH EXCLUSIVE LIP CREAM","A","X","Local","STD","","","","0","0.0","2022-11-28","2023-02-13","2022-03-22","4.0"
"2022-07-18 05:37:10","2022-03-21 09:58:10","04755","L-R2EMC11-W","Wardah Exclusive Matte Lip Cream Tukar Guling Shade 11 4 g","Finished Goods","Pc(s)","4.0","g","0.0","0","0","0","Sellable","Wardah","new product","JTK04","LIP MAKE UP","LIP CREAM","WARDAH EXCLUSIVE LIP CREAM","A","X","Local","STD","","MASS","","0","0.0","2022-11-28","2023-02-13","2022-03-22","4.0"
"2022-07-18 05:37:41","2022-03-21 10:00:46","04756","L-R2EMC12-W","Wardah Exclusive Matte Lip Cream Tukar Guling Shade 12 4 g","Finished Goods","Pc(s)","4.0","g","0.0","0","0","0","Sellable","Wardah","new product","JTK04","LIP MAKE UP","LIP CREAM","WARDAH EXCLUSIVE LIP CREAM","A","X","Local","STD","","MASS","","0","0.0","2022-11-28","2023-02-13","2022-03-22","4.0"
"2022-07-18 05:39:55","2022-03-21 10:03:16","04757","L-R2EMC13-W","Wardah Exclusive Matte Lip Cream Tukar Guling Shade 13 4 g","Finished Goods","Pc(s)","4.0","g","0.0","0","0","0","Sellable","Wardah","new product","JTK04","LIP MAKE UP","LIP CREAM","WARDAH EXCLUSIVE LIP CREAM","A","X","Local","STD","","MASS","","0","0.0","2022-11-28","2023-02-13","2022-03-22","4.0"
"2022-07-18 05:40:25","2022-03-21 10:10:01","04760","L-R2EMC16-W","Wardah Exclusive Matte Lip Cream Tukar Guling Shade 16 4 g","Finished Goods","Pc(s)","4.0","g","0.0","0","0","0","Sellable","Wardah","new product","JTK04","LIP MAKE UP","LIP CREAM","WARDAH EXCLUSIVE LIP CREAM","A","X","Local","STD","","MASS","","0","0.0","2022-11-28","2023-02-13","2022-03-22","4.0"
"2022-07-18 05:40:54","2022-03-21 10:11:59","04761","L-R2EMC17-W","Wardah Exclusive Matte Lip Cream Tukar Guling Shade 17 4 g","Finished Goods","Pc(s)","4.0","g","0.0","0","0","0","Sellable","Wardah","new product","JTK04","LIP MAKE UP","LIP CREAM","WARDAH EXCLUSIVE LIP CREAM","A","X","Local","STD","","MASS","","0","0.0","2022-11-28","2023-02-13","2022-03-22","4.0"
"2022-07-18 04:39:19","2022-03-21 10:18:34","04763","L-EMCA-W","Wardah Exclusive Matte Lip Cream Tukar Guling Shade A 4 g","Finished Goods","Pc(s)","4.0","g","0.0","0","0","0","Sellable","Wardah","new product","JTK04","LIP MAKE UP","LIP CREAM","WARDAH EXCLUSIVE LIP CREAM","A","X","Local","STD","","MASS","","0","0.0","2022-11-28","2023-02-13","2022-03-22","4.0"
"2022-07-18 04:40:13","2022-03-21 10:20:39","04764","L-EMCB-W","Wardah Exclusive Matte Lip Cream Tukar Guling Shade B 4 g","Finished Goods","Pc(s)","4.0","g","0.0","0","0","0","Sellable","Wardah","new product","JTK04","LIP MAKE UP","LIP CREAM","WARDAH EXCLUSIVE LIP CREAM","A","X","Local","STD","","MASS","","0","0.0","2022-12-05","2023-02-13","2022-03-22","4.0"
"2022-07-18 04:40:54","2022-03-21 10:22:33","04765","L-EMCC-W","Wardah Exclusive Matte Lip Cream Tukar Guling Shade C 4 g","Finished Goods","Pc(s)","4.0","g","0.0","0","0","0","Sellable","Wardah","new product","JTK04","LIP MAKE UP","LIP CREAM","WARDAH EXCLUSIVE LIP CREAM","A","X","Local","STD","","MASS","","0","0.0","2022-12-05","2023-02-13","2022-03-22","4.0"
"2022-07-18 04:41:36","2022-03-21 10:25:03","04766","L-EMCD-W","Wardah Exclusive Matte Lip Cream Tukar Guling Shade D 4 g","Finished Goods","Pc(s)","4.0","g","0.0","0","0","0","Sellable","Wardah","new product","JTK04","LIP MAKE UP","LIP CREAM","WARDAH EXCLUSIVE LIP CREAM","A","X","Local","STD","","MASS","","0","0.0","2022-12-05","2023-02-13","2022-03-22","4.0"
"2022-07-18 04:42:31","2022-03-21 10:27:11","04767","L-EMCE-W","Wardah Exclusive Matte Lip Cream Tukar Guling Shade E 4 g","Finished Goods","Pc(s)","4.0","g","0.0","0","0","0","Sellable","Wardah","new product","JTK04","LIP MAKE UP","LIP CREAM","WARDAH EXCLUSIVE LIP CREAM","A","X","Local","STD","","MASS","","0","0.0","2022-12-05","2023-02-13","2022-03-22","4.0"
"2022-07-18 04:43:20","2022-03-21 10:29:06","04768","L-EMCF-W","Wardah Exclusive Matte Lip Cream Tukar Guling Shade F 4 g","Finished Goods","Pc(s)","4.0","g","0.0","0","0","0","Sellable","Wardah","new product","JTK04","LIP MAKE UP","LIP CREAM","WARDAH EXCLUSIVE LIP CREAM","A","X","Local","STD","","MASS","","0","0.0","2022-12-05","2023-02-13","2022-03-22","4.0"
"2022-07-18 01:10:08","2021-09-17 05:42:06","03996","TC-R2E03-W","Wardah Exclusive Two Way Cake 03 Sandy Beige 12 g","Finished Goods","Pc(s)","12.0","g","0.0","0","0","0","Sellable","Wardah","new product","JTK01","FACE MAKE UP","TWC","WARDAH EXCLUSIVE TWC","A","X","Local","STD","","MASS","","0","0.0","2022-10-17","2022-12-12","2022-06-24","12.0"
"2022-06-07 01:51:52","2021-04-22 02:05:52","00948","EL-W1B-WTA","Wardah Eye Liner Black","Finished Goods","Pc(s)","1.14","g","0.0","120","0","0","Sellable","Wardah","existing","JTK06","EYE MAKE UP","EYE LINER PENCIL","WARDAH EYEXPERT EYE LINER PENCIL","B","X","Local","OEMNDC","","MASS","","0","0.0","","","","1.14"
"2022-07-12 17:05:09","2021-04-22 02:38:47","03445","EB-REPBL-W","Wardah EyeXpert Eyebrow Pencil Black 1.14 g (Blister)","Finished Goods","Pc(s)","1.14","g","0.0","0","0","0","Sellable","Wardah","existing","JTK06","EYE MAKE UP","EYEBROW PENCIL BLISTER","WARDAH EYEXPERT EYEBROW PENCIL BLISTER","C","Y","Local","OEMNDC","","MASS","","0","0.0","2021-01-19","2021-06-21","2021-01-18","1.14"
"2022-07-12 17:05:09","2021-04-22 02:38:49","03446","EB-REPBR-W","Wardah EyeXpert Eyebrow Pencil Brown 1.14 g (Blister)","Finished Goods","Pc(s)","1.14","g","0.0","0","0","0","Sellable","Wardah","existing","JTK06","EYE MAKE UP","EYEBROW PENCIL BLISTER","WARDAH EYEXPERT EYEBROW PENCIL BLISTER","C","X","Local","OEMNDC","","MASS","","0","0.0","2021-01-19","2021-06-21","2021-01-18","1.14"
"2022-06-06 10:27:29","2021-04-22 02:10:56","03448","EB-EXPMBD01-W","Wardah EyeXpert Matic Brow Definer 01 LIGHT BROWN 0.25 g","Finished Goods","Pc(s)","0.25","g","0.0","0","0","0","Sellable","Wardah","new product","JTK06","EYE MAKE UP","EYEBROW MATIC","WARDAH EYEXPERT MATIC BROW DEFINER","A","X","Local","OEMNDC","","MASS","","0","0.0","2020-10-27","2021-11-02","2020-10-26","0.25"
"2022-06-06 10:27:32","2021-04-22 02:10:57","03449","EB-EXPMBD02-W","Wardah EyeXpert Matic Brow Definer 02 DARK BROWN 0.25 g","Finished Goods","Pc(s)","0.25","g","0.0","0","0","0","Sellable","Wardah","new product","JTK06","EYE MAKE UP","EYEBROW MATIC","WARDAH EYEXPERT MATIC BROW DEFINER","A","X","Local","OEMNDC","","MASS","","0","0.0","2020-10-27","2021-11-02","2020-10-26","0.25"
"2022-06-06 10:27:36","2021-04-22 02:10:58","03450","EB-EXPMBD03-W","Wardah EyeXpert Matic Brow Definer 03 DARK GREY 0.25 g","Finished Goods","Pc(s)","0.25","g","0.0","0","0","0","Sellable","Wardah","new product","JTK06","EYE MAKE UP","EYEBROW MATIC","WARDAH EYEXPERT MATIC BROW DEFINER","B","X","Local","OEMNDC","","MASS","","0","0.0","2020-10-27","2021-11-02","2020-10-26","0.25"
"2022-06-06 10:33:14","2021-04-22 02:40:14","03122","EB-IPEM01-W","Wardah Instaperfect BROWFLASH 3-in-1 Brow Perfector 01 True Brown 0.6 g","Finished Goods","Pc(s)","0.6","g","0.0","0","0","0","Sellable","Instaperfect","new product","JTK06","EYE MAKE UP","EYEBROW MATIC","INSTAPERFECT EYEBROW MATIC","B","Y","Local","STD","","MASSTIGE","","0","0.0","2021-04-23","2021-08-09","2021-04-22","0.6"
"2022-06-06 10:33:18","2021-04-22 02:40:15","03123","EB-IPEM02-W","Wardah Instaperfect BROWFLASH 3-in-1 Brow Perfector 02 Ash Brown 0.6 g","Finished Goods","Pc(s)","0.6","g","0.0","0","0","0","Sellable","Instaperfect","new product","JTK06","EYE MAKE UP","EYEBROW MATIC","INSTAPERFECT EYEBROW MATIC","A","Y","Local","STD","","MASSTIGE","","0","0.0","2021-04-23","2021-08-09","2021-04-22","0.6"
"2022-06-07 02:34:08","2021-04-22 02:30:15","01973","MA-NDSVC-W","Wardah Nature Daily Sheet Mask Vitamin C 20 ml","Finished Goods","Pc(s)","20.0","ml","0.0","120","0","0","Sellable","Wardah","to be discontinued","JTK06","FACE MOISTURIZER","SHEET MASK","WARDAH NATURE DAILY SHEET MASK","B","X","Local","OEMNDC","","MASS","","3","0.0","","","","20.0"
