Process code;Routing Type;Item code;Refill code;Bulk code;Bulk size;Bulk size_FM;Priority;Packing line code;Packing ALT.;Packing loss rate;Packing production rate;Packing production rate with chane over;Eficiency of packing;Filling code;Filling ALT.;Filling loss rate;Filling production rate;Filling production rate with change over;Eficiency of Filling
STD;RR01;BBC-NFSEL-W;;;;;NOMINAL_LINE;VMP10;1;0;300;300;1;;;;;;
STD;RR01;BBC-NFSEN-W;;;;;NOMINAL_LINE;VMP10;1;0;300;300;1;;;;;;
STD;RR01;BBC-NFSLN15-W;;;;;NOMINAL_LINE;VMP10;1;0;300;300;1;;;;;;
STD;RR01;BO-IPBCBBC02-W;;;;;NOMINAL_LINE;VMP10;1;0;360;360;1;;;;;;
STD;RR01;CUS-IPBB11-W;;;;;NOMINAL_LINE;VMP10;1;0;360;360;1;;;;;;
STD;RR01;CUS-IPBB12-W;;;;;NOMINAL_LINE;VMP10;1;0;360;360;1;;;;;;
STD;RR01;CUS-IPBB13-W;;;;;NOMINAL_LINE;VMP10;1;0;360;360;1;;;;;;
STD;RR01;CUS-RRIPMB11-W;;;;;NOMINAL_LINE;VMP10;1;0;300;300;1;;;;;;
STD;RR01;CUS-RRIPMB12-W;;;;;NOMINAL_LINE;VMP10;1;0;300;300;1;;;;;;
STD;RR01;CUS-RRIPMB13-W;;;;;NOMINAL_LINE;VMP10;1;0;300;300;1;;;;;;
STD;RR01;CUS-RRIPMB14-W;;;;;NOMINAL_LINE;VMP10;1;0;300;300;1;;;;;;
STD;RR01;CUS-RVIPMB11-W;;;;;NOMINAL_LINE;VMP10;1;0;300;300;1;;;;;;
STD;RR01;CUS-RVIPMB12-W;;;;;NOMINAL_LINE;VMP10;1;0;300;300;1;;;;;;
STD;RR01;CUS-RVIPMB13-W;;;;;NOMINAL_LINE;VMP10;1;0;300;300;1;;;;;;
STD;RR01;CUS-RVIPMB14-W;;;;;NOMINAL_LINE;VMP10;1;0;300;300;1;;;;;;
STD;RR01;EB-IPBB3M01-W;;;;;NOMINAL_LINE;VMP10;1;0;360;360;1;;;;;;
STD;RR01;EB-IPBB3M02-W;;;;;NOMINAL_LINE;VMP10;1;0;360;360;1;;;;;;
STD;RR03;EB-PBE-MO1,14G;;;;;NOMINAL_LINE;VMP10;1;0;540;540;1;;;;;;
STD;RR03;EB-PBL-MO1,14G;;;;;NOMINAL_LINE;VMP10;1;0;540;540;1;;;;;;
STD;RR03;EL-EDCPBL-EM0.2GR;;;;;NOMINAL_LINE;VMP10;1;0;600;600;1;;;;;;
STD;RR03;EL-LB-MO1,7ML;;;;;NOMINAL_LINE;VMP10;1;0;600;600;1;;;;;;
STD;RR01;EL-NFSESL-W;;;;;NOMINAL_LINE;VMP10;1;0;300;300;1;;;;;;
STD;RR01;F-L01-OMG;;;;;NOMINAL_LINE;VMP99;1;0;600000;600000;1;;;;;;
STD;RR01;F-L02-OMG;;;;;NOMINAL_LINE;VMP99;1;0;600000;600000;1;;;;;;
STD;RR01;F-L03-OMG;;;;;NOMINAL_LINE;VMP99;1;0;600000;600000;1;;;;;;
STD;RR01;F-L04-OMG;;;;;NOMINAL_LINE;VMP99;1;0;600000;600000;1;;;;;;
STD;RR01;F-L05-OMG;;;;;NOMINAL_LINE;VMP99;1;0;600000;600000;1;;;;;;
STD;RR01;F-L06-OMG;;;;;NOMINAL_LINE;VMP99;1;0;600000;600000;1;;;;;;
STD;RR01;F-NFSL02-W;;;;;NOMINAL_LINE;VMP10;1;0;1920;1920;1;;;;;;
STD;RR01;F-NFSL03-W;;;;;NOMINAL_LINE;VMP10;1;0;1920;1920;1;;;;;;
STD;RR03;FM-B7DM-EM;;;;;NOMINAL_LINE;VMP10;1;0;300;300;1;;;;;;
STD;RR01;FT-FT-OMG;;;;;NOMINAL_LINE;VMP99;1;0;600000;600000;1;;;;;;
STD;RR01;FW-FWN2-OMG;;;;;NOMINAL_LINE;VMP99;1;0;600000;600000;1;;;;;;
STD;RR01;L-IPBGC01-W;;;;;NOMINAL_LINE;VMP10;1;0;360;360;1;;;;;;
STD;RR01;L-IPBGC02-W;;;;;NOMINAL_LINE;VMP10;1;0;360;360;1;;;;;;
STD;RR01;L-NFSCUML01-W;;;;;NOMINAL_LINE;VMP10;1;0;300;300;1;;;;;;
STD;RR01;L-NFSCUML05-W;;;;;NOMINAL_LINE;VMP10;1;0;300;300;1;;;;;;
STD;RR01;L-NFSCUML08-W;;;;;NOMINAL_LINE;VMP10;1;0;300;300;1;;;;;;
STD;RR01;L-NFSEMLB05-W;;;;;NOMINAL_LINE;VMP10;1;0;300;300;1;;;;;;
STD;RR01;L-NFSEMLB08-W;;;;;NOMINAL_LINE;VMP10;1;0;300;300;1;;;;;;
STD;RR01;L-NFSEMLB09-W;;;;;NOMINAL_LINE;VMP10;1;0;300;300;1;;;;;;
STD;RR01;LB-NFSEFSG4-W;;;;;NOMINAL_LINE;VMP10;1;0;300;300;1;;;;;;
STD;RR01;LB-NFSEFSS4-W;;;;;NOMINAL_LINE;VMP10;1;0;300;300;1;;;;;;
STD;RR01;M-MN2-OMG;;;;;NOMINAL_LINE;VMP99;1;0;600000;600000;1;;;;;;
STD;RR01;M-NFSCSDC9-W;;;;;NOMINAL_LINE;VMP10;1;0;300;300;1;;;;;;
STD;RR01;M-NFSLDC20-W;;;;;NOMINAL_LINE;VMP10;1;0;300;300;1;;;;;;
STD;RR01;M-NFSLNC20-W;;;;;NOMINAL_LINE;VMP10;1;0;300;300;1;;;;;;
STD;RR01;M-NFSPB20-W;;;;;NOMINAL_LINE;VMP10;1;0;300;300;1;;;;;;
STD;RR01;M-NFSPBNS20-W;;;;;NOMINAL_LINE;VMP10;1;0;300;300;1;;;;;;
STD;RR01;MY-AASTG-W15ML;;;;;NOMINAL_LINE;VMP10;1;0;1200;1200;1;;;;;;
STD;RR01;MY-ADM-W40ML;;;;;NOMINAL_LINE;VMP10;1;0;960;960;1;;;;;;
STD;RR01;MY-AFP-W20G;;;;;NOMINAL_LINE;VMP10;1;0;1440;1440;1;;;;;;
STD;RR01;MY-ANTM-W40ML;;;;;NOMINAL_LINE;VMP10;1;0;960;960;1;;;;;;
STD;RR01;MY-APBB-W20G;;;;;NOMINAL_LINE;VMP10;1;0;1440;1440;1;;;;;;
STD;RR01;MY-APFC-W60ML;;;;;NOMINAL_LINE;VMP10;1;0;1440;1440;1;;;;;;
STD;RR01;MY-APRT-W100ML;;;;;NOMINAL_LINE;VMP10;1;0;1080;1080;1;;;;;;
STD;RR01;MY-BBCEL-W30ML;;;;;NOMINAL_LINE;VMP10;1;0;960;960;1;;;;;;
STD;RR01;MY-BBCEN-W30ML;;;;;NOMINAL_LINE;VMP10;1;0;960;960;1;;;;;;
STD;RR01;MY-BBCLL-W15ML;;;;;NOMINAL_LINE;VMP10;1;0;960;960;1;;;;;;
STD;RR01;MY-BBCLL-W30ML;;;;;NOMINAL_LINE;VMP10;1;0;960;960;1;;;;;;
STD;RR01;MY-BBCLN-W15ML;;;;;NOMINAL_LINE;VMP10;1;0;960;960;1;;;;;;
STD;RR01;MY-BBCLN-W30ML;;;;;NOMINAL_LINE;VMP10;1;0;960;960;1;;;;;;
STD;RR01;MY-BBSLP-EM;;;;;NOMINAL_LINE;VMP10;1;0;1200;1200;1;;;;;;
STD;RR01;MY-BCLCLPA-W;;;;;NOMINAL_LINE;VMP10;1;0;840;840;1;;;;;;
STD;RR01;MY-BCLCLPB-W;;;;;NOMINAL_LINE;VMP10;1;0;840;840;1;;;;;;
STD;RR01;MY-BCLCLPC-W;;;;;NOMINAL_LINE;VMP10;1;0;840;840;1;;;;;;
STD;RR01;MY-BCLCLPD-W;;;;;NOMINAL_LINE;VMP10;1;0;840;840;1;;;;;;
STD;RR01;MY-BDMCP01-EM;;;;;NOMINAL_LINE;VMP10;1;0;360;360;1;;;;;;
STD;RR01;MY-BDMCP02-EM;;;;;NOMINAL_LINE;VMP10;1;0;360;360;1;;;;;;
STD;RR01;MY-BDMCP03-EM;;;;;NOMINAL_LINE;VMP10;1;0;360;360;1;;;;;;
STD;RR01;MY-BDMCP04-EM;;;;;NOMINAL_LINE;VMP10;1;0;360;360;1;;;;;;
STD;RR01;MY-BESFBBLP-W8G;;;;;NOMINAL_LINE;VMP10;1;0;1440;1440;1;;;;;;
STD;RR01;MY-BOCLCNB-EM;;;;;NOMINAL_LINE;VMP10;1;0;1200;1200;1;;;;;;
STD;RR01;MY-BOCLCPE-EM;;;;;NOMINAL_LINE;VMP10;1;0;1200;1200;1;;;;;;
STD;RR01;MY-BOCLCPI-EM;;;;;NOMINAL_LINE;VMP10;1;0;1200;1200;1;;;;;;
STD;RR01;MY-BOCLCVI-EM;;;;;NOMINAL_LINE;VMP10;1;0;1200;1200;1;;;;;;
STD;RR01;MY-BOCLPCS-EM;;;;;NOMINAL_LINE;VMP10;1;0;1200;1200;1;;;;;;
STD;RR01;MY-BOCLPML-EM;;;;;NOMINAL_LINE;VMP10;1;0;1200;1200;1;;;;;;
STD;RR01;MY-BOCLPPB-EM;;;;;NOMINAL_LINE;VMP10;1;0;1200;1200;1;;;;;;
STD;RR01;MY-BOCLPPMCB-EM;;;;;NOMINAL_LINE;VMP10;1;0;900;900;1;;;;;;
STD;RR01;MY-BOCLPPTVB-EM;;;;;NOMINAL_LINE;VMP10;1;0;1200;1200;1;;;;;;
STD;RR01;MY-BOCOCBMM-W;;;;;NOMINAL_LINE;VMP10;1;0;840;840;1;;;;;;
STD;RR01;MY-BOCOCBSC-W;;;;;NOMINAL_LINE;VMP10;1;0;840;840;1;;;;;;
STD;RR01;MY-BOCOCBSP-W;;;;;NOMINAL_LINE;VMP10;1;0;840;840;1;;;;;;
STD;RR01;MY-BOE01-W;;;;;NOMINAL_LINE;VMP10;1;0;960;960;1;;;;;;
STD;RR01;MY-BOE02-W;;;;;NOMINAL_LINE;VMP10;1;0;720;720;1;;;;;;
STD;RR01;MY-BOIPCBBC01-W;;;;;NOMINAL_LINE;VMP10;1;0;1440;1440;1;;;;;;
STD;RR01;MY-BOIPCBBC02-W;;;;;NOMINAL_LINE;VMP10;1;0;1440;1440;1;;;;;;
STD;RR01;MY-BPBBB-W;;;;;NOMINAL_LINE;VMP10;1;0;720;720;1;;;;;;
STD;RR01;MY-BRBMLP04-EM;;;;;NOMINAL_LINE;VMP10;1;0;1200;1200;1;;;;;;
STD;RR01;MY-CONSMULCA-EM;;;;;NOMINAL_LINE;VMP10;1;0;480;480;1;;;;;;
STD;RR01;MY-CUSCLCA-W;;;;;NOMINAL_LINE;VMP10;1;0;300;300;1;;;;;;
STD;RR01;MY-CUSCLCB-W;;;;;NOMINAL_LINE;VMP10;1;0;300;300;1;;;;;;
STD;RR01;MY-CUSCLCC-W;;;;;NOMINAL_LINE;VMP10;1;0;300;300;1;;;;;;
STD;RR01;MY-CUSCLCD-W;;;;;NOMINAL_LINE;VMP10;1;0;300;300;1;;;;;;
STD;RR01;MY-CUSCLCE-W;;;;;NOMINAL_LINE;VMP10;1;0;300;300;1;;;;;;
STD;RR01;MY-CUSCLCF-W;;;;;NOMINAL_LINE;VMP10;1;0;300;300;1;;;;;;
STD;RR01;MY-CUSCLCG-W;;;;;NOMINAL_LINE;VMP10;1;0;300;300;1;;;;;;
STD;RR01;MY-CUSCLCH-W;;;;;NOMINAL_LINE;VMP10;1;0;300;300;1;;;;;;
STD;RR01;MY-CUSEFC01-W;;;;;NOMINAL_LINE;VMP10;1;0;720;720;1;;;;;;
STD;RR01;MY-CUSEFC02-W;;;;;NOMINAL_LINE;VMP10;1;0;720;720;1;;;;;;
STD;RR01;MY-CUSEFC03-W;;;;;NOMINAL_LINE;VMP10;1;0;720;720;1;;;;;;
STD;RR01;MY-CUSEFC04-W;;;;;NOMINAL_LINE;VMP10;1;0;720;720;1;;;;;;
STD;RR01;MY-CUSIPMB11-W;;;;;NOMINAL_LINE;VMP10;1;0;360;360;1;;;;;;
STD;RR01;MY-CUSIPMB12-W;;;;;NOMINAL_LINE;VMP10;1;0;360;360;1;;;;;;
STD;RR01;MY-CUSIPMB13-W;;;;;NOMINAL_LINE;VMP10;1;0;1080;1080;1;;;;;;
STD;RR01;MY-CUSIPMB14-W;;;;;NOMINAL_LINE;VMP10;1;0;1080;1080;1;;;;;;
STD;RR01;MY-DDCCDL-W20ML;;;;;NOMINAL_LINE;VMP10;1;0;720;720;1;;;;;;
STD;RR01;MY-DDCCDN-W20ML;;;;;NOMINAL_LINE;VMP10;1;0;720;720;1;;;;;;
STD;RR01;MY-EBABBL-EM;;;;;NOMINAL_LINE;VMP10;1;0;900;900;1;;;;;;
STD;RR01;MY-EBABBR-EM;;;;;NOMINAL_LINE;VMP10;1;0;900;900;1;;;;;;
STD;RR01;MY-EBBL-W1.14G;;;;;NOMINAL_LINE;VMP10;1;0;1080;1080;1;;;;;;
STD;RR01;MY-EBBR-W1.14G;;;;;NOMINAL_LINE;VMP10;1;0;1080;1080;1;;;;;;
STD;RR01;MY-EBEXPMBD01-W;;;;;NOMINAL_LINE;VMP10;1;0;180;180;1;;;;;;
STD;RR01;MY-EBEXPMBD02-W;;;;;NOMINAL_LINE;VMP10;1;0;180;180;1;;;;;;
STD;RR01;MY-EBEXPMBD03-W;;;;;NOMINAL_LINE;VMP10;1;0;180;180;1;;;;;;
STD;RR01;MY-EBIPEM01-W;;;;;NOMINAL_LINE;VMP10;1;0;300;300;1;;;;;;
STD;RR01;MY-EBIPEM02-W;;;;;NOMINAL_LINE;VMP10;1;0;300;300;1;;;;;;
STD;RR01;MY-EBREPBL-W;;;;;NOMINAL_LINE;VMP10;1;0;600;600;1;;;;;;
STD;RR01;MY-EBREPBR-W;;;;;NOMINAL_LINE;VMP10;1;0;600;600;1;;;;;;
STD;RR01;MY-EBSMUEMA-EM;;;;;NOMINAL_LINE;VMP10;1;0;360;360;1;;;;;;
STD;RR01;MY-EBSMUEMB-EM;;;;;NOMINAL_LINE;VMP10;1;0;360;360;1;;;;;;
STD;RR01;MY-EBSMUEMC-EM;;;;;NOMINAL_LINE;VMP10;1;0;360;360;1;;;;;;
STD;RR01;MY-EBTS-EM;;;;;NOMINAL_LINE;VMP10;1;0;900;900;1;;;;;;
STD;RR01;MY-ECRYAG-W10ML;;;;;NOMINAL_LINE;VMP10;1;0;720;720;1;;;;;;
STD;RR01;MY-ELBL-W1.14G;;;;;NOMINAL_LINE;VMP10;1;0;1080;1080;1;;;;;;
STD;RR01;MY-ELEDPBL-EM;;;;;NOMINAL_LINE;VMP10;1;0;1080;1080;1;;;;;;
STD;RR01;MY-ELEDPBR-EM;;;;;NOMINAL_LINE;VMP10;1;0;1080;1080;1;;;;;;
STD;RR01;MY-ELEOHB-W1G;;;;;NOMINAL_LINE;VMP10;1;0;1080;1080;1;;;;;;
STD;RR01;MY-ELESL-W3.5G;;;;;NOMINAL_LINE;VMP10;1;0;720;720;1;;;;;;
STD;RR01;MY-ELWH-W1.14G;;;;;NOMINAL_LINE;VMP10;1;0;1080;1080;1;;;;;;
STD;RR01;MY-ESEP01-W;;;;;NOMINAL_LINE;VMP10;1;0;720;720;1;;;;;;
STD;RR01;MY-ESEP02-W;;;;;NOMINAL_LINE;VMP10;1;0;720;720;1;;;;;;
STD;RR01;MY-ESPRPBK-EM;;;;;NOMINAL_LINE;VMP10;1;0;900;900;1;;;;;;
STD;RR01;MY-ESPRPGI-EM;;;;;NOMINAL_LINE;VMP10;1;0;900;900;1;;;;;;
STD;RR01;MY-ESPRPNS-EM;;;;;NOMINAL_LINE;VMP10;1;0;900;900;1;;;;;;
STD;RR01;MY-ESPRPPH-EM;;;;;NOMINAL_LINE;VMP10;1;0;900;900;1;;;;;;
STD;RR01;MY-FAEGH-W;;;;;NOMINAL_LINE;VMP10;1;0;720;720;1;;;;;;
STD;RR01;MY-FAIPLGH02-W;;;;;NOMINAL_LINE;VMP10;1;0;180;180;1;;;;;;
STD;RR01;MY-FBWMM01-EM;;;;;NOMINAL_LINE;VMP10;1;0;900;900;1;;;;;;
STD;RR01;MY-FBWMM02-EM;;;;;NOMINAL_LINE;VMP10;1;0;900;900;1;;;;;;
STD;RR01;MY-FBWMM03-EM;;;;;NOMINAL_LINE;VMP10;1;0;900;900;1;;;;;;
STD;RR01;MY-FCLCMA-W;;;;;NOMINAL_LINE;VMP10;1;0;600;600;1;;;;;;
STD;RR01;MY-FCLCMB-W;;;;;NOMINAL_LINE;VMP10;1;0;600;600;1;;;;;;
STD;RR01;MY-FCLCMC-W;;;;;NOMINAL_LINE;VMP10;1;0;600;600;1;;;;;;
STD;RR01;MY-FCLCMD-W;;;;;NOMINAL_LINE;VMP10;1;0;600;600;1;;;;;;
STD;RR01;MY-FCLCME-W;;;;;NOMINAL_LINE;VMP10;1;0;600;600;1;;;;;;
STD;RR01;MY-FCLCMF-W;;;;;NOMINAL_LINE;VMP10;1;0;600;600;1;;;;;;
STD;RR01;MY-FCLCMG-W;;;;;NOMINAL_LINE;VMP10;1;0;600;600;1;;;;;;
STD;RR01;MY-FCLCMH-W;;;;;NOMINAL_LINE;VMP10;1;0;600;600;1;;;;;;
STD;RR01;MY-FLLF01-W;;;;;NOMINAL_LINE;VMP10;1;0;720;720;1;;;;;;
STD;RR01;MY-FLLF02-W;;;;;NOMINAL_LINE;VMP10;1;0;720;720;1;;;;;;
STD;RR01;MY-FLLF03-W;;;;;NOMINAL_LINE;VMP10;1;0;720;720;1;;;;;;
STD;RR01;MY-FLLF04-W;;;;;NOMINAL_LINE;VMP10;1;0;720;720;1;;;;;;
STD;RR01;MY-FMCMB-EM;;;;;NOMINAL_LINE;VMP10;1;0;900;900;1;;;;;;
STD;RR01;MY-FMCMSC-EM;;;;;NOMINAL_LINE;VMP10;1;0;900;900;1;;;;;;
STD;RR01;MY-FMCMSS-EM;;;;;NOMINAL_LINE;VMP10;1;0;900;900;1;;;;;;
STD;RR01;MY-FMIAV-EM;;;;;NOMINAL_LINE;VMP10;1;0;900;900;1;;;;;;
STD;RR01;MY-FMICD-W55ML;;;;;NOMINAL_LINE;VMP10;1;0;1080;1080;1;;;;;;
STD;RR01;MY-FMILGT-W;;;;;NOMINAL_LINE;VMP10;1;0;600;600;1;;;;;;
STD;RR01;MY-FMMBLU-EM;;;;;NOMINAL_LINE;VMP10;1;0;180;180;1;;;;;;
STD;RR01;MY-FMMCAC-EM;;;;;NOMINAL_LINE;VMP10;1;0;180;180;1;;;;;;
STD;RR01;MY-FMMCHAR-EM;;;;;NOMINAL_LINE;VMP10;1;0;180;180;1;;;;;;
STD;RR01;MY-FMMGRA-EM;;;;;NOMINAL_LINE;VMP10;1;0;180;180;1;;;;;;
STD;RR01;MY-FMMPO-EM;;;;;NOMINAL_LINE;VMP10;1;0;600;600;1;;;;;;
STD;RR01;MY-FMMRI-EM;;;;;NOMINAL_LINE;VMP10;1;0;600;600;1;;;;;;
STD;RR01;MY-FMMTTO-EM;;;;;NOMINAL_LINE;VMP10;1;0;600;600;1;;;;;;
STD;RR01;MY-FMPBPO-W;;;;;NOMINAL_LINE;VMP10;1;0;720;720;1;;;;;;
STD;RR01;MY-FMPBTUWC-W;;;;;NOMINAL_LINE;VMP10;1;0;600;600;1;;;;;;
STD;RR01;MY-FMRLN2-W;;;;;NOMINAL_LINE;VMP10;1;0;600;600;1;;;;;;
STD;RR01;MY-FRELF01-W;;;;;NOMINAL_LINE;VMP10;1;0;720;720;1;;;;;;
STD;RR01;MY-FRELF02-W;;;;;NOMINAL_LINE;VMP10;1;0;720;720;1;;;;;;
STD;RR01;MY-FRELF03-W;;;;;NOMINAL_LINE;VMP10;1;0;720;720;1;;;;;;
STD;RR01;MY-FRELF04-W;;;;;NOMINAL_LINE;VMP10;1;0;720;720;1;;;;;;
STD;RR01;MY-FRELF05-W;;;;;NOMINAL_LINE;VMP10;1;0;720;720;1;;;;;;
STD;RR01;MY-FSAJ-EM;;;;;NOMINAL_LINE;VMP10;1;0;900;900;1;;;;;;
STD;RR01;MY-FSBSFS-EM;;;;;NOMINAL_LINE;VMP10;1;0;600;600;1;;;;;;
STD;RR01;MY-FTAN1-EM;;;;;NOMINAL_LINE;VMP10;1;0;360;360;1;;;;;;
STD;RR01;MY-FTBSE-EM;;;;;NOMINAL_LINE;VMP10;1;0;180;180;1;;;;;;
STD;RR01;MY-FTBST-EM;;;;;NOMINAL_LINE;VMP10;1;0;900;900;1;;;;;;
STD;RR01;MY-FTSBFT-EM;;;;;NOMINAL_LINE;VMP10;1;0;900;900;1;;;;;;
STD;RR01;MY-FWAH-W100ML;;;;;NOMINAL_LINE;VMP10;1;0;720;720;1;;;;;;
STD;RR01;MY-FWAN1-EM;;;;;NOMINAL_LINE;VMP10;1;0;360;360;1;;;;;;
STD;RR01;MY-FWBSACNE-EM;;;;;NOMINAL_LINE;VMP10;1;0;900;900;1;;;;;;
STD;RR01;MY-FWBSW-EM;;;;;NOMINAL_LINE;VMP10;1;0;900;900;1;;;;;;
STD;RR01;MY-FWCD-W100ML;;;;;NOMINAL_LINE;VMP10;1;0;1080;1080;1;;;;;;
STD;RR01;MY-FWCFW100-W;;;;;NOMINAL_LINE;VMP10;1;0;300;300;1;;;;;;
STD;RR01;MY-FWPBCFBO-W100ML;;;;;NOMINAL_LINE;VMP10;1;0;720;720;1;;;;;;
STD;RR01;MY-FWPBCFBS-W100ML;;;;;NOMINAL_LINE;VMP10;1;0;1080;1080;1;;;;;;
STD;RR01;MY-FWPHASN2-EM;;;;;NOMINAL_LINE;VMP10;1;0;900;900;1;;;;;;
STD;RR01;MY-FWRHMF-W;;;;;NOMINAL_LINE;VMP10;1;0;600;600;1;;;;;;
STD;RR01;MY-FWRWSABHA-W;;;;;NOMINAL_LINE;VMP10;1;0;600;600;1;;;;;;
STD;RR01;MY-FWRYAG-W100ML;;;;;NOMINAL_LINE;VMP10;1;0;1080;1080;1;;;;;;
STD;RR01;MY-FWSBRDBL-EM;;;;;NOMINAL_LINE;VMP10;1;0;900;900;1;;;;;;
STD;RR01;MY-FWSBRDBR-EM;;;;;NOMINAL_LINE;VMP10;1;0;900;900;1;;;;;;
STD;RR01;MY-HBLAHMG-W100ML;;;;;NOMINAL_LINE;VMP10;1;0;1080;1080;1;;;;;;
STD;RR01;MY-HBLAVG-EM;;;;;NOMINAL_LINE;VMP10;1;0;900;900;1;;;;;;
STD;RR01;MY-LBEVFSG-W4G;;;;;NOMINAL_LINE;VMP10;1;0;1080;1080;1;;;;;;
STD;RR01;MY-LBEVFSS-W4G;;;;;NOMINAL_LINE;VMP10;1;0;1080;1080;1;;;;;;
STD;RR01;MY-LBEVLNGT-W4G;;;;;NOMINAL_LINE;VMP10;1;0;1080;1080;1;;;;;;
STD;RR01;MY-LBEVLNH-W4G;;;;;NOMINAL_LINE;VMP10;1;0;1080;1080;1;;;;;;
STD;RR01;MY-LBLMMC-EM;;;;;NOMINAL_LINE;VMP10;1;0;360;360;1;;;;;;
STD;RR01;MY-LBLMOR-EM;;;;;NOMINAL_LINE;VMP10;1;0;360;360;1;;;;;;
STD;RR01;MY-LBLMPB-EM;;;;;NOMINAL_LINE;VMP10;1;0;900;900;1;;;;;;
STD;RR01;MY-LBLMPR-EM;;;;;NOMINAL_LINE;VMP10;1;0;360;360;1;;;;;;
STD;RR01;MY-LBSR-EM;;;;;NOMINAL_LINE;VMP10;1;0;900;900;1;;;;;;
STD;RR01;MY-LBSTSPB-EM;;;;;NOMINAL_LINE;VMP10;1;0;600;600;1;;;;;;
STD;RR01;MY-LBSTSPC-EM;;;;;NOMINAL_LINE;VMP10;1;0;600;600;1;;;;;;
STD;RR01;MY-LCLADC01-W;;;;;NOMINAL_LINE;VMP10;1;0;300;300;1;;;;;;
STD;RR01;MY-LCLADC02-W;;;;;NOMINAL_LINE;VMP10;1;0;300;300;1;;;;;;
STD;RR01;MY-LCLADC03-W;;;;;NOMINAL_LINE;VMP10;1;0;300;300;1;;;;;;
STD;RR01;MY-LCLADC04-W;;;;;NOMINAL_LINE;VMP10;1;0;300;300;1;;;;;;
STD;RR01;MY-LCLADC05-W;;;;;NOMINAL_LINE;VMP10;1;0;300;300;1;;;;;;
STD;RR01;MY-LCLADC06-W;;;;;NOMINAL_LINE;VMP10;1;0;300;300;1;;;;;;
STD;RR01;MY-LCLCLS1-W;;;;;NOMINAL_LINE;VMP10;1;0;360;360;1;;;;;;
STD;RR01;MY-LCLCLS2-W;;;;;NOMINAL_LINE;VMP10;1;0;360;360;1;;;;;;
STD;RR01;MY-LCLCLS3-W;;;;;NOMINAL_LINE;VMP10;1;0;360;360;1;;;;;;
STD;RR01;MY-LCLCLS4-W;;;;;NOMINAL_LINE;VMP10;1;0;360;360;1;;;;;;
STD;RR01;MY-LCLCLS5-W;;;;;NOMINAL_LINE;VMP10;1;0;360;360;1;;;;;;
STD;RR01;MY-LCLCLS6-W;;;;;NOMINAL_LINE;VMP10;1;0;360;360;1;;;;;;
STD;RR01;MY-LCLCLS7-W;;;;;NOMINAL_LINE;VMP10;1;0;360;360;1;;;;;;
STD;RR01;MY-LCLCLS8-W;;;;;NOMINAL_LINE;VMP10;1;0;360;360;1;;;;;;
STD;RR01;MY-LCM01-EM;;;;;NOMINAL_LINE;VMP10;1;0;600;600;1;;;;;;
STD;RR01;MY-LCM02-EM;;;;;NOMINAL_LINE;VMP10;1;0;600;600;1;;;;;;
STD;RR01;MY-LCM03-EM;;;;;NOMINAL_LINE;VMP10;1;0;600;600;1;;;;;;
STD;RR01;MY-LCM04-EM;;;;;NOMINAL_LINE;VMP10;1;0;600;600;1;;;;;;
STD;RR01;MY-LCM05-EM;;;;;NOMINAL_LINE;VMP10;1;0;600;600;1;;;;;;
STD;RR01;MY-LCM06-EM;;;;;NOMINAL_LINE;VMP10;1;0;600;600;1;;;;;;
STD;RR01;MY-LCM07-EM;;;;;NOMINAL_LINE;VMP10;1;0;600;600;1;;;;;;
STD;RR01;MY-LCM08-EM;;;;;NOMINAL_LINE;VMP10;1;0;600;600;1;;;;;;
STD;RR01;MY-LCM09-EM;;;;;NOMINAL_LINE;VMP10;1;0;600;600;1;;;;;;
STD;RR01;MY-LCM10-EM;;;;;NOMINAL_LINE;VMP10;1;0;600;600;1;;;;;;
STD;RR01;MY-LCM11-EM;;;;;NOMINAL_LINE;VMP10;1;0;600;600;1;;;;;;
STD;RR01;MY-LCM12-EM;;;;;NOMINAL_LINE;VMP10;1;0;600;600;1;;;;;;
STD;RR01;MY-LCM13-EM;;;;;NOMINAL_LINE;VMP10;1;0;600;600;1;;;;;;
STD;RR01;MY-LCM14-EM;;;;;NOMINAL_LINE;VMP10;1;0;600;600;1;;;;;;
STD;RR01;MY-LCM15-EM;;;;;NOMINAL_LINE;VMP10;1;0;600;600;1;;;;;;
STD;RR01;MY-LCUM01-W;;;;;NOMINAL_LINE;VMP10;1;0;720;720;1;;;;;;
STD;RR01;MY-LCUM02-W;;;;;NOMINAL_LINE;VMP10;1;0;720;720;1;;;;;;
STD;RR01;MY-LCUM03-W;;;;;NOMINAL_LINE;VMP10;1;0;720;720;1;;;;;;
STD;RR01;MY-LCUM04-W;;;;;NOMINAL_LINE;VMP10;1;0;720;720;1;;;;;;
STD;RR01;MY-LCUM05-W;;;;;NOMINAL_LINE;VMP10;1;0;720;720;1;;;;;;
STD;RR01;MY-LCUM06-W;;;;;NOMINAL_LINE;VMP10;1;0;720;720;1;;;;;;
STD;RR01;MY-LCUM07-W;;;;;NOMINAL_LINE;VMP10;1;0;720;720;1;;;;;;
STD;RR01;MY-LCUM08-W;;;;;NOMINAL_LINE;VMP10;1;0;720;720;1;;;;;;
STD;RR01;MY-LCUSH01-EM;;;;;NOMINAL_LINE;VMP10;1;0;600;600;1;;;;;;
STD;RR01;MY-LCUSH02-EM;;;;;NOMINAL_LINE;VMP10;1;0;600;600;1;;;;;;
STD;RR01;MY-LCUSH03-EM;;;;;NOMINAL_LINE;VMP10;1;0;600;600;1;;;;;;
STD;RR01;MY-LCUSH04-EM;;;;;NOMINAL_LINE;VMP10;1;0;600;600;1;;;;;;
STD;RR01;MY-LCUSH05-EM;;;;;NOMINAL_LINE;VMP10;1;0;600;600;1;;;;;;
STD;RR01;MY-LCUSH06-EM;;;;;NOMINAL_LINE;VMP10;1;0;600;600;1;;;;;;
STD;RR01;MY-LCVM01-W;;;;;NOMINAL_LINE;VMP10;1;0;1080;1080;1;;;;;;
STD;RR01;MY-LCVM02-W;;;;;NOMINAL_LINE;VMP10;1;0;1080;1080;1;;;;;;
STD;RR01;MY-LCVM03-W;;;;;NOMINAL_LINE;VMP10;1;0;1080;1080;1;;;;;;
STD;RR01;MY-LCVM04-W;;;;;NOMINAL_LINE;VMP10;1;0;1080;1080;1;;;;;;
STD;RR01;MY-LCVM05-W;;;;;NOMINAL_LINE;VMP10;1;0;1080;1080;1;;;;;;
STD;RR01;MY-LCVM06-W;;;;;NOMINAL_LINE;VMP10;1;0;1080;1080;1;;;;;;
STD;RR01;MY-LCVM07-W;;;;;NOMINAL_LINE;VMP10;1;0;1080;1080;1;;;;;;
STD;RR01;MY-LCVM08-W;;;;;NOMINAL_LINE;VMP10;1;0;1080;1080;1;;;;;;
STD;RR01;MY-LCVM09-W;;;;;NOMINAL_LINE;VMP10;1;0;600;600;1;;;;;;
STD;RR01;MY-LCVM10-W;;;;;NOMINAL_LINE;VMP10;1;0;600;600;1;;;;;;
STD;RR01;MY-LCVM11-W;;;;;NOMINAL_LINE;VMP10;1;0;600;600;1;;;;;;
STD;RR01;MY-LCVM12-W;;;;;NOMINAL_LINE;VMP10;1;0;600;600;1;;;;;;
STD;RR01;MY-LCVM13-W;;;;;NOMINAL_LINE;VMP10;1;0;600;600;1;;;;;;
STD;RR01;MY-LCVM14-W;;;;;NOMINAL_LINE;VMP10;1;0;600;600;1;;;;;;
STD;RR01;MY-LEMC01-W4G;;;;;NOMINAL_LINE;VMP10;1;0;720;720;1;;;;;;
STD;RR01;MY-LEMC02-W4G;;;;;NOMINAL_LINE;VMP10;1;0;720;720;1;;;;;;
STD;RR01;MY-LEMC03-W4G;;;;;NOMINAL_LINE;VMP10;1;0;720;720;1;;;;;;
STD;RR01;MY-LEMC04-W4G;;;;;NOMINAL_LINE;VMP10;1;0;720;720;1;;;;;;
STD;RR01;MY-LEMC05-W4G;;;;;NOMINAL_LINE;VMP10;1;0;720;720;1;;;;;;
STD;RR01;MY-LEMC06-W4G;;;;;NOMINAL_LINE;VMP10;1;0;720;720;1;;;;;;
STD;RR01;MY-LEMC07-W4G;;;;;NOMINAL_LINE;VMP10;1;0;720;720;1;;;;;;
STD;RR01;MY-LEMC08-W4G;;;;;NOMINAL_LINE;VMP10;1;0;720;720;1;;;;;;
STD;RR01;MY-LEMC09-W4G;;;;;NOMINAL_LINE;VMP10;1;0;720;720;1;;;;;;
STD;RR01;MY-LEMC10-W4G;;;;;NOMINAL_LINE;VMP10;1;0;720;720;1;;;;;;
STD;RR01;MY-LEMC11-W4G;;;;;NOMINAL_LINE;VMP10;1;0;720;720;1;;;;;;
STD;RR01;MY-LEMC12-W4G;;;;;NOMINAL_LINE;VMP10;1;0;720;720;1;;;;;;
STD;RR01;MY-LEMC13-W4G;;;;;NOMINAL_LINE;VMP10;1;0;720;720;1;;;;;;
STD;RR01;MY-LEMC14-W4G;;;;;NOMINAL_LINE;VMP10;1;0;720;720;1;;;;;;
STD;RR01;MY-LEMC15-W4G;;;;;NOMINAL_LINE;VMP10;1;0;720;720;1;;;;;;
STD;RR01;MY-LEMC16-W4G;;;;;NOMINAL_LINE;VMP10;1;0;720;720;1;;;;;;
STD;RR01;MY-LEMC17-W4G;;;;;NOMINAL_LINE;VMP10;1;0;720;720;1;;;;;;
STD;RR01;MY-LEMC18-W4G;;;;;NOMINAL_LINE;VMP10;1;0;720;720;1;;;;;;
STD;RR01;MY-LEVCL01-W5.5G;;;;;NOMINAL_LINE;VMP10;1;0;1080;1080;1;;;;;;
STD;RR01;MY-LEVCL02-W5.5G;;;;;NOMINAL_LINE;VMP10;1;0;1080;1080;1;;;;;;
STD;RR01;MY-LEVCL03-W5.5G;;;;;NOMINAL_LINE;VMP10;1;0;1080;1080;1;;;;;;
STD;RR01;MY-LGS01-EM;;;;;NOMINAL_LINE;VMP10;1;0;600;600;1;;;;;;
STD;RR01;MY-LGS02-EM;;;;;NOMINAL_LINE;VMP10;1;0;600;600;1;;;;;;
STD;RR01;MY-LGS03-EM;;;;;NOMINAL_LINE;VMP10;1;0;600;600;1;;;;;;
STD;RR01;MY-LGS04-EM;;;;;NOMINAL_LINE;VMP10;1;0;600;600;1;;;;;;
STD;RR01;MY-LGS05-EM;;;;;NOMINAL_LINE;VMP10;1;0;600;600;1;;;;;;
STD;RR01;MY-LIPEI01-W;;;;;NOMINAL_LINE;VMP10;1;0;600;600;1;;;;;;
STD;RR01;MY-LIPEI02-W;;;;;NOMINAL_LINE;VMP10;1;0;600;600;1;;;;;;
STD;RR01;MY-LIPEI03-W;;;;;NOMINAL_LINE;VMP10;1;0;600;600;1;;;;;;
STD;RR01;MY-LIPEI04-W;;;;;NOMINAL_LINE;VMP10;1;0;600;600;1;;;;;;
STD;RR01;MY-LIPEI05-W;;;;;NOMINAL_LINE;VMP10;1;0;600;600;1;;;;;;
STD;RR01;MY-LIPEI06-W;;;;;NOMINAL_LINE;VMP10;1;0;600;600;1;;;;;;
STD;RR01;MY-LIPEI07-W;;;;;NOMINAL_LINE;VMP10;1;0;600;600;1;;;;;;
STD;RR01;MY-LIPEI08-W;;;;;NOMINAL_LINE;VMP10;1;0;600;600;1;;;;;;
STD;RR01;MY-LIPMLMP01-W;;;;;NOMINAL_LINE;VMP10;1;0;1080;1080;1;;;;;;
STD;RR01;MY-LIPMLMP02-W;;;;;NOMINAL_LINE;VMP10;1;0;1080;1080;1;;;;;;
STD;RR01;MY-LIPMLMP03-W;;;;;NOMINAL_LINE;VMP10;1;0;1080;1080;1;;;;;;
STD;RR01;MY-LIPMLMP06-W;;;;;NOMINAL_LINE;VMP10;1;0;1080;1080;1;;;;;;
STD;RR01;MY-LIPMLMP07-W;;;;;NOMINAL_LINE;VMP10;1;0;1080;1080;1;;;;;;
STD;RR01;MY-LIPMLMP08-W;;;;;NOMINAL_LINE;VMP10;1;0;1080;1080;1;;;;;;
STD;RR01;MY-LIPMLMP09-W;;;;;NOMINAL_LINE;VMP10;1;0;1080;1080;1;;;;;;
STD;RR01;MY-LLLS01-EM;;;;;NOMINAL_LINE;VMP10;1;0;360;360;1;;;;;;
STD;RR01;MY-LLLS02-EM;;;;;NOMINAL_LINE;VMP10;1;0;360;360;1;;;;;;
STD;RR01;MY-LLLS03-EM;;;;;NOMINAL_LINE;VMP10;1;0;360;360;1;;;;;;
STD;RR01;MY-LLLS04-EM;;;;;NOMINAL_LINE;VMP10;1;0;360;360;1;;;;;;
STD;RR01;MY-LNLCA-EM;;;;;NOMINAL_LINE;VMP10;1;0;360;360;1;;;;;;
STD;RR01;MY-LNLCB-EM;;;;;NOMINAL_LINE;VMP10;1;0;360;360;1;;;;;;
STD;RR01;MY-LNLCC-EM;;;;;NOMINAL_LINE;VMP10;1;0;360;360;1;;;;;;
STD;RR01;MY-LNLCD-EM;;;;;NOMINAL_LINE;VMP10;1;0;360;360;1;;;;;;
STD;RR01;MY-LNLCE-EM;;;;;NOMINAL_LINE;VMP10;1;0;360;360;1;;;;;;
STD;RR01;MY-LREMA02-W;;;;;NOMINAL_LINE;VMP10;1;0;720;720;1;;;;;;
STD;RR01;MY-LREMA03-W;;;;;NOMINAL_LINE;VMP10;1;0;720;720;1;;;;;;
STD;RR01;MY-LREMA04-W;;;;;NOMINAL_LINE;VMP10;1;0;720;720;1;;;;;;
STD;RR01;MY-LREMA05-W;;;;;NOMINAL_LINE;VMP10;1;0;720;720;1;;;;;;
STD;RR01;MY-LREMA09-W;;;;;NOMINAL_LINE;VMP10;1;0;720;720;1;;;;;;
STD;RR01;MY-LREMA16-W;;;;;NOMINAL_LINE;VMP10;1;0;720;720;1;;;;;;
STD;RR01;MY-LREMA17-W;;;;;NOMINAL_LINE;VMP10;1;0;720;720;1;;;;;;
STD;RR01;MY-LREMA18-W;;;;;NOMINAL_LINE;VMP10;1;0;720;720;1;;;;;;
STD;RR01;MY-LREMO21-W;;;;;NOMINAL_LINE;VMP10;1;0;720;720;1;;;;;;
STD;RR01;MY-LREMO23-W;;;;;NOMINAL_LINE;VMP10;1;0;720;720;1;;;;;;
STD;RR01;MY-LREMO26-W;;;;;NOMINAL_LINE;VMP10;1;0;720;720;1;;;;;;
STD;RR01;MY-LREMO30-W;;;;;NOMINAL_LINE;VMP10;1;0;720;720;1;;;;;;
STD;RR01;MY-LREMO36-W;;;;;NOMINAL_LINE;VMP10;1;0;720;720;1;;;;;;
STD;RR01;MY-LREMO41-W;;;;;NOMINAL_LINE;VMP10;1;0;720;720;1;;;;;;
STD;RR01;MY-LREMO43-W;;;;;NOMINAL_LINE;VMP10;1;0;720;720;1;;;;;;
STD;RR01;MY-LREMO46-W;;;;;NOMINAL_LINE;VMP10;1;0;720;720;1;;;;;;
STD;RR01;MY-LSLWCA-W;;;;;NOMINAL_LINE;VMP10;1;0;600;600;1;;;;;;
STD;RR01;MY-LSLWCB-W;;;;;NOMINAL_LINE;VMP10;1;0;600;600;1;;;;;;
STD;RR01;MY-LSLWCC-W;;;;;NOMINAL_LINE;VMP10;1;0;600;600;1;;;;;;
STD;RR01;MY-LSLWCD-W;;;;;NOMINAL_LINE;VMP10;1;0;600;600;1;;;;;;
STD;RR01;MY-LSLWCE-W;;;;;NOMINAL_LINE;VMP10;1;0;600;600;1;;;;;;
STD;RR01;MY-LSLWCF-W;;;;;NOMINAL_LINE;VMP10;1;0;600;600;1;;;;;;
STD;RR01;MY-LSLWCG-W;;;;;NOMINAL_LINE;VMP10;1;0;600;600;1;;;;;;
STD;RR01;MY-LSLWCH-W;;;;;NOMINAL_LINE;VMP10;1;0;600;600;1;;;;;;
STD;RR01;MY-LSLWCI-W;;;;;NOMINAL_LINE;VMP10;1;0;600;600;1;;;;;;
STD;RR01;MY-LSLWCJ-W;;;;;NOMINAL_LINE;VMP10;1;0;600;600;1;;;;;;
STD;RR01;MY-LSLWCK-W;;;;;NOMINAL_LINE;VMP10;1;0;600;600;1;;;;;;
STD;RR01;MY-LSLWCL-W;;;;;NOMINAL_LINE;VMP10;1;0;600;600;1;;;;;;
STD;RR01;MY-LSMULMA-EM;;;;;NOMINAL_LINE;VMP10;1;0;360;360;1;;;;;;
STD;RR01;MY-LSMULMD-EM;;;;;NOMINAL_LINE;VMP10;1;0;360;360;1;;;;;;
STD;RR01;MY-LTCR01-EM;;;;;NOMINAL_LINE;VMP10;1;0;600;600;1;;;;;;
STD;RR01;MY-LTCR02-EM;;;;;NOMINAL_LINE;VMP10;1;0;600;600;1;;;;;;
STD;RR01;MY-LTCR03-EM;;;;;NOMINAL_LINE;VMP10;1;0;600;600;1;;;;;;
STD;RR01;MY-LTCR04-EM;;;;;NOMINAL_LINE;VMP10;1;0;600;600;1;;;;;;
STD;RR01;MY-LTCR05-EM;;;;;NOMINAL_LINE;VMP10;1;0;600;600;1;;;;;;
STD;RR01;MY-LTMP04-EM;;;;;NOMINAL_LINE;VMP10;1;0;600;600;1;;;;;;
STD;RR01;MY-LTMP05-EM;;;;;NOMINAL_LINE;VMP10;1;0;600;600;1;;;;;;
STD;RR01;MY-LTMP06-EM;;;;;NOMINAL_LINE;VMP10;1;0;600;600;1;;;;;;
STD;RR01;MY-LTMPSG-EM;;;;;NOMINAL_LINE;VMP10;1;0;600;600;1;;;;;;
STD;RR01;MY-LTMPSM-EM;;;;;NOMINAL_LINE;VMP10;1;0;600;600;1;;;;;;
STD;RR01;MY-LTMPSR-EM;;;;;NOMINAL_LINE;VMP10;1;0;600;600;1;;;;;;
STD;RR01;MY-MABSE-EM;;;;;NOMINAL_LINE;VMP10;1;0;600;600;1;;;;;;
STD;RR01;MY-MAGDC-W30G;;;;;NOMINAL_LINE;VMP10;1;0;1080;1080;1;;;;;;
STD;RR01;MY-MAGNC-W30G;;;;;NOMINAL_LINE;VMP10;1;0;1080;1080;1;;;;;;
STD;RR01;MY-MASKEEAL-W6G;;;;;NOMINAL_LINE;VMP10;1;0;1080;1080;1;;;;;;
STD;RR01;MY-MASKEEPC-W7G;;;;;NOMINAL_LINE;VMP10;1;0;1080;1080;1;;;;;;
STD;RR01;MY-MASKEEVE-W;;;;;NOMINAL_LINE;VMP10;1;0;1080;1080;1;;;;;;
STD;RR01;MY-MASKEXPMM-W;;;;;NOMINAL_LINE;VMP10;1;0;180;180;1;;;;;;
STD;RR01;MY-MASKSLA-EM;;;;;NOMINAL_LINE;VMP10;1;0;900;900;1;;;;;;
STD;RR01;MY-MASKSMU-EM;;;;;NOMINAL_LINE;VMP10;1;0;360;360;1;;;;;;
STD;RR01;MY-MBSACNE-EM;;;;;NOMINAL_LINE;VMP10;1;0;900;900;1;;;;;;
STD;RR01;MY-MBSC-EM;;;;;NOMINAL_LINE;VMP10;1;0;900;900;1;;;;;;
STD;RR01;MY-MBSNC-EM;;;;;NOMINAL_LINE;VMP10;1;0;180;180;1;;;;;;
STD;RR01;MY-MBSTUC-EM;;;;;NOMINAL_LINE;VMP10;1;0;900;900;1;;;;;;
STD;RR01;MY-MCSAHG-W;;;;;NOMINAL_LINE;VMP10;1;0;600;600;1;;;;;;
STD;RR01;MY-MCSAOC-W;;;;;NOMINAL_LINE;VMP10;1;0;600;600;1;;;;;;
STD;RR01;MY-MCSRRC-W;;;;;NOMINAL_LINE;VMP10;1;0;600;600;1;;;;;;
STD;RR01;MY-MPHAG-EM;;;;;NOMINAL_LINE;VMP10;1;0;900;900;1;;;;;;
STD;RR01;MY-MRPBNS-W20ML;;;;;NOMINAL_LINE;VMP10;1;0;720;720;1;;;;;;
STD;RR01;MY-MRPBSPF-W20ML;;;;;NOMINAL_LINE;VMP10;1;0;1080;1080;1;;;;;;
STD;RR01;MY-MRWSDCN2-W;;;;;NOMINAL_LINE;VMP10;1;0;600;600;1;;;;;;
STD;RR01;MY-MRWSNCN2-W;;;;;NOMINAL_LINE;VMP10;1;0;600;600;1;;;;;;
STD;RR01;MY-MURDIS-EM;;;;;NOMINAL_LINE;VMP10;1;0;900;900;1;;;;;;
STD;RR01;MY-PCLR-W;;;;;NOMINAL_LINE;VMP10;1;0;180;180;1;;;;;;
STD;RR01;MY-PCSTK-W;;;;;NOMINAL_LINE;VMP10;1;0;540;540;1;;;;;;
STD;RR01;MY-PHHU-W;;;;;NOMINAL_LINE;VMP10;1;0;1080;1080;1;;;;;;
STD;RR01;MY-PLHRM-W;;;;;NOMINAL_LINE;VMP10;1;0;180;180;1;;;;;;
STD;RR01;MY-PRHDSSK-W;;;;;NOMINAL_LINE;VMP10;1;0;210;210;1;;;;;;
STD;RR01;MY-PRMIPPF-W;;;;;NOMINAL_LINE;VMP10;1;0;360;360;1;;;;;;
STD;RR01;MY-PRMPR-EM;;;;;NOMINAL_LINE;VMP10;1;0;900;900;1;;;;;;
STD;RR01;MY-PRTCRE02-W;;;;;NOMINAL_LINE;VMP10;1;0;300;300;1;;;;;;
STD;RR01;MY-PRTCRE04-W;;;;;NOMINAL_LINE;VMP10;1;0;300;300;1;;;;;;
STD;RR01;MY-RBOA-W;;;;;NOMINAL_LINE;VMP10;1;0;1080;1080;1;;;;;;
STD;RR01;MY-RBOB-W;;;;;NOMINAL_LINE;VMP10;1;0;1080;1080;1;;;;;;
STD;RR01;MY-RBOC-W;;;;;NOMINAL_LINE;VMP10;1;0;1080;1080;1;;;;;;
STD;RR01;MY-RBOD-W;;;;;NOMINAL_LINE;VMP10;1;0;1080;1080;1;;;;;;
STD;RR01;MY-REBEK-W;;;;;NOMINAL_LINE;VMP10;1;0;1080;1080;1;;;;;;
STD;RR01;MY-REMCDAMG-W;;;;;NOMINAL_LINE;VMP10;1;0;600;600;1;;;;;;
STD;RR01;MY-REMEEM-W100ML;;;;;NOMINAL_LINE;VMP10;1;0;1080;1080;1;;;;;;
STD;RR01;MY-REMPBTUMW-W;;;;;NOMINAL_LINE;VMP10;1;0;720;720;1;;;;;;
STD;RR01;MY-REMRBSMWN1-EM;;;;;NOMINAL_LINE;VMP10;1;0;600;600;1;;;;;;
STD;RR01;MY-REMSBRMW-EM;;;;;NOMINAL_LINE;VMP10;1;0;900;900;1;;;;;;
STD;RR01;MY-REMSCMW-W100ML;;;;;NOMINAL_LINE;VMP10;1;0;300;300;1;;;;;;
STD;RR01;MY-RESIPSCP-W;;;;;NOMINAL_LINE;VMP10;1;0;1080;1080;1;;;;;;
STD;RR01;MY-RLIPGC01-W;;;;;NOMINAL_LINE;VMP10;1;0;1080;1080;1;;;;;;
STD;RR01;MY-RLIPGC02-W;;;;;NOMINAL_LINE;VMP10;1;0;1080;1080;1;;;;;;
STD;RR01;MY-RLIPGC03-W;;;;;NOMINAL_LINE;VMP10;1;0;1080;1080;1;;;;;;
STD;RR01;MY-RLIPMMS01-W;;;;;NOMINAL_LINE;VMP10;1;0;1080;1080;1;;;;;;
STD;RR01;MY-RLIPMMS02-W;;;;;NOMINAL_LINE;VMP10;1;0;1080;1080;1;;;;;;
STD;RR01;MY-RLIPMMS03-W;;;;;NOMINAL_LINE;VMP10;1;0;1080;1080;1;;;;;;
STD;RR01;MY-RLIPMMS04-W;;;;;NOMINAL_LINE;VMP10;1;0;1080;1080;1;;;;;;
STD;RR01;MY-RLIPMMS05-W;;;;;NOMINAL_LINE;VMP10;1;0;1080;1080;1;;;;;;
STD;RR01;MY-RLREMA03-W;;;;;NOMINAL_LINE;VMP10;1;0;720;720;1;;;;;;
STD;RR01;MY-RLREMA04-W;;;;;NOMINAL_LINE;VMP10;1;0;720;720;1;;;;;;
STD;RR01;MY-RMAHC-W;;;;;NOMINAL_LINE;VMP10;1;0;960;960;1;;;;;;
STD;RR01;MY-RTCIPMFPF11-W;;;;;NOMINAL_LINE;VMP10;1;0;1080;1080;1;;;;;;
STD;RR01;MY-RTCIPMFPF12-W;;;;;NOMINAL_LINE;VMP10;1;0;1080;1080;1;;;;;;
STD;RR01;MY-RTCIPMFPF13-W;;;;;NOMINAL_LINE;VMP10;1;0;1080;1080;1;;;;;;
STD;RR01;MY-RTCIPMFPF14-W;;;;;NOMINAL_LINE;VMP10;1;0;1080;1080;1;;;;;;
STD;RR01;MY-RTCLBB01-W;;;;;NOMINAL_LINE;VMP10;1;0;1080;1080;1;;;;;;
STD;RR01;MY-RTCLBB02-W;;;;;NOMINAL_LINE;VMP10;1;0;1080;1080;1;;;;;;
STD;RR01;MY-RTCLBB03-W;;;;;NOMINAL_LINE;VMP10;1;0;1080;1080;1;;;;;;
STD;RR01;MY-SRMAGIS-W17ML;;;;;NOMINAL_LINE;VMP10;1;0;1080;1080;1;;;;;;
STD;RR01;MY-SRMAGTE-W100ML;;;;;NOMINAL_LINE;VMP10;1;0;1080;1080;1;;;;;;
STD;RR01;MY-SRMAN1-EM;;;;;NOMINAL_LINE;VMP10;1;0;360;360;1;;;;;;
STD;RR01;MY-SRMASSE-EM;;;;;NOMINAL_LINE;VMP10;1;0;900;900;1;;;;;;
STD;RR01;MY-SRMBSS-EM;;;;;NOMINAL_LINE;VMP10;1;0;600;600;1;;;;;;
STD;RR01;MY-SRMCAB-W;;;;;NOMINAL_LINE;VMP10;1;0;600;600;1;;;;;;
STD;RR01;MY-SRMCD-W17ML;;;;;NOMINAL_LINE;VMP10;1;0;1080;1080;1;;;;;;
STD;RR01;MY-SRMCSAE-W;;;;;NOMINAL_LINE;VMP10;1;0;600;600;1;;;;;;
STD;RR01;MY-SRMCSRO-W;;;;;NOMINAL_LINE;VMP10;1;0;600;600;1;;;;;;
STD;RR01;MY-SRMRABS-KA;;;;;NOMINAL_LINE;VMP10;1;0;360;360;1;;;;;;
STD;RR01;MY-SRMRWSIBS-W;;;;;NOMINAL_LINE;VMP10;1;0;600;600;1;;;;;;
STD;RR01;MY-SRMRWSPTEN2-W;;;;;NOMINAL_LINE;VMP10;1;0;600;600;1;;;;;;
STD;RR01;MY-SRMRWSPTEN4-W;;;;;NOMINAL_LINE;VMP10;1;0;420;420;1;;;;;;
STD;RR01;MY-SSSB45-EM;;;;;NOMINAL_LINE;VMP10;1;0;600;600;1;;;;;;
STD;RR01;MY-SSSBAT30-EM;;;;;NOMINAL_LINE;VMP10;1;0;360;360;1;;;;;;
STD;RR01;MY-SSUVSLMSN-W;;;;;NOMINAL_LINE;VMP10;1;0;360;360;1;;;;;;
STD;RR01;MY-TCR3LLF01-W;;;;;NOMINAL_LINE;VMP10;1;0;600;600;1;;;;;;
STD;RR01;MY-TCR3LLF04-W;;;;;NOMINAL_LINE;VMP10;1;0;600;600;1;;;;;;
STD;RR01;MY-TCR3LLF05-W;;;;;NOMINAL_LINE;VMP10;1;0;600;600;1;;;;;;
STD;RR01;MY-TCRE01-W;;;;;NOMINAL_LINE;VMP10;1;0;720;720;1;;;;;;
STD;RR01;MY-TCRE02-W;;;;;NOMINAL_LINE;VMP10;1;0;720;720;1;;;;;;
STD;RR01;MY-TCRE03-W;;;;;NOMINAL_LINE;VMP10;1;0;720;720;1;;;;;;
STD;RR01;MY-TCRE04-W;;;;;NOMINAL_LINE;VMP10;1;0;720;720;1;;;;;;
STD;RR01;MY-TCRE05-W;;;;;NOMINAL_LINE;VMP10;1;0;720;720;1;;;;;;
STD;RR01;P-AHRKBJ-W;;;;;NOMINAL_LINE;VMP10;1;0;240;240;1;;;;;;
STD;RR01;P-BCSDCFW-W;;;;;NOMINAL_LINE;VMP10;1;0;240;240;1;;;;;;
STD;RR01;P-BIGA-MO;;;;;NOMINAL_LINE;VMP10;1;0;240;240;1;;;;;;
STD;RR01;P-BIGB-MO;;;;;NOMINAL_LINE;VMP10;1;0;240;240;1;;;;;;
STD;RR01;P-BS-L;;;;;NOMINAL_LINE;VMP10;1;0;180;180;1;;;;;;
STD;RR01;P-CD2-W;;;;;NOMINAL_LINE;VMP10;1;0;360;360;1;;;;;;
STD;RR01;P-CFG-W;;;;;NOMINAL_LINE;VMP10;1;0;90;90;1;;;;;;
STD;RR01;P-CLR-W;;;;;NOMINAL_LINE;VMP10;1;0;180;180;1;;;;;;
STD;RR01;P-CSC1-W;;;;;NOMINAL_LINE;VMP10;1;0;240;240;1;;;;;;
STD;RR01;P-CSLAW-W;;;;;NOMINAL_LINE;VMP10;1;0;120;120;1;;;;;;
STD;RR01;P-CSLBD-W;;;;;NOMINAL_LINE;VMP10;1;0;120;120;1;;;;;;
STD;RR01;P-CSLBG-W;;;;;NOMINAL_LINE;VMP10;1;0;120;120;1;;;;;;
STD;RR01;P-CSP-W;;;;;NOMINAL_LINE;VMP10;1;0;120;120;1;;;;;;
STD;RR01;P-ELPBJ-MO;;;;;NOMINAL_LINE;VMP10;1;0;600;600;1;;;;;;
STD;RR01;P-EXR-W;;;;;NOMINAL_LINE;VMP10;1;0;300;300;1;;;;;;
STD;RR01;P-IPF-W;;;;;NOMINAL_LINE;VMP10;1;0;120;120;1;;;;;;
STD;RR01;P-IPR1-W;;;;;NOMINAL_LINE;VMP10;1;0;240;240;1;;;;;;
STD;RR01;P-IPR3-W;;;;;NOMINAL_LINE;VMP10;1;0;240;240;1;;;;;;
STD;RR01;P-KP1-KA;;;;;NOMINAL_LINE;VMP10;1;0;120;120;1;;;;;;
STD;RR01;P-KP2-KA;;;;;NOMINAL_LINE;VMP10;1;0;120;120;1;;;;;;
STD;RR01;P-KP3-KA;;;;;NOMINAL_LINE;VMP10;1;0;120;120;1;;;;;;
STD;RR01;P-KP4-KA;;;;;NOMINAL_LINE;VMP10;1;0;120;120;1;;;;;;
STD;RR01;P-KP5-KA;;;;;NOMINAL_LINE;VMP10;1;0;120;120;1;;;;;;
STD;RR01;P-LHRM-W;;;;;NOMINAL_LINE;VMP10;1;0;180;180;1;;;;;;
STD;RR01;P-NDASD-W;;;;;NOMINAL_LINE;VMP10;1;0;180;180;1;;;;;;
STD;RR01;P-NDASG-W;;;;;NOMINAL_LINE;VMP10;1;0;180;180;1;;;;;;
STD;RR01;P-RD-EM;;;;;NOMINAL_LINE;VMP10;1;0;120;120;1;;;;;;
STD;RR01;P-RM-EM;;;;;NOMINAL_LINE;VMP10;1;0;120;120;1;;;;;;
STD;RR01;P-RS-EM;;;;;NOMINAL_LINE;VMP10;1;0;120;120;1;;;;;;
STD;RR01;P-SH-L;;;;;NOMINAL_LINE;VMP10;1;0;180;180;1;;;;;;
STD;RR01;P-SMA-MO;;;;;NOMINAL_LINE;VMP10;1;0;180;180;1;;;;;;
STD;RR01;P-SMB-MO;;;;;NOMINAL_LINE;VMP10;1;0;180;180;1;;;;;;
STD;RR01;P-SSOTGMS-L;;;;;NOMINAL_LINE;VMP10;1;0;480;480;1;;;;;;
STD;RR01;P-SSOTGMW-L;;;;;NOMINAL_LINE;VMP10;1;0;480;480;1;;;;;;
STD;RR01;P-WSW-W;;;;;NOMINAL_LINE;VMP10;1;0;180;180;1;;;;;;
STD;RR03;SHAR-SM-MO;;;;;NOMINAL_LINE;VMP10;1;0;600;600;1;;;;;;
STD;RR01;SRM-NFSL8-W;;;;;NOMINAL_LINE;VMP10;1;0;3600;3600;1;;;;;;
STD;RR01;SS-NFSUVSSPF30-W;;;;;NOMINAL_LINE;VMP10;1;0;3300;3300;1;;;;;;
STD;RR01;TC-NFSLLL02-W;;;;;NOMINAL_LINE;VMP10;1;0;300;300;1;;;;;;
STD;RR01;TC-NFSLLL03-W;;;;;NOMINAL_LINE;VMP10;1;0;300;300;1;;;;;;
STD;RR01;TC-NFSRLLL02-W;;;;;NOMINAL_LINE;VMP10;1;0;300;300;1;;;;;;
STD;RR01;TC-NFSRLLL03-W;;;;;NOMINAL_LINE;VMP10;1;0;300;300;1;;;;;;
OEMNDC;RR02;BO-IPCBBC01-W5.6G;;;;;NOMINAL_LINE;;;;;;;;;;;;
OEMNDC;RR02;BO-IPCBBC02-W5.6G;;;;;NOMINAL_LINE;;;;;;;;;;;;
OEMNDC;RR02;BO-MMB01-MO9G;;;;;NOMINAL_LINE;;;;;;;;;;;;
OEMNDC;RR02;BO-MMB02-MO9G;;;;;NOMINAL_LINE;;;;;;;;;;;;
OEMNDC;RR02;BO-MMB03-MO9G;;;;;NOMINAL_LINE;;;;;;;;;;;;
OEMNDC;RR02;BO-MMB04-MO9G;;;;;NOMINAL_LINE;;;;;;;;;;;;
OEMNDC;RR02;BO-MMB05-MO9G;;;;;NOMINAL_LINE;;;;;;;;;;;;
OEMNDC;RR02;BRUS-CON-MO;;;;;NOMINAL_LINE;;;;;;;;;;;;
OEMNDC;RR02;BRUS-EBS-EM;;;;;NOMINAL_LINE;;;;;;;;;;;;
OEMNDC;RR02;BRUS-FAN-MO;;;;;NOMINAL_LINE;;;;;;;;;;;;
OEMNDC;RR02;BRUS-FLF-MO;;;;;NOMINAL_LINE;;;;;;;;;;;;
OEMNDC;RR02;BRUS-PEN-MO;;;;;NOMINAL_LINE;;;;;;;;;;;;
OEMNDC;RR02;BRUS-TAP-MO;;;;;NOMINAL_LINE;;;;;;;;;;;;
OEMNDC;RR02;CON-RPP02-MO;;;;;NOMINAL_LINE;;;;;;;;;;;;
OEMNDC;RR02;CON-RPP03-MO;;;;;NOMINAL_LINE;;;;;;;;;;;;
OEMNDC;RR02;CON-RPP04-MO;;;;;NOMINAL_LINE;;;;;;;;;;;;
OEMNDC;RR02;CUS-IPMB11-W15G;;;;;NOMINAL_LINE;;;;;;;;;;;;
OEMNDC;RR02;CUS-IPMB12-W15G;;;;;NOMINAL_LINE;;;;;;;;;;;;
OEMNDC;RR02;CUS-IPMB13-W15G;;;;;NOMINAL_LINE;;;;;;;;;;;;
OEMNDC;RR02;CUS-PDMCC21-MO;;;;;NOMINAL_LINE;;;;;;;;;;;;
OEMNDC;RR02;CUS-PDMCC51-MO;;;;;NOMINAL_LINE;;;;;;;;;;;;
OEMNDC;RR02;CUS-PDMCN10-MO;;;;;NOMINAL_LINE;;;;;;;;;;;;
OEMNDC;RR02;CUS-PDMCN30-MO;;;;;NOMINAL_LINE;;;;;;;;;;;;
OEMNDC;RR02;CUS-PDMCN50-MO;;;;;NOMINAL_LINE;;;;;;;;;;;;
OEMNDC;RR02;CUS-PDMCW22-MO;;;;;NOMINAL_LINE;;;;;;;;;;;;
OEMNDC;RR02;CUS-PDMCW30-MO;;;;;NOMINAL_LINE;;;;;;;;;;;;
OEMNDC;RR02;CUS-PDMCW33-MO;;;;;NOMINAL_LINE;;;;;;;;;;;;
OEMNDC;RR02;CUS-PDMCW41-MO;;;;;NOMINAL_LINE;;;;;;;;;;;;
OEMNDC;RR02;CUS-PDMCW42-MO;;;;;NOMINAL_LINE;;;;;;;;;;;;
OEMNDC;RR02;CUS-RIPMB11-W15G;;;;;NOMINAL_LINE;;;;;;;;;;;;
OEMNDC;RR02;CUS-RIPMB12-W15G;;;;;NOMINAL_LINE;;;;;;;;;;;;
OEMNDC;RR02;CUS-RIPMB13-W15G;;;;;NOMINAL_LINE;;;;;;;;;;;;
OEMNDC;RR02;CUS-RPDMCN30-MO;;;;;NOMINAL_LINE;;;;;;;;;;;;
OEMNDC;RR02;EB-ABBL-EM1.2GR;;;;;NOMINAL_LINE;;;;;;;;;;;;
OEMNDC;RR02;EB-ABBR-EM1.2GR;;;;;NOMINAL_LINE;;;;;;;;;;;;
OEMNDC;RR02;EB-EPBL-W;;;;;NOMINAL_LINE;;;;;;;;;;;;
OEMNDC;RR02;EB-EXPMBD01-W;;;;;NOMINAL_LINE;;;;;;;;;;;;
OEMNDC;RR02;EB-EXPMBD02-W;;;;;NOMINAL_LINE;;;;;;;;;;;;
OEMNDC;RR02;EB-EXPMBD03-W;;;;;NOMINAL_LINE;;;;;;;;;;;;
OEMNDC;RR02;EB-SEDA-MO0.13G;;;;;NOMINAL_LINE;;;;;;;;;;;;
OEMNDC;RR02;EB-SEDC-MO0.13G;;;;;NOMINAL_LINE;;;;;;;;;;;;
OEMNDC;RR02;EB-SEDM-MO0.13G;;;;;NOMINAL_LINE;;;;;;;;;;;;
OEMNDC;RR02;EB-W1BL-W;;;;;NOMINAL_LINE;;;;;;;;;;;;
OEMNDC;RR02;EB-W1BR-W;;;;;NOMINAL_LINE;;;;;;;;;;;;
OEMNDC;RR02;EL-EDPBL-EM1GR;;;;;NOMINAL_LINE;;;;;;;;;;;;
OEMNDC;RR02;EL-EDPBR-EM1GR;;;;;NOMINAL_LINE;;;;;;;;;;;;
OEMNDC;RR02;EL-EOHB-W1GR;;;;;NOMINAL_LINE;;;;;;;;;;;;
OEMNDC;RR02;EL-HBS-MO1G;;;;;NOMINAL_LINE;;;;;;;;;;;;
OEMNDC;RR02;EL-IPHPB-W1G;;;;;NOMINAL_LINE;;;;;;;;;;;;
OEMNDC;RR02;EL-PBJ-MO1,2G;;;;;NOMINAL_LINE;;;;;;;;;;;;
OEMNDC;RR02;EL-PBL-MO1,2G;;;;;NOMINAL_LINE;;;;;;;;;;;;
OEMNDC;RR02;EL-PNB-MO1,2G;;;;;NOMINAL_LINE;;;;;;;;;;;;
OEMNDC;RR02;EL-PNS-MO1.2G;;;;;NOMINAL_LINE;;;;;;;;;;;;
OEMNDC;RR02;EL-PSL-MO1.2G;;;;;NOMINAL_LINE;;;;;;;;;;;;
OEMNDC;RR02;EL-PWT-MO1,2G;;;;;NOMINAL_LINE;;;;;;;;;;;;
OEMNDC;RR02;EL-W1B-WTA;;;;;NOMINAL_LINE;;;;;;;;;;;;
OEMNDC;RR02;ES-PARR-MO;;;;;NOMINAL_LINE;;;;;;;;;;;;
OEMNDC;RR02;ES-PAUB-MO;;;;;NOMINAL_LINE;;;;;;;;;;;;
OEMNDC;RR02;FM-MBLU-EM;;;;;NOMINAL_LINE;;;;;;;;;;;;
OEMNDC;RR02;FM-MCAC-EM;;;;;NOMINAL_LINE;;;;;;;;;;;;
OEMNDC;RR02;FM-MCHAM-EM;;;;;NOMINAL_LINE;;;;;;;;;;;;
OEMNDC;RR02;FM-MCHAR-EM;;;;;NOMINAL_LINE;;;;;;;;;;;;
OEMNDC;RR02;FM-MGRA-EM;;;;;NOMINAL_LINE;;;;;;;;;;;;
OEMNDC;RR02;FM-MPO-EM;;;;;NOMINAL_LINE;;;;;;;;;;;;
OEMNDC;RR02;FM-MRI-EM;;;;;NOMINAL_LINE;;;;;;;;;;;;
OEMNDC;RR02;FM-MTTO-EM;;;;;NOMINAL_LINE;;;;;;;;;;;;
OEMNDC;RR02;L-CQS201-MO2G;;;;;NOMINAL_LINE;;;;;;;;;;;;
OEMNDC;RR02;L-CQS202-MO2G;;;;;NOMINAL_LINE;;;;;;;;;;;;
OEMNDC;RR02;L-CQS203-MO2G;;;;;NOMINAL_LINE;;;;;;;;;;;;
OEMNDC;RR02;L-CQS204-MO2G;;;;;NOMINAL_LINE;;;;;;;;;;;;
OEMNDC;RR02;L-CQS205-MO2G;;;;;NOMINAL_LINE;;;;;;;;;;;;
OEMNDC;RR02;L-CQS206-MO2G;;;;;NOMINAL_LINE;;;;;;;;;;;;
OEMNDC;RR02;L-CQS207-MO2G;;;;;NOMINAL_LINE;;;;;;;;;;;;
OEMNDC;RR02;L-CQS208-MO2G;;;;;NOMINAL_LINE;;;;;;;;;;;;
OEMNDC;RR02;L-CQS209-MO2G;;;;;NOMINAL_LINE;;;;;;;;;;;;
OEMNDC;RR02;L-CQS210-MO2G;;;;;NOMINAL_LINE;;;;;;;;;;;;
OEMNDC;RR02;L-CQS211-MO2G;;;;;NOMINAL_LINE;;;;;;;;;;;;
OEMNDC;RR02;L-CQS212-MO2G;;;;;NOMINAL_LINE;;;;;;;;;;;;
OEMNDC;RR02;L-CSMC101-MO2.6G;;;;;NOMINAL_LINE;;;;;;;;;;;;
OEMNDC;RR02;L-CSMC102-MO2.6G;;;;;NOMINAL_LINE;;;;;;;;;;;;
OEMNDC;RR02;L-CSMC103-MO2.6G;;;;;NOMINAL_LINE;;;;;;;;;;;;
OEMNDC;RR02;L-CSMC104-MO2.6G;;;;;NOMINAL_LINE;;;;;;;;;;;;
OEMNDC;RR02;L-CSMC105-MO2.6G;;;;;NOMINAL_LINE;;;;;;;;;;;;
OEMNDC;RR02;L-LACL01-MO0.2G;;;;;NOMINAL_LINE;;;;;;;;;;;;
OEMNDC;RR02;L-LACL02-MO0.2G;;;;;NOMINAL_LINE;;;;;;;;;;;;
OEMNDC;RR02;L-LACL03-MO0.2G;;;;;NOMINAL_LINE;;;;;;;;;;;;
OEMNDC;RR02;L-LACL04-MO0.2G;;;;;NOMINAL_LINE;;;;;;;;;;;;
OEMNDC;RR02;L-LACL05-MO0.2G;;;;;NOMINAL_LINE;;;;;;;;;;;;
OEMNDC;RR02;MA-BSE-EM;;;;;NOMINAL_LINE;;;;;;;;;;;;
OEMNDC;RR02;MA-NDSAV-W;;;;;NOMINAL_LINE;;;;;;;;;;;;
OEMNDC;RR02;MA-NDSVC-W;;;;;NOMINAL_LINE;;;;;;;;;;;;
OEMNDC;RR02;PUFF-DSBB-MO;;;;;NOMINAL_LINE;;;;;;;;;;;;
OEMNDC;RR02;PUFF-TWC-MO;;;;;NOMINAL_LINE;;;;;;;;;;;;
OEMNDC;RR02;CUS-RVPDMCN10-MO;;;;;NOMINAL_LINE;;;;;;;;;;;;
OEMNDC;RR02;CUS-RVPDMCW22-MO;;;;;NOMINAL_LINE;;;;;;;;;;;;
OEMNDC;RR02;CUS-RVPDMCN30-MO;;;;;NOMINAL_LINE;;;;;;;;;;;;
OEMNDC;RR02;CUS-RVPDMCW42-MO;;;;;NOMINAL_LINE;;;;;;;;;;;;
OEMNDC;RR02;CUS-RVPDMCN50-MO;;;;;NOMINAL_LINE;;;;;;;;;;;;
OEMNDC;RR02;CUS-RVPDMCC51-MO;;;;;NOMINAL_LINE;;;;;;;;;;;;
OEMNDC;RR02;CUS-RVPDMCC21-MO;;;;;NOMINAL_LINE;;;;;;;;;;;;
OEMNDC;RR02;CUS-RVPDMCW33-MO;;;;;NOMINAL_LINE;;;;;;;;;;;;
OEMNDC;RR02;CUS-RVPDMCW30-MO;;;;;NOMINAL_LINE;;;;;;;;;;;;
OEMNDC;RR02;CUS-RVPDMCW41-MO;;;;;NOMINAL_LINE;;;;;;;;;;;;
OEMNDC;RR02;EB-R2SEDA-MO;;;;;NOMINAL_LINE;;;;;;;;;;;;
OEMNDC;RR02;EB-R2SEDM-MO;;;;;NOMINAL_LINE;;;;;;;;;;;;
OEMNDC;RR02;ES-PEPFTG-MO;;;;;NOMINAL_LINE;;;;;;;;;;;;
OEMNDC;RR02;ES-PEP24K-MO;;;;;NOMINAL_LINE;;;;;;;;;;;;
