SKU code;Packing line code;DATE;Qty
A-BPCB-W20G;JRP02;202210;5731
A-PRT-W100ML;BOP04;202210;7340
A-PRT-W100ML;BOP04;202211;1820
A-PRT-W100ML;BOP04;202211;9560
A-SATG-W15ML;TUP08;20229;16842
A-SATG-W15ML;TUP08;202211;15162
BBC-EL-W15ML;TUP06;202211;44832
BBC-EN-W15ML;TUP06;202211;55776
BBC-LL-W15ML;TUP06;202211;54720
BBC-LN-W15ML;TUP06;202210;29792
B-BSLP-EM;LPP01;202210;980
B-BSLP-EM;LPP03;202210;3196
B-BSLP-EM;LPP01;202210;5314
B-BSLP-EM;LPP03;202210;5279
B-BSLP-EM;LPP01;202210;5305
B-BSLP-EM;LPP01;202211;5350
B-BSLP-EM;LPP01;202211;5329
B-BSLP-EM;LPP01;202211;2412
B-DMCP01-EM;PNP01;202211;4667
B-DMCP02-EM;PNP01;202211;4814
B-DMCP02-EM;PNP01;202211;4682
B-DMCP04-EM;PNP01;202210;4663
B-DMLP01-EM;LPP02;202211;4586
B-DMLP02-EM;LPP02;202210;224
B-DMLP02-EM;LPP02;202210;4586
B-DMLP02-EM;LPP02;202211;4586
B-IPQSP13-W;LPP02;202211;175
BO-CLBSNT-EM;LIP10;202210;2805
BO-CLPCS-EM3.5GR;PCP03;202211;3000
BO-CLPPB-EM3.5GR;PCP03;202211;2865
BO-CLPPPML-EM3.5GR;PCP05;202210;3000
BO-CLPPPML-EM3.5GR;PCP03;202211;3004
BO-CLPPTVB-EM3.5GR;PCP05;202211;2753
BO-COCBSC-W;FOP03;202210;13248
BO-CPLP-W;PCP03;202210;715
BO-E01-W;PCP05;202211;1733
BO-E02-W;PCP05;202211;0
BO-E02-W;PCP05;202211;1776
BO-HLT01-MO;EMP15;202210;0
BO-HLT01-MO;EMP15;202211;570
BO-HLT05-MO;EMP15;202211;480
BO-PPS-MO8X3,5G;PCP03;202211;456
BO-SKCS06-MO6G;PCP03;202210;1008
BO-SKPF01-MO6G;PCP03;202211;70
BO-SKPF01-MO6G;PCP03;202211;66
BO-SKPF01-MO6G;PCP03;202211;62
BO-SKPF01-MO6G;PCP03;202211;54
BO-SKPS03-MO6G;PCP03;202210;1188
BO-SKST09-MO6G;PCP03;202210;1008
BO-W1C-W4GR;PCP04;202210;3000
B-PBTUBB-W;LPP01;202210;5850
B-PBTUBB-W;LPP01;202210;5773
B-PBTUBB-W;LPP01;202211;5850
B-PBTUBB-W;LPP01;202211;5820
B-PBTUBB-W;LPP01;202211;5850
BP-SBSBM-W100ML;BOP04;202211;9700
BP-SJYBM-W100ML;EMP02;202210;4075
BP-SJYBM-W100ML;EMP07;202210;5425
BP-SJYBM-W100ML;BOP04;202211;9375
BP-SJYE-W35ML;EMP17;202210;1512
BP-SJYE-W35ML;EMP17;202210;7577
BP-SJYE-W35ML;JAP03;202210;117
BP-SPCE-W35ML;EMP17;202210;252
BP-SPCE-W35ML;EMP17;20229;5976
BP-SPRE-W35ML;EMP17;202210;7560
BP-SPRE-W35ML;EMP17;202210;7668
B-PT01-MO35G;LPP02;202211;2754
B-PT01-MO35G;LPP02;202211;2698
B-PT02-MO35G;LPP02;202210;2686
B-PT02-MO35G;LPP02;202211;2686
B-PT02-MO35G;LPP02;202211;2686
B-PT03-MO35G;LPP02;202210;125
B-PT04-MO35G;LPP02;202211;510
B-PT05-MO35G;LPP02;202211;1599
B-PT06-MO35G;LPP02;202210;1598
B-PT06-MO35G;LPP02;202211;1598
B-PT07-MO35G;LPP02;202210;1598
B-PT07-MO35G;LPP02;202211;1598
B-R3L01LB-W;LPP02;202211;4648
B-R3L01LB-W;LPP02;202211;4648
B-R3L02B-W;LPP02;202210;4648
B-R3L02B-W;LPP02;202210;4648
B-R3L02B-W;LPP02;202210;4648
B-R3L02B-W;LPP02;202210;4648
B-R3L02B-W;LPP02;202210;4648
B-R3L02B-W;LPP02;202210;4648
B-R3L02B-W;LPP02;202211;4648
B-R3L02B-W;LPP02;202211;4648
B-R3L03I-W;LPP02;202211;4648
B-R3L04N-W;LPP02;202210;2713
B-R3L04N-W;LPP02;202211;1935
B-RBMLP02-EM;LPP02;202211;2050
B-RBMLP03-EM;LPP02;202211;936
B-SFLP-EM8G;LPP02;202211;1872
B-SPC-MO13GR;LPP02;202211;77
B-SPC-MO13GR;PCP05;202211;130
B-SPQ-MO13GR;PCP05;202211;233
BUT-W0S-W50ML;EMP03;202210;1312
BUT-W0S-W50ML;EMP03;202211;3679
BUT-W3LG-W150ML;EMP03;202211;1284
BUT-W3LG-W150ML;EMP03;202211;1272
BUT-W3O-W150ML;JAP03;202210;1176
BUT-W3O-W150ML;JAP03;202210;1224
B-W3ELFP01-W30G;LPP02;202211;3120
B-W3ELFP02-W30G;LPP02;202211;3120
B-W3ELFP02-W30G;LPP02;202211;3120
B-W3ELFP03-W30G;LPP02;202211;3120
B-W3ELFP03-W30G;LPP02;202211;3120
B-W3ELFP03-W30G;LPP02;202211;3123
CB-P1L1-P240;EMP03;202211;624
CB-P1L1-P240;EMP07;202211;0
CB-P1L1-P240;EMP16;202211;144
CM-LCC-W;TUP01;202211;9275
CM-LCC-W;TUP01;202211;9380
CM-RWSPBC-W;TUP09;202210;9330
CM-RWSPBC-W;TUP01;202211;9600
CON-LBBL01-W;BLP01;202210;24168
CON-LBBL01-W;BLP01;202211;2520
CON-LBBL01-W;BLP01;20229;11256
CON-LBBL01-W;EMP01;202210;12856
CON-LBBL01-W;EMP01;20229;11010
CON-LBBL02-W;EMP01;202211;32685
CON-PTCL02-MO;EMP15;202210;780
CON-PTCL02-MO;EMP15;202210;540
CUS-CLPGCB-W;CUP01;202210;5712
CUS-CLPGCB-W;CUP01;20229;768
CUS-CLPGCE-W;CUP01;202210;6180
CUS-CLPGCH-W;CUP01;202211;2448
CUS-CLPGCRA-W;CUP01;202210;5886
CUS-CLPGCRA-W;CUP01;202211;5952
CUS-CLPGCRC-W;CUP01;202211;7863
CUS-EFC01-W;CUP01;202211;480
CUS-EFC01-W;CUP01;202211;6175
CUS-EFC04-W;CUP01;202210;480
CUS-EFC04-W;CUP01;202211;6206
CUS-HLGCW32-MO;CUP01;202210;2736
CUS-HLGN10-MO;CUP01;202210;2616
CUS-HLGNW22-MO;CUP01;20229;3504
CUS-HLGNW22-MO;CUP01;202211;2592
CUS-HLGNW33-MO;CUP01;202211;2088
CUS-REFC01-W;CUP01;202210;1584
CUS-REFC01-W;CUP01;202211;2196
CUS-REFC01-W;EMP02;202211;300
CUS-REFC04-W;CUP01;202211;1536
DDC-CDL-W20ML;TUP06;202210;17136
DDC-CDL-W20ML;TUP06;202211;22608
DDC-CDN-W20ML;TUP06;202210;22608
DDC-CDN-W20ML;TUP07;202211;22752
D-RO-KA;BOP10;202210;10704
DUSS-PMFN10R0-MO;PLB01;202211;1233
D-W1R1HER-W60ML;BOP10;202211;16140
EB-DK01-MO;SAP01;202210;876
EB-DK01-MO;FOP03;202210;76
EB-DK01-MO;SAP01;202210;800
EB-EK-W3G;SAP01;202210;2640
EB-EK-W3G;SAP01;202211;3330
EB-IPB3M01-W5.5G;BTP02;202211;2358
EB-SMUEMB-EM;LIP11;202210;5232
EB-SMUEMB-EM;LIP11;202210;5209
ES-ECL-W3,3GR;PCP04;202211;4080
ES-PPR-MO;LIP08;202210;79
ES-PPR-MO;LIP18;202210;96
ES-PPR-MO;LIP18;202210;96
ES-PPR-MO;LIP18;202210;96
ES-PPR-MO;LIP18;202210;59
ES-PRPNS-EM3.3GR;PCP03;202211;1503
ES-PRPNS-EM3.3GR;PCP05;202211;704
ES-PRPPH-EM3.3GR;PCP03;202211;868
ES-TEB-MO6G;PCP03;202210;828
ES-TEB-MO6G;PCP03;202211;828
ES-TIS-MO6G;PCP05;202210;3600
ES-TN-MO6G;PCP05;202210;642
ES-W1G-W3,3GR;PCP04;202210;1800
FA-CPFTSN-TA;LIP11;202210;165
FA-EGH-W;PCP03;202211;240
FA-PFMS-MO50ML;EMP07;202211;1692
FA-RGH-MO13G;PCP03;202211;695
FA-RGH-MO13G;PCP03;202211;94
FA-RGH-MO13G;PCP03;202211;90
FA-RGH-MO13G;PCP03;202211;67
F-BWMM02-EM;BOP10;202211;756
F-CLCMA-W;TUP06;202211;6882
F-CLCMA-W;VMP01;202211;6882
F-CLCMA-W;VMP10;202211;0
F-CLCMD-W;TUP06;202211;1240
F-CLCMG-W;TUP06;202211;3534
F-EVLLF03-W;BOP10;202210;1080
F-EVLLF04-W;BOP10;202210;9936
F-EVLLF04-W;BOP10;20229;5400
F-HGFC21-MO;EMP15;202210;450
F-HGFC21-MO;EMP15;202210;475
F-HGFW22-MO;EMP15;202210;2250
F-HGFW41-MO;EMP15;202210;3275
F-L01-OMG;BOP10;202211;35596
F-L01VC-OMG;BOP10;202211;0
F-L02-OMG;BOP10;202210;17954.288
F-L02VC-OMG;BOP10;202210;0
F-L03-OMG;VMP10;202210;34012
F-L03VC-OMG;BOP10;20229;2508
F-L04-OMG;EMP02;202210;0
F-L04VC-OMG;BOP10;202210;35200
F-L05-OMG;BOP10;202211;20812
F-L05VC-OMG;BOP10;202211;0
F-LLF01-W;BLP01;202210;9180
F-LLF01-W;TUP07;202210;9269
F-LLF02-W;BLP01;202210;15768
F-LLF02-W;BLP01;202210;4320
F-LLF02-W;TUP07;202210;19462
F-LLF03-W;BLP01;202210;9738
F-LLF03-W;TUP07;202210;9749
F-LLF03-W;TUP02;202211;9692
F-LLF04-W;BLP01;202211;4500
F-LLF04-W;BLP01;202211;1008
F-LLF04-W;TUP09;202211;9633
F-LPWC21-MO33ML;BOP10;202210;2550
F-LPWW22-MO33ML;EMP15;20229;1750
F-LPWW22-MO33ML;EMP15;20229;4600
F-LPWW41-MO33ML;BOP10;202211;600
F-LPWW42-MO33ML;BOP10;202211;575
F-LUC01-MO33ML;BOP10;202211;600
F-LUC01-MO33ML;BOP10;202211;1020
F-LUC02-MO33ML;EMP15;202211;2760
F-LUC03-MO33ML;EMP15;202211;1300
F-LUC04-MO33ML;EMP15;202210;700
F-LUC05-MO33ML;EMP15;202211;1340
F-LUC05-MO33ML;EMP15;202211;440
F-LUC08-MO33ML;BOP10;202211;360
F-LUC08-MO33ML;BOP10;202211;380
F-LUC09-MO33ML;EMP15;202211;440
FM-CDS-W;JAP01;202211;1200
FMI-AV-EM;EMP02;202211;2765
FMI-CDFM-W55ML;BOP09;202210;1920
FMI-CDFM-W55ML;BOP09;202211;14800
FMI-LGT-W;BOP04;202210;15680
FMI-LGT-W;BOP04;202210;23080
FMI-LGT-W;BOP04;202211;15680
FMI-LGT-W;BOP04;202211;15240
FM-MCC-W60ML;TUP05;202210;13176
FM-MCC-W60ML;TUP04;202211;12852
FM-NDTOC-W;EMP01;202210;72
FM-NDTOC-W;EMP03;202210;1332
F-PTCMCC62-MO;FOP03;202210;182
F-PTCMCC62-MO;FOP03;202210;203
F-PTCMCN10-MO;FOP03;202210;188
F-PTCMCW33-MO;LIP10;202211;96
F-RELF01-W;EMP15;202210;8764
F-RELF05-W;BOP10;20229;784
FS-RLN2-W;TUP09;202211;0
FS-RLN2-W;TUP09;202211;18750
FT-BST-EM;BOP04;202210;3750
FT-BST-EM;BOP04;20229;18475
FT-BSTN2-EM;BOP04;202210;18256
FT-BSTN2-EM;BOP04;202210;18089
FT-BSTN2-EM;BOP04;202210;11034.776
FT-FT-OMG;VST01;202210;11496
FT-FT-OMG;VST01;202210;11561
FT-FT-OMG;VST01;202211;11509
FT-FT-OMG;VST01;202211;11569
FT-FTVC-OMG;VST01;202210;11496
FT-FTVC-OMG;VST01;202210;11561
FT-FTVC-OMG;EMP07;202210;11556
FT-FTVC-OMG;VST01;202211;11509
FT-FTVC-OMG;EMP07;202211;11412
FT-FTVC-OMG;VST01;202211;11569
FT-GT-TA;EMP07;202210;2488
FT-LFT-W;BOP02;202210;3584
FT-LFT-W;BOP02;202210;21816
FT-LFT-W;BOP02;202210;22176
FT-LFT-W;BOP02;202211;43248
FT-LFT-W;BOP02;202211;22776
FT-PHASN1-EM;BOP04;202211;17920
FT-PHASN2-EM;BOP04;202211;8950
FT-RWSABHA-W;BOP09;20229;440
FT-RWSABHA-W;BOP09;202210;7620
FT-SBFT-EM;BOP04;202211;7125
FW-3IN1PC-KA;TUP03;202210;9315
FW-3IN1PC-KA;TUP03;202210;8565
FW-AH-W100ML;TUP01;202211;8460
FW-AH-W100ML;TUP02;202211;990
FW-AH-W100ML;TUP01;202211;18480
FW-AH-W60ML;TUP05;202210;46872
FW-BSACNE-EM;TUP01;202210;9200
FW-BSACNE-EM;TUP01;202210;9200
FW-BSACNE-EM;TUP01;202210;9720
FW-BSACNE-EM;TUP01;202211;9220
FW-BSACNE-EM;TUP01;202211;9200
FW-BSACNE-EM;TUP01;202211;9400
FW-BSACNEN2-EM;TUP01;202211;23350
FW-BSACNEN2-EM;TUP09;202210;18500
FW-BSACNEN2-EM;TUP06;202210;18500
FW-BSACNEN2-EM;TUP06;202210;18700
FW-BSACNEN2-EM;TUP02;202211;40600
FW-BSACNEN2-EM;TUP01;202211;15000
FW-BSACNEN2-EM;TUP02;202211;18550
FW-BSACNEN2-EM;TUP02;202211;18600
FW-BSACNEN2-EM;TUP02;202211;18550
FW-BS-EM50ML;TUP02;202210;20050
FW-BS-EM50ML;TUP09;202210;38500
FW-BS-EM50ML;TUP06;202210;23150
FW-BS-EM50ML;TUP09;202210;33850
FW-BS-EM50ML;TUP02;202211;37400
FW-BS-EM50ML;TUP09;202211;21150
FW-BS-EM50ML;TUP02;202211;58200
FW-BSN2-EM;TUP01;202210;0
FW-BSN2-EM;TUP02;202210;6640
FW-BSN2-EM;TUP02;202210;29660
FW-BSN2-EM;TUP01;202211;29660
FW-BSW-EM;TUP09;202211;18200
FW-CD-W100ML;TUP03;202210;27990
FW-CD-W100ML;TUP03;202210;28470
FW-CD-W100ML;TUP02;202211;21270
FW-CD-W100ML;TUP03;202211;4200
FW-CD-W60ML;TUP04;202211;1152
FW-CD-W60ML;TUP04;202211;46368
FW-FW01-KA;TUP03;202210;615
FW-FW01-KA;TUP03;202210;315
FW-FW01-KA;TUP03;202210;2310
FW-FW01-KA;TUP03;202210;9195
FW-FW01-KA;TUP03;202210;9570
FW-FW01-KA;TUP01;202211;9240
FW-FW01-KA;TUP03;202211;9120
FW-FWN1-OMG;LVMN01;202211;68640
FW-FWN2-OMG;TUP09;202211;28616
FW-FWN2VC-OMG;TUP09;202211;9240
FW-LMGWN1-W;TUP04;202211;0
FW-LMGWN1-W;TUP01;202211;17400
FW-LMGWN1-W;TUP02;202210;17350
FW-LMGWN1-W;TUP09;202210;37750
FW-LMGWN2-W;TUP01;202210;1400
FW-LWFN2-W;TUP01;202210;9275
FW-LWFN2-W;TUP01;202210;9275
FW-LWFN2-W;TUP01;202210;9415
FW-LWFN2-W;TUP01;202210;9275
FW-LWFN2-W;TUP01;202210;9275
FW-LWFN2-W;TUP01;202210;9135
FW-MCF-W100ML;TUP01;202211;360
FW-MCF-W100ML;TUP01;202211;450
FW-MCF-W60ML;TUP04;202211;15624
FW-PBCFLO100-W;TUP01;202210;19410
FW-PBCFLO100-W;TUP02;202210;19230
FW-PBCFLO100-W;TUP02;202210;19230
FW-PBCFLO100-W;TUP02;202210;19170
FW-PBCFLO100-W;TUP01;202211;19230
FW-PBCFLO100-W;TUP01;202211;19590
FW-PBCFLO100-W;TUP01;202211;19440
FW-PBCFLS100-W;TUP01;202211;28920
FW-PBCFLS100-W;TUP01;202211;29220
FW-PBCFLS50-W;TUP01;20229;7452
FW-PBCFLS50-W;TUP09;202210;57150
FW-PBCFLS50-W;TUP06;202210;26712
FW-PBCFLS50-W;TUP09;202210;31320
FW-PBCFLS50-W;TUP02;202211;44568
FW-PBCFLS50-W;TUP09;202211;13068
FW-PBCFLSN3-W;LVMN01;202210;7290
FW-PBCFLSN3-W;TUP09;20229;34020
FW-PBCFLSN3-W;LVMN01;202210;7379
FW-PBCFLSN3-W;TUP07;202210;44211
FW-PBCFLSN3-W;LVMN01;202210;7372
FW-PBCFLSN3-W;TUP08;202210;44250
FW-PCSAC-KA;TUP03;202210;9585
FW-PCSAC-KA;TUP03;202211;9615
FW-PCSAC-KA;TUP03;202211;9510
FW-PCSAC-KA;TUP03;202211;9480
FW-PCSACSEC-KA;VMP10;202210;675
FW-PCSACSEC-KA;VMP10;202210;8692
FW-PCSACSEC-KA;VMP10;202210;0
FW-PCSACSEC-KA;VMP01;202210;7650
FW-PCSACSEC-KA;VMP10;202210;1809
FW-PCSACSEC-KA;TUP03;202211;9720
FW-PCSACSEC-KA;VMP01;202211;9705
FW-PCSRB-KA;TUP03;202210;9375
FW-PCSRB-KA;TUP03;202210;9300
FW-PCSRB-KA;TUP03;202210;9465
FW-PCSRB-KA;TUP03;202210;9750
FW-PCSRB-KA;TUP03;202211;9930
FW-PCSRBSEC-KA;TUP03;202211;9330
FW-PCSRBSEC-KA;VMP01;202211;7524
FW-PCSRBSEC-KA;VMP10;202211;1800
FW-PHAS-EM50ML;TUP09;202210;18050
FW-RHMF-W;TUP01;202210;390
FW-RHMF-W;TUP01;202210;27840
FW-RRYAG-W;TUP01;202210;27870
FW-RRYAG-W;VMP01;202210;1899
FW-RRYAG-W;VMP10;202210;12780
FW-RRYAG-W;VMP10;202210;10170
FW-RRYAG-W;VMP10;202210;2820
FW-RWSABHA-W;TUP01;202210;42480
FW-RWSABHA-W;TUP01;202210;1800
FW-RWSABHA-W;TUP01;202211;25620
FW-RWSABHA-W;TUP01;202211;27030
FW-RWSABHA-W;TUP01;202211;27390
FW-RWSABHA-W;TUP01;202211;27420
FW-RWSABHA-W;TUP01;202211;27420
FW-RWSABHA-W;TUP01;202211;27450
FW-RWSABHA-W;TUP01;202211;27450
FW-SBRDBR-EM;TUP03;202211;9000
FW-SB-W60ML;TUP03;202211;8784
FW-SB-W60ML;TUP05;202211;15372
HBL-AHMG-W100ML;TUP01;202210;9420
HBL-AHMG-W100ML;TUP02;202210;16800
HBL-AHMG-W100ML;VMP01;202211;2213
HBL-AHMG-W100ML;VMP10;202210;9720
HBL-AHMG-W100ML;VMP10;202210;12720
HBL-AHMG-W100ML;VMP10;202210;6000
HBL-AHMG-W100ML;TUP01;202211;26430
HBL-AHMG-W100ML;VMP01;202211;5130
HBL-AHMG-W100ML;VMP10;202211;2310
HBL-AHMG-W100ML;VMP10;202211;6690
HBL-AHMG-W100ML;VMP10;202211;6690
HBL-AHMG-W100ML;VSN01;202211;1830
HBL-AHMG-W100ML;VSN02;202211;2880
HBL-V1-WL;EMP03;202211;48
HBL-V4-WL;EMP03;202211;48
HBW-BWN1A-BD;CUP01;202210;414
HBW-BWN1A-BD;EMP03;202210;2952
HBW-BWN1A-BD;EMP03;202211;3258
HBW-BWN1D-BD;EMP01;202211;108
HBW-BWN1D-BD;EMP03;202211;2916
HBW-BWN1D-BD;EMP07;202211;288
HBW-BWN1D-BD;EMP02;202210;839
HBW-BWN1D-BD;EMP03;202210;324
HBW-HWN2B-BD;EMP03;202210;3732
HBW-HWN2-BD;EMP03;202211;3744
HBW-RHB-KA;EMP03;202210;4704
HC-HF-W170ML;TUP01;202210;5382
HC-NS-W170ML;TUP01;202210;5490
HC-P1A2-P200;EMP03;202211;2712
HC-P1A2-P450;EMP03;202210;2184
HC-P1F-P200;BOP09;202210;480
HC-P1F-P200;EMP03;202210;480
HC-P1F-P2;EMP02;202210;141
HT-P1G1-P2;EMP02;202210;519
HT-P1G1-P2;EMP16;202211;585
HT-P1G-P450;EMP02;202211;2316
LB-EVFSG-W4G;LIP16;202210;576
LB-EVFSG-W4G;LIP14;202210;5136
LB-EVFSG-W4G;LIP16;202210;15168
LB-EVFSG-W4G;LIP16;202210;4296
LB-EVFSG-W4G;LIP16;202211;4296
LB-EVFSG-W4G;LIP16;202211;4296
LB-EVFSS-W4G;LIP14;202210;958
LB-EVFSS-W4G;LIP16;202210;8184
LB-EVFSS-W4G;LIP16;202210;8460
LB-EVFSS-W4G;SAP01;202210;84
LB-EVLNGT-W4G;LIP16;202210;8375
LB-EVLNH-W4G;LIP16;202210;8450
LB-EVLNH-W4G;LIP18;202211;10800
LB-EVLNH-W4G;OSP01;202211;100
LB-EVLNH-W4G;LIP18;202211;0
LB-LMPB-EM;SBP01;202211;1200
LB-LMPB-EM;SBP01;202210;0
LB-LMPB-EM;SBP01;202210;18130
LB-LMPB-EM;SBP01;202210;18413
LB-LMPB-EM;SBP01;202211;18624
LB-LMPR-EM;SBP01;202210;672
LB-LMPR-EM;SBP01;202210;1580
LB-LMPR-EM;SBP01;202210;2342
LB-SCJ-EM3.7GR;JRP02;202211;2016
LB-SR-EM4.2GR;FOP03;202210;4032
LB-SR-EM4.2GR;FOP03;202211;864
LB-SR-EM4.2GR;FOP03;202211;4896
LB-SR-EM4.2GR;FOP03;202211;4896
LB-STSPB-EM;LIP14;202211;9184
LB-STSPC-EM;LIP14;202210;9207
L-CHC04-MO;LIP08;202210;72
L-CHC04-MO;LIP10;202210;214
L-CHC05-MO;LIP08;202210;216
L-CHC05-MO;LIP12;202210;540
L-CHC05-MO;LIP12;202210;540
L-CHC05-MO;LIP08;202211;744
L-CHC06-MO;LIP08;202210;744
L-CHC07-MO;LIP12;202210;744
L-CHC08-MO;LIP08;202210;3988.73
L-CHC09-MO;LIP08;202211;531
L-CHC10-MO;LIP08;202211;540
L-CM02-EM5.5GR;BTP02;202211;2304
L-CM03-EM5.5GR;BTP02;202211;2304
L-CM09-EM5.5GR;LIP11;202211;2304
L-CM10-EM5.5GR;BTP02;202211;2304
L-CM11-EM5.5GR;BTP02;202211;2304
L-CSGC101-MO;LIP10;202210;156
L-CSGC102-MO;LIP06;202210;157
L-CSGC104-MO;LIP10;202210;12
L-CSGC104-MO;LIP10;202211;813
L-CSGC104-MO;LIP12;202210;16
L-CSGC105-MO;LIP06;202210;111
L-CUM05-W;LIP12;202210;864
L-CUM05-W;ALP03;202210;4504
L-CUM07-W;ALP03;202210;2226
L-CUMKORB-W;ALP03;202210;3924
L-CUMKORB-W;LIP08;202210;204
L-CUMKORB-W;ALP03;202210;4592
L-CUMKORB-W;ALP03;202210;4320
L-CUMKORC-W;ALP03;202210;4375
L-CUMKORC-W;ALP03;202211;2490
L-CUMKORC-W;LIP12;202211;1800
L-CUMKORD-W;ALP03;202210;4303
L-CUMKORE-W;ALP03;202210;4348
L-CUMKORE-W;ALP03;202211;948
L-CUMKORE-W;LIP12;202211;3540
L-CUMKORE-W;LIP12;202211;7644
L-CVM012-W;LIP18;202210;4176
L-CVM012-W;LIP18;202211;5.808
L-CVM012-W;LIP18;202211;9984
L-CVM01-W;LIP18;202211;9984
L-CVM04-W;LIP18;202210;3184
L-CVM05-W;LIP18;202210;9984
L-CVM05-W;LIP18;202211;9984
L-CVM08-W;LIP18;202211;9813
L-CVM09-W;LIP18;202211;603
L-EMC01-W4GR;BTP04;202211;5556
L-EMC01-W4GR;LIP18;202211;4320
L-EMC03-W4GR;LRP01;202211;1008
L-EMC03-W4GR;LIP18;202210;9876
L-EMC03-W4GR;LRP01;202211;18288
L-EMC04-W4GR;BTP02;202211;9364
L-EMC04-W4GR;LRP01;202211;512
L-EMC05-W4GR;BTP04;202211;9876
L-EMC07-W4GR;LRP01;202210;16848
L-EMC07-W4GR;LRP01;202211;1440
L-EMC08MM-W;BTP04;202211;1080
L-EMC08-W4GR;LRP01;202210;18288
L-EMC11-W4GR;LIP18;202211;9876
L-EMC13-W4GR;BTP04;202211;18288
L-EMC17-W4GR;LRP01;202210;7048
L-EVCL01-W5.5G;EMP16;202211;17856
L-EVCL02-W5.5G;EMP15;202211;4128
L-EVCL03-W5.5G;EMP15;202210;7608
L-EVCL03-W5.5G;EMP15;202210;7680
L-EVLCR1-W;LIP11;202210;6419
L-EVLCR2-W;LIP11;202210;6276
L-EVLCR3-W;BTP04;202210;3093
L-EVLCR3-W;BTP04;202210;6529
L-EVLCR3-W;BTP04;202210;6529
L-EVLCR3-W;LRP01;202211;6529
L-EVLCR5-W;LIP11;202210;6529
L-EVLCR5-W;LIP11;202210;6514
L-EVLCR5-W;BTP02;202211;768
L-EVLCR5-W;LIP06;202211;56
L-EVLCR5-W;LIP11;202210;5628
L-GS04-EM;EMP15;202211;28080
L-GS05-EM;EMP15;202210;3264
L-GS05-EM;EMP16;202210;384
L-GS05-EM;EMP15;202210;29163
L-HSLWH-MO;BTP02;202211;2016
L-IMC003-MO6,5G;BTP02;202211;2016
L-IMC003-MO6,5G;JRP02;202210;2016
L-IMC003-MO6,5G;JRP02;202211;2016
L-IMC004-MO6,5G;BTP02;202210;2016
L-IMC007-MO6,5G;JRP02;202211;2016
L-IMC008-MO6,5G;BTP02;202211;2016
L-IMC010-MO6,5G;BTP02;202210;108
L-IMC010-MO6,5G;SAP01;202210;300
L-IMC010-MO6,5G;BTP02;202210;300
L-IMC010-MO6,5G;SAP01;202210;0
L-IMC010-MO6,5G;SAP01;202211;300
L-IMC011-MO6,5G;BTP02;202210;2016
L-IMC013-MO6,5G;BTP02;202210;300
L-IMC013-MO6,5G;BTP02;202210;300
L-IMC013-MO6,5G;LIP11;202210;300
L-IMC013-MO6,5G;FOP03;202210;48
L-IMC013-MO6,5G;LIP18;202210;252
L-IMC015-MO6,5G;FOP03;202210;336
L-IMC017-MO6,5G;SAP01;202210;336
L-IPCS02-W;EMP16;202210;600
L-IPCS04-W;EMP16;202210;624
L-IPEI02-W;BTP02;202210;2640
L-IPEI04-W;SAP01;202211;444
L-IPEI04-W;SAP01;202211;444
L-IPEI05-W;SAP01;202211;444
L-IPEI05-W;LIP18;202211;228
L-IPEI08-W;LIP06;202211;0
L-IPEI08-W;LIP08;202211;444
L-IPEI08-W;LIP08;202211;444
L-IPMC03-W3G;LIP08;202211;1163
L-IPMC04-W3G;LIP12;202210;1180
L-IPMC06-W3G;LIP12;202210;1039
L-IPMMS03-W3.5G;LIP06;202210;624
L-IPMMS05-W3.5G;LIP06;202210;696
L-LL01-W2.3G;LIP06;202211;1620
L-LL03-W2.3G;LIP06;202211;1620
L-LL08-W2.3G;LIP06;202211;1728
L-LL09-W2.3G;LIP06;202211;1728
L-LL09-W2.3G;LIP06;202211;1032
L-LL10-W2.3G;LIP12;202210;1670
L-MLCA-OMG;VSN03;202210;11832
L-MLCB-OMG;VSN01;202210;3600
L-MLCC-OMG;VSN03;202210;12024
L-MLCF-OMG;VSN01;202210;3600
L-MLCF-OMG;VSN01;202210;3648
L-MLCF-OMG;VSN01;202211;3624
L-MLCF-OMG;VSN01;202211;3636
L-MLCG-OMG;VSN01;202211;3624
L-MLCH-OMG;VSN01;202210;11916
L-MLCI-OMG;VSN01;202210;3648
L-MLCI-OMG;VSN01;202211;3648
L-MLCJ-OMG;VSN03;202210;11928
L-MLCJ-OMG;VSN03;202210;12120
L-MLCJ-OMG;VSN03;202211;12060
L-MLCK-OMG;VSN03;202210;12012
L-MLCK-OMG;VSN03;202211;11976
L-MLCK-OMG;VSN03;202211;12024
L-MLCL-OMG;VSN03;202210;12060
L-MLCL-OMG;VSN03;202211;12084
L-MLCL-OMG;VSN03;202211;6768
L-NLCA-EM;LIP18;202210;1992
L-NLCA-EM;LRP01;202210;14884
L-NLCXCA-EM;LIP11;202211;200
L-PGTC-MO;BTP02;202211;2151
L-PTMC01-MO;BTP02;202210;1084.752
L-PTMC01-MO;LIP06;202210;72
L-PTMC01-MO;BTP02;202210;1870
L-PTMC01-MO;VMP13;202210;12975
L-PTMC02-MO;VMP10;202210;2719
L-PTMC03-MO;BTP02;202210;5904
L-PTMC03-MO;VMP10;202210;3452
L-PTMC03-MO;VMP10;202210;85
L-PTMC04-MO;BTP02;202210;5892
L-PTMC04-MO;SAP01;202210;12
L-PTMC04-MO;BTP02;202210;5904
L-PTMC04-MO;VMP16;202210;1215
L-PTMC04-MO;VMP23;202210;5114
L-PTMC05-MO;BTP02;202210;1870
L-PTMC05-MO;BTP02;202210;1870
L-PTMC05-MO;BTP02;202210;1870
L-PTMC05-MO;VMP01;202210;1804
L-PTMC05-MO;VMP25;202210;3413
L-PTMC06-MO;BTP02;202210;1870
L-PTMC06-MO;BTP02;202210;1870
L-PTMC06-MO;BTP02;202210;1870
L-PTMC06-MO;VMP24;202210;888
L-PTMC07-MO;BTP02;202210;5880
L-PTMC07-MO;LIP08;202210;24
L-PTMC07-MO;BTP02;202211;1870
L-PTMC07-MO;VMP12;202210;916
L-PTMC08-MO;BTP02;202210;5904
L-PTMC08-MO;BTP02;202210;5892
L-PTMC08-MO;SAP01;202210;12
L-PTMC08-MO;BTP02;202211;1870
L-PTMC08-MO;VMP16;202210;6656
L-PTMCA-MO;BTP02;202210;1870
L-PTMCA-MO;VMP25;202210;9819
L-PTMCB-MO;BTP02;202210;1870
L-PTMCB-MO;LRP01;202211;1870
L-PTMCB-MO;VMP19;202210;4629
L-PTMCB-MO;VMP24;202210;3105
L-PTMCC-MO;BTP02;202210;5904
L-PTMCC-MO;BTP02;202210;1870
L-PTMCD-MO;VMP10;202210;4660
L-PVW02-MO;EMP16;202210;144
L-PVW05-MO;EMP16;202211;2460
L-RCLCLS2-W;VMP10;202210;168
L-RCLCLS4-W;EMP15;202211;5292
L-RCLCLS6-W;VMP10;202210;0
L-RCLCLS6-W;VMP10;202210;0
L-RCLCLS8-W;VMP10;202210;1102
L-REMA02-W;LIP12;202210;2016
L-REMA05-W;LIP12;202210;2016
L-REMA05-W;LIP08;202211;2016
L-REMA06-W;LIP12;202210;2016
L-REMA06-W;LIP08;202211;2016
L-REMA09-W;LIP08;202211;1152
L-REMA13-W;LIP08;202210;2016
L-REMA16-W;LIP12;202210;2016
L-REMA18-W;LIP06;202210;1065
L-REMO23-W;LIP10;202210;1584
L-REMO23-W;LIP12;202210;696
L-REMO26-W;LIP08;202210;132
L-REMO26-W;LIP10;202210;2033
L-REMO32-W;ALP03;202211;1201
L-SLWCD-W;BTP04;202210;22032
L-SLWCD-W;BTP04;202211;1008
L-SLWCE-W;BTP04;202211;23040
L-SLWCI-W;BTP04;202211;22950
L-SLWCL-W;BTP04;202210;23040
L-SR07RS-EM3.8GR;LIP10;202210;60
L-SR15MC-EM;LIP08;202210;60
L-SR15MC-EM;LIP14;202211;60
LT-CR01-EM;BTP02;202211;11500
LT-CR02-EM;LIP11;202211;3564
LT-CR02-EM;BTP02;202211;3564
L-TMLC2-OMG;VSN02;202211;7223
L-UHSB006-MO2.3G;LIP12;202211;114
LU-P1-P720;EMP03;202210;236
M-AGDC-W30GR;JAP01;202210;4248
M-AGNC-W30GR;JAP01;202210;15963
M-AGNC-W30GR;JAP01;202210;12099
M-AHC-W40ML;TUP09;202211;22800
MASK-EEVE-W7GR;EMP05;202210;26600
MASK-EEVE-W7GR;EMP05;202210;27720
MASK-EL-MO;EMP05;202211;23784
M-BSACNE-EM;TUP07;202211;45360
M-BSC-EM;TUP06;202210;44424
M-BSC-EM;TUP07;202211;44892
M-BSTUC-EM;TUP07;202211;21708
M-CSAOC10-W;EMP01;202210;2014
M-CSAOC-W;EMP03;202211;85
M-LDCN1-W;TUP07;202210;43128
M-LDCN1-W;TUP07;202211;83160
M-LDCN1-W;TUP08;202211;7020
M-LDCN2-W;JAP01;202210;12600
M-LDCN2-W;JAP01;202211;14832
M-LDGN2-W;TUP08;202210;5796
M-LDGN2-W;TUP07;202211;6156
M-LNCN1-W;TUP07;202210;45360
M-LNCN1-W;TUP07;202210;39477
M-LNCN1-W;TUP08;202211;46152
M-MN2-OMG;TUP07;202211;23520
M-MN2-OMG;VST02;202211;7200
M-MN2-OMG;TUP07;202211;5220
M-MN2VC-OMG;TUP07;202211;9900
M-MPNG-EM;TUP07;202210;26748
M-PBTUC-W;TUP08;202210;24408
M-PSLG-MO;EMP03;202211;2275
M-PSWC-MO;EMP07;202211;2075
M-RHDGN2-W;TUP08;202210;10368
M-RHOVN1-W;JAP03;202211;2400
M-RPBNS-W20ML;TUP08;202210;43092
M-RPBSPF-W20ML;TUP07;202210;26640
M-RPBSPF-W20ML;TUP07;20229;17532
M-RPBSPF-W20ML;TUP07;202210;44496
M-RPBSPF-W20ML;TUP08;202211;44316
M-RWSDCN1-W;TUP08;202210;57888
M-RWSDCN1-W;TUP08;202211;1224
M-RWSDCN1-W;TUP07;202211;60156
M-RWSDCN2-W;JAP03;202211;26832
M-RWSNCN1-W;TUP07;202211;62748
M-SM01-KA;VMP10;202210;1908
M-SM01-KA;VMP10;202210;2340
M-SM01-KA;VMP10;202210;3600
M-SM01-KA;VMP10;202210;4572
M-SM01-KA;TUP03;202211;3780
M-SM01-KA;VMP10;202211;3780
M-SM01-KA;TUP03;202211;4212
M-SM01-KA;VMP01;202211;4201
M-SM01-KA;TUP08;202211;4229
M-SM01-KA;VMP10;202211;4227
MSS-P1C-P1;EMP03;202210;522
M-WHPG-W40ML;TUP09;202210;14040
M-WHPG-W40ML;TUP09;202210;3810
M-WHPG-W40ML;TUP09;202211;6780
M-WHPG-W40ML;TUP09;202211;90
MY-BCLCLPA-W;VMP20;202210;1776
MY-BCLCLPB-W;VMP20;202210;288
MY-BCLCLPC-W;VMP14;202210;1152
MY-BCLCLPD-W;VMP10;202211;1008
MY-BOCOCBMM-W;VMP20;202210;1320
MY-BOCOCBSP-W;VMP10;202210;600
MY-BPBBB-W;VMP26;202211;3100
MY-BRBMLP01-EM;VMP11;202210;72
MY-BRBMLP02-EM;VMP11;202210;72
MY-CONLBBL01-W;VMP16;202210;504
MY-CONLBBL02-W;VMP20;202210;1080
MY-EBREPBR-W;VMP12;202210;480
MY-FBWMM01-EM;VMP22;202210;42
MY-FBWMM01-EM;VMP14;202211;42
MY-FBWMM02-EM;VMP12;202210;126
MY-FCLCMB-W;VMP21;202210;2108
MY-FCLCMB-W;VMP22;202211;2356
MY-FCLCMC-W;VMP21;202210;1240
MY-FCLCMC-W;VMP15;202211;3100
MY-FCLCMD-W;VMP21;202210;124
MY-FCLCME-W;VMP10;202210;372
MY-FLLF01-W;VMP19;202210;1422
MY-FLLF01-W;VMP26;202211;1206
MY-FLLF02-W;VMP19;202210;2286
MY-FLLF02-W;VMP14;202211;270
MY-FLLF03-W;VMP16;202210;1872
MY-FLLF03-W;VMP14;202211;270
MY-FLLF04-W;VMP21;202210;1494
MY-FLLF04-W;VMP25;202211;270
MY-FMCDS-W;JAP03;202210;4392
MY-FMILGT-W;VMP23;202211;2200
MY-FMILGT-W;VMP10;202211;40
MY-FMMPO-EM;VMP11;202210;624
MY-FMMPO-EM;VMP14;202211;912
MY-FMMRI-EM;VMP11;202210;1152
MY-FMMRI-EM;VMP14;202211;1056
MY-FMRLN2-W;VMP10;202210;7500
MY-FMRLN2-W;VMP25;202211;4800
MY-FTLFT-W;BOP09;202210;9264
MY-FTLFT-W;BOP09;202210;9240
MY-FTLFT-W;BOP09;202210;9336
MY-FTRIHT-W;BOP05;202211;8900
MY-FTRWSABHA-W;BOP05;202211;6620
MY-FWBSACNE-EM;VMP14;202210;1960
MY-FWBSACNE-EM;VMP14;202211;20
MY-FWBSACNE-EM;VMP23;202210;580
MY-FWBSACNE-EM;VMP23;202211;660
MY-FWBSN2-EM;TUP01;202210;9800
MY-FWBSN2-EM;VMP23;202211;9800
MY-FWLMGWN2-W;TUP01;202210;9100
MY-FWLMGWN2-W;VMP21;202211;9100
MY-FWLMGWN2-W;TUP01;202210;9380
MY-FWLMGWN2-W;VMP21;202211;9380
MY-FWLMGWN2-W;TUP01;202210;9380
MY-FWLMGWN2-W;VMP21;202211;9380
MY-FWLMGWN2-W;TUP01;202210;9135
MY-FWLMGWN2-W;VMP17;202211;35
MY-FWLMGWN2-W;VMP22;202211;9100
MY-FWLMGWN2-W;TUP01;202210;10185
MY-FWLMGWN2-W;VMP22;202211;9135
MY-FWLMGWN2-W;TUP01;202211;9065
MY-FWLMGWN2-W;TUP01;202211;9275
MY-FWLWFN2-W;TUP01;202211;9310
MY-FWLWFN2-W;TUP01;202211;9415
MY-LBSR-EM;VMP22;202210;2880
MY-LBSR-EM;VMP26;202211;576
MY-LBSTSPC-EM;VMP14;202211;64
MY-LCUM01-W;VMP17;202210;720
MY-LCUM01-W;VMP25;202211;1440
MY-LCUM02-W;VMP17;202210;432
MY-LCUM02-W;VMP23;202211;720
MY-LCUM03-W;VMP18;202210;432
MY-LCUM03-W;VMP23;202211;432
MY-LCUM04-W;VMP18;202210;1008
MY-LCUM04-W;VMP23;202211;576
MY-LCUM05-W;VMP19;202210;1296
MY-LCUM06-W;VMP18;202210;288
MY-LCUM06-W;VMP23;202211;144
MY-LCUM07-W;VMP19;202210;720
MY-LCUM07-W;VMP22;202211;720
MY-LCUM08-W;VMP13;202211;864
MY-LCUSH04-EM;VMP10;202210;96
MY-LCVM09-W;VMP19;202210;1152
MY-LCVM09-W;VMP22;202211;3648
MY-LCVM10-W;VMP19;202210;960
MY-LCVM10-W;VMP22;202211;576
MY-LCVM11-W;VMP18;202210;1152
MY-LCVM11-W;VMP19;202210;192
MY-LCVM11-W;VMP21;202211;3648
MY-LCVM12-W;VMP18;202210;768
MY-LCVM12-W;VMP23;202211;768
MY-LCVM13-W;VMP18;202210;384
MY-LCVM13-W;VMP19;202210;768
MY-LCVM13-W;VMP23;202211;2112
MY-LCVM14-W;VMP18;202210;1152
MY-LCVM14-W;VMP22;202211;3840
MY-LIPEI01-W;VMP12;202210;528
MY-LIPEI06-W;VMP22;202210;132
MY-LIPEI07-W;VMP15;202211;660
MY-LSLWCA-W;VMP20;202210;1008
MY-LSLWCA-W;VMP10;202211;144
MY-LSLWCB-W;VMP15;202211;288
MY-LSLWCC-W;VMP10;202210;864
MY-LSLWCD-W;VMP10;202210;1440
MY-LSLWCE-W;VMP20;202210;1152
MY-LSLWCF-W;VMP20;202210;2448
MY-LSLWCH-W;VMP18;202210;576
MY-LSLWCK-W;VMP20;202210;288
MY-MABSE-EM;VMP20;202210;3456
MY-MABSE-EM;VMP14;202211;1248
MY-MBSACNE-EM;VMP18;202210;2700
MY-MBSACNE-EM;VMP25;202211;900
MY-MBSC-EM;VMP11;202210;10080
MY-MBSC-EM;VMP14;202211;3996
MY-MCDMM-W;VMP13;202211;2232
MY-MLDCN2-W;JAP03;202210;30552
MY-MLDGN1-W;JAP03;202210;6072
MY-MLDGN1-W;JAP03;202210;7752
MY-MLDGN1-W;EMP15;202210;504
MY-MLDGN1-W;EMP16;202210;192
MY-MLDGN1-W;JAP03;202210;5448
MY-MLDGN1-W;JAP03;202211;5952
MY-MLDGN1-W;EMP16;202211;336
MY-MLDGN1-W;EMP17;202211;0
MY-MLDGN1-W;JAP03;202211;5808
MY-MLNCN2-W;JAP03;202210;1152
MY-MRWSDCN2-W;VMP14;202210;1440
MY-RADM-W;TUP09;202211;13080
MY-RANTM-W;TUP09;202210;4860
MY-RANTM-W;TUP09;202211;17760
MY-RAPFC-W;TUP05;202210;15444
MY-RAPFC-W;VMP20;202211;15444
MY-RAPFC-W;TUP05;202211;15372
MY-RAPRT-W;BOP04;202211;9220
MY-RBBCEL-W;VMP14;202210;2088
MY-RBBCEL-W;VMP24;202211;1836
MY-RBBCEL-W;VMP10;202211;36
MY-RBBCEN-W;VMP14;202210;1872
MY-RBBCEN-W;VMP24;202211;3744
MY-RBBCLLN2-W;VMP16;202210;1056
MY-RBBCLLN2-W;VMP26;202211;1008
MY-RBBCLNN2-W;VMP24;202210;576
MY-RBBCLNN2-W;VMP24;202211;2448
MY-RBOA-W;VMP22;202210;240
MY-RBOC-W;VMP22;202210;1320
MY-RBOC-W;VMP24;202211;240
MY-RBOE01-W;VMP21;202211;1392
MY-RBOE02-W;VMP21;202211;1776
MY-RCUSEFC01-W;VMP15;202211;1200
MY-RCUSEFC02-W;VMP24;202210;768
MY-RCUSEFC02-W;VMP26;202211;2160
MY-RCUSEFC03-W;VMP26;202211;2160
MY-RCUSEFC04-W;VMP14;202211;144
MY-RCUSIPMB11-W;VMP15;202210;144
MY-RCUSIPMB11-W;VMP24;202211;648
MY-RCUSIPMB12-W;VMP15;202210;72
MY-RCUSIPMB13-W;VMP17;202210;288
MY-RDDCCDL-W;VMP22;202210;5040
MY-RDDCCDL-W;VMP25;202211;1080
MY-RDDCCDN-W;VMP22;202210;5004
MY-RDDCCDN-W;VMP26;202211;1152
MY-RECRYAG-W;VMP22;202211;624
MY-RELBL-W;VMP21;202211;4000
MY-RELEOHB-W;VMP22;202210;1600
MY-RELEOHB-W;VMP26;202210;0
MY-RELEOHB-W;VMP20;202211;2000
MY-RELESL-W;VMP16;202210;1728
MY-RELESL-W;VMP25;202211;1296
MY-REMLOIMWN2-W;VMP11;202210;3892
MY-REMRBSMWN1-EM;VMP14;202210;868
MY-REMRBSMWN1-EM;VMP15;202211;504
MY-RESA-W;VMP14;202210;1200
MY-RESG-W;VMP14;202210;120
MY-RESIPSCP-W;VMP24;202210;512
MY-RESI-W;VMP23;202210;1200
MY-RFMICD-W;BOP09;202210;16000
MY-RFMICD-W;EMP02;202210;1120
MY-RFMICD-W;BOP09;202211;19400
MY-RFMICD-W;BOP09;202211;17320
MY-RFMICD-W;BOP09;202211;14880
MY-RFMICD-W;EMP07;202211;2440
MY-RFMPBPO-W;VMP14;202210;3708
MY-RFMPBPO-W;VMP26;202211;288
MY-RFRELF01-W;VMP21;202210;1596
MY-RFRELF03-W;VMP24;202210;1148
MY-RFWAH-W;VMP23;202210;1560
MY-RFWAH-W;VMP26;202211;540
MY-RFWPBCFBO-W;TUP01;202210;9690
MY-RFWPBCFBO-W;VMP20;202211;9690
MY-RFWPBCFBS-W;TUP01;202210;9450
MY-RFWPBCFBS-W;VMP23;202211;9450
MY-RFWPBCFBS-W;TUP01;202211;9270
MY-RFWPBCFBS-W;TUP01;202211;9660
MY-RFWRYAG-W;VMP23;202210;480
MY-RFWSB-W;VMP22;202210;324
MY-RFWSB-W;VMP26;202210;36
MY-RFWSB-W;VMP25;202211;1872
MY-RHBLAHMG-W;VMP14;202210;1740
MY-RHBLAHMG-W;VMP23;202210;30
MY-RLBEVFSG-W;VMP23;202210;3168
MY-RLBEVFSS-W;VMP23;202210;1824
MY-RLBEVFSS-W;VMP24;202211;3120
MY-RLBEVLNGT-W;VMP16;202210;3648
MY-RLBEVLNGT-W;VMP24;202211;1008
MY-RLBEVLNH-W;VMP24;202210;2400
MY-RLBEVLNH-W;VMP24;202211;3744
MY-RLCVM01-W;VMP18;202210;1152
MY-RLCVM01-W;VMP20;202210;2688
MY-RLCVM01-W;VMP20;202211;5376
MY-RLCVM02-W;VMP18;202210;576
MY-RLCVM02-W;VMP13;202211;2112
MY-RLCVM03-W;VMP18;202210;1152
MY-RLCVM03-W;VMP24;202211;2112
MY-RLCVM03-W;VMP10;202211;192
MY-RLCVM04-W;VMP18;202210;2496
MY-RLCVM04-W;VMP19;202210;192
MY-RLCVM04-W;VMP22;202211;1152
MY-RLCVM05-W;VMP18;202210;2304
MY-RLCVM05-W;VMP10;202210;768
MY-RLCVM05-W;VMP12;202211;576
MY-RLCVM05-W;VMP21;202211;6336
MY-RLCVM06-W;VMP15;202211;576
MY-RLCVM07-W;VMP22;202211;960
MY-RLCVM08-W;VMP17;202210;1344
MY-RLCVM08-W;VMP20;202211;2496
MY-RLEMC01-W;VMP25;202211;864
MY-RLEMC02-W;VMP22;202210;144
MY-RLEMC02-W;VMP26;202211;144
MY-RLEMC03-W;VMP22;202210;1152
MY-RLEMC03-W;VMP26;202211;1872
MY-RLEMC04-W;VMP23;202210;144
MY-RLEMC04-W;VMP26;202211;576
MY-RLEMC05-W;VMP16;202210;432
MY-RLEMC05-W;VMP25;202211;288
MY-RLEMC06-W;VMP15;202210;720
MY-RLEMC06-W;VMP26;202211;432
MY-RLEMC07-W;VMP16;202210;432
MY-RLEMC07-W;VMP01;202211;288
MY-RLEMC08-W;VMP16;202210;576
MY-RLEMC08-W;VMP10;202211;288
MY-RLEMC09-W;VMP26;202211;720
MY-RLEMC10-W;VMP23;202211;576
MY-RLEMC11-W;VMP26;202211;576
MY-RLEMC12-W;VMP16;202210;288
MY-RLEMC12-W;VMP26;202211;144
MY-RLEMC13-W;VMP25;202211;288
MY-RLEMC14-W;VMP21;202210;432
MY-RLEMC14-W;VMP26;202211;432
MY-RLEMC15-W;VMP16;202210;288
MY-RLEMC15-W;VMP21;202210;0
MY-RLEMC15-W;VMP26;202211;144
MY-RLEMC16-W;VMP26;202211;288
MY-RLEMC17-W;VMP26;202211;144
MY-RLEMC18-W;VMP26;202211;288
MY-RLEVCL02-W;VMP15;202210;2112
MY-RLEVCL03-W;VMP26;202211;3264
MY-RLIPGC02-W;VMP26;202211;192
MY-RLIPMLMP01-W;VMP25;202211;132
MY-RLIPMLMP02-W;VMP16;202210;264
MY-RLIPMLMP05-W;VMP14;202210;132
MY-RLIPMLMP06-W;VMP26;202211;264
MY-RLIPMLMP07-W;VMP25;202210;132
MY-RLIPMLMP08-W;VMP18;202210;132
MY-RLIPMLMP09-W;VMP18;202210;132
MY-RLIPMLMP09-W;VMP26;202211;132
MY-RLIPMMS01-W;VMP15;202210;156
MY-RLIPMMS01-W;VMP15;202211;312
MY-RLIPMMS02-W;VMP15;202210;468
MY-RLIPMMS03-W;VMP16;202210;312
MY-RLIPMMS04-W;VMP26;202211;156
MY-RLIPMMS05-W;VMP15;202210;312
MY-RLREMA02-W;VMP26;202211;1152
MY-RLREMA03-W;VMP15;202211;432
MY-RLREMA04-W;VMP25;202211;2016
MY-RLREMA05-W;VMP25;202211;1440
MY-RLREMA09-W;VMP26;202211;1296
MY-RLREMA16-W;VMP18;202210;2016
MY-RLREMA16-W;VMP25;202211;1296
MY-RLREMA17-W;VMP21;202210;576
MY-RLREMA18-W;VMP18;202210;1440
MY-RLREMA18-W;VMP25;202211;432
MY-RLREMO23-W;VMP17;202210;2160
MY-RLREMO43-W;VMP26;202211;1152
MY-RLREMO46-W;VMP26;202211;288
MY-RMAGNC-W;VMP14;202210;120
MY-RMAHC-W;VMP22;202210;3690
MY-RMAHC-W;VMP24;202211;7830
MY-RMASKEEAL-W;VMP23;202210;1728
MY-RMASKEEAL-W;VMP23;202211;4536
MY-RMASKEEPC-W;VMP25;202211;576
MY-RMPBNS-W;VMP22;202210;6228
MY-RMPBSPF-W;TUP08;202211;46404
MY-RPRMIPPF-W;VMP15;202210;726
MY-RPRMIPPF-W;VMP24;202211;264
MY-RREMEEM-W;VMP14;202210;990
MY-RREMEEM-W;VMP26;202211;810
MY-RREMSCMWN1-W;VMP17;202210;1400
MY-RREMSCMWN2-W;BOP03;202210;3888
MY-RSRMCD-W;BOP06;202211;15240
MY-RTCIPMFPF11-W;PNP04;202210;576
MY-RTCIPMFPF13-W;VMP17;202210;432
MY-RTCIPMFPF13-W;VMP25;202211;240
MY-RTCRE01-W;PNP04;202210;1451
MY-RTCRE02-W;PNP04;202210;1500
MY-RTCRE02-W;PNP04;202211;1440
MY-RTCRE04-W;PNP04;202210;1320
MY-RTCRE04-W;PNP04;202210;3000
MY-SRMRWSPTEN2-W;VMP25;202211;20
MY-SSSBAT30-EM;VMP10;202211;0
MY-SSSBAT30-EM;VMP10;202211;3420
MY-TCR3LLF01-W;VMP25;202211;3528
MY-TCR3LLF03-W;PNP01;202210;4392
MY-TCR3LLF04-W;VMP10;202211;3384
MY-TWCCLFTA-W;VMP21;202210;756
MY-TWCCLFTA-W;VMP15;202211;1332
MY-TWCCLFTB-W;VMP10;202210;1296
MY-TWCCLFTB-W;VMP23;202211;3744
MY-TWCCLFTC-W;VMP20;202210;1800
MY-TWCCLFTC-W;VMP13;202211;3564
MY-TWCCLFTD-W;VMP20;202210;756
MY-TWCCLFTD-W;VMP13;202211;2592
MY-TWCCLFTD-W;VMP20;202211;756
MY-TWCCLFTE-W;VMP10;202210;288
MY-TWCCLFTF-W;VMP22;202210;288
MY-TWCCLFTF-W;VMP10;202211;1044
MY-TWCCLFTG-W;VMP13;202211;216
MY-UVSAFE-W;BLP01;202210;1484
MY-UVSAFE-W;BLP01;202210;1456
MY-UVSASP-W;VMP25;202211;6573
MY-UVSESG-W;BLP01;202210;21876
MY-UVSESG-W;TUP05;202210;22398
MY-UVSESG-W;BLP01;202210;22540
MY-UVSESG-W;TUP05;202210;22624
MY-UVSESG-W;BLP01;202211;1232
MY-UVSESG-W;BLP01;202211;18508
MY-UVSESG-W;TUP09;202211;22184
MZ-W1M2-W150ML;EMP07;202211;816
MZ-W1M2-W150ML;EMP17;202211;120
P-BIGA-MO;VMP21;202210;500
P-BIGB-MO;VMP21;202210;500
P-BSFTRRP-EM;BOP03;202211;0
P-BSFTRRP-EM;BOP04;202211;15420
P-KP4-KA;VMP16;202211;335
P-KP4-KA;VMP18;202211;1184
P-KP5-KA;VMP12;202211;1892
P-LHRM-W;VMP10;202210;28
P-LHRM-W;VST02;202211;230
PRM-IPPF-W20ML;TUP06;202211;3102
PRM-VCPM-MO20ML;TUP07;202211;3660
REM-EEM-W100ML;BOP05;202210;11891
REM-PBTUMW-W;BOP03;202210;11200
REM-PBTUMW-W;BOP03;202210;20916
REM-PBTUMW-W;BOP03;202211;11284
REM-PBTUMW-W;BOP03;202211;11620
REM-RBSMWN1-EM;BOP03;202210;9324
REM-RBSMWN1-EM;BOP03;202210;9688
REM-RBSMWN1-EM;BOP03;202211;9100
REM-RBSMWN2-EM;BOP04;202210;18240
REM-RPBTUMW-W;BOP03;202211;0
REM-SBMW-W100ML;BOP03;202211;11536
REM-SBMW-W100ML;BOP03;202211;11620
REM-SBMW-W240ML;BOP03;202210;4752
REM-SBMW-W240ML;BOP03;202210;4824
REM-SBMW-W240ML;BOP03;202210;5328
REM-SBMW-W240ML;BOP03;202211;4860
REM-SBRMW-EM;BOP03;202211;3474
S-A1SEC-W;BOP01;202210;15984
S-A1SEC-W;BOP01;202211;16368
S-A1SEC-W;BOP01;202211;16392
S-A1SEC-W;BOP01;202211;16416
S-DFSEC-W;BOP01;202211;15768
SGL-P1-P200;CUP01;202210;72
SGL-P1-P200;EMP02;202210;384
S-NSSEC-W;BOP01;202211;16272
S-P1A2-P200;BOP09;202210;4704
S-P1L-P2;EMP02;202210;135
SRM-BSS-EM;BOP05;202210;31824
SRM-BSSN2-EM;BLP01;202210;3420
SRM-BSSN2-EM;BLP01;202210;30636
SRM-BSSN2-EM;TUP08;202210;20936
SRM-BSSN2-EM;TUP08;20229;132008.2
SRM-BSSN2-EM;BLP01;202210;27792
SRM-BSSN2-EM;BLP01;202210;6876
SRM-BSSN2-EM;TUP08;202210;34568
SRM-BSSN2-EM;BLP01;202211;23040
SRM-BSSN2-EM;BLP01;202211;11268
SRM-BSSN2-EM;TUP08;202211;34552
SRM-CABN2-W;EMP07;202210;2588
SRM-CD-W17ML;BOP06;202211;27690
SRM-H-MO33ML;EMP03;202210;520
SRM-H-MO33ML;EMP03;202210;8320
SRM-MPAOC-EM;EMP07;202210;3348
SRM-PB-W;TUP08;20229;130
SRM-PGN2-OMG;VMN02;202211;200
SRM-RLSAN1-W;BOP06;202210;24364.704
SRM-RLSAN2-W;BLP01;20229;13740
SRM-RLSAN2-W;BLP01;202210;53280
SRM-RLSAN2-W;TUP08;202210;52975
SRM-RLSAN2-W;BLP01;202211;109920
SRM-RLSAN2-W;TUP08;202211;109828
SRM-RWSIBS-W;EMP01;202210;31325
SRM-RWSIBS-W;EMP01;202211;7475
SRM-RWSIBS-W;EMP07;202210;4500
SRM-RWSIBS-W;EMP01;202211;44250
SRM-RWSPTEN1-W;BOP05;202210;16325
SRM-SC-TA;EMP07;202210;52
SRM-SC-TA;EMP02;202211;49
SRM-SC-TA;EMP17;202211;0
SS-SBAT30-EM;TUP05;202210;36576
SS-SBAT30-EM;TUP03;202211;29664
SS-SBAT30-EM;TUP04;202211;15516
SS-SBAT30-EM;TUP05;202211;1764
SS-SBAT30-EM;TUP05;202211;47952
SS-SBAT30-EM;TUP05;202211;37620
SS-SBSP30-EM;TUP03;202211;7272
SS-UVSASP-W;BLP01;20229;819
SS-UVSDSPB-W;TUP09;20229;0
SS-UVSDSPB-W;BLP01;202210;10780
SS-UVSDSPB-W;BLP01;202211;54712
SS-UVSDSPB-W;BLP01;202211;2940
SS-UVSDSPB-W;TUP05;202210;43672
SS-UVSDSPB-W;TUP05;202211;0
SS-UVSDSPB-W;TUP06;202210;22260
SS-UVSDSPB-W;BLP01;202211;67508
SS-UVSDSPB-W;TUP02;202210;3584
SS-UVSDSPB-W;TUP02;202211;44442
SS-UVSDSPB-W;TUP06;202211;22794
SS-UVSDSPB-W;BLP01;202211;67900
SS-UVSDSPB-W;TUP09;202211;67913
SS-UVSDSPB-W;BLP01;202211;18368
SS-UVSDSPB-W;BLP01;202211;45622
SS-UVSDSPB-W;TUP05;202211;67156
S-USSEC-W;BOP01;202211;16104
S-USSEC-W;BOP01;202211;3312
TC-FC-MO14G;PCP03;202210;1440
TC-IPMFPF11-W13G;PNP04;202210;1195
TC-PC02-MO12G;PNP04;202210;1372
TC-PC02-MO12G;PNP04;202210;1440
TC-PC05-MO12G;PNP04;202210;576
TC-PC06-MO12G;PNP04;202210;576
TC-PC07-MO12G;PNP04;202210;569
TC-PC08-MO12G;PNP04;202210;1415
TC-PMC21-MO12G;PNP04;202210;1200
TC-PMN10-MO12G;PNP04;202211;1200
TC-PMN20-MO;PNP04;202210;1200
TC-PMN20-MO;PNP04;202210;1200
TC-PMN30-MO12G;PNP04;202210;1200
TC-PMN30-MO12G;PNP04;202210;122012.3
TC-PMN30-MO12G;PNP04;202210;1200
TC-PMW22-MO12G;PNP04;202211;1200
TC-PMW22-MO12G;PNP04;202211;1200
TC-PMW30-MO;PNP04;202211;1200
TC-PMW30-MO;PNP04;202211;1200
TC-PMW33-MO12G;PNP04;202210;1200
TC-PMW33-MO12G;PNP04;202211;1200
TC-PMW42-MO12G;PNP04;202210;1200
TC-PPHC-MO8X3,5G;PCP05;202210;288
TC-R3LEC03-W;PNP04;202210;1368
TC-R3LEC03-W;PNP01;202210;36
TC-R3LEC04-W;PNP01;202210;2880
TC-R3LLF01-W;PNP01;202211;7308
TC-R3LLF02-W;PNP01;202210;7367
TC-R3LLF02-W;PNP01;202210;7454
TC-R3LLF02-W;PNP01;202210;7392
TC-R3LLF02-W;PNP01;202210;7520
TC-R3LLF02-W;PNP01;202211;7409
TC-R3LLF02-W;PNP01;202211;7563
TC-R3LLF03-W;PNP01;202210;7541
TC-R3LLF03-W;PNP01;202211;7491
TC-R3LLF03-W;PNP01;202211;7443
TC-R3LLF04-W;PNP01;202211;7353
TC-R3LLF04-W;PNP01;202211;7488
TC-R3LLF06-W;PNP01;202210;2876
TC-R3LLF06-W;PNP01;202210;805
TC-R3LLF06-W;PNP01;202211;2065
TC-RE02-W;PNP04;202210;2580
TC-RE02-W;PNP04;202210;4115
TC-RE02-W;PNP04;202210;3750
TC-RE02-W;PNP04;202210;3600
TC-RE02-W;PNP04;202210;1620
TC-RE02-W;PNP04;202210;2888
TC-RIPMFPF11-W;PNP04;202211;1195
TC-RIPMFPF12-W;PNP04;202211;1195
TC-RIPMFPF13-W;PNP04;202210;372
TC-RIPMFPF13-W;PNP04;202210;2523
TC-RPC01-MO12G;PNP04;202211;1415
TC-RPC02-MO12G;PNP04;202210;1471
TC-RPC02-MO12G;PNP04;202211;1421
TC-RPC03-MO12G;PNP04;202210;542
TC-RPC04-MO12G;PNP04;202210;1422
TC-RPC05-MO12G;PNP04;202210;1183
TC-RPC05-MO12G;PNP01;202210;41
TC-RPC08-MO12G;PNP04;202210;1440
TC-RR3LEC04-W;PNP03;202210;6631
TC-RR3LLF02-W;PNP03;202210;27072
TC-RR3LLF02-W;PNP03;202210;22571
TC-RR3LLF02-W;PNP03;202211;3983
TC-RR3LLF02-W;PNP03;202211;26715
TC-RR3LLF02-W;PNP03;202211;26464
TC-RR3LLF03-W;PNP03;202210;26599
TC-RR3LLF03-W;PNP03;202211;27187
TC-RR3LLF04-W;PNP04;202210;288
TC-RR3LLF04-W;PNP03;202211;732
TC-RR3LLF04-W;PNP03;202211;556
TC-RR3LLF04-W;PNP03;202211;26566
TC-RR3LLF04-W;PNP03;202211;27460
TC-RR3LLF05-W;PNP03;202211;7401
TC-RR3LLF06-W;PNP04;202211;0
TC-RR3LLF06-W;PNP03;202211;4473
TC-RR3LLF06-W;PNP03;202211;4481
TC-RR3LLF07-W;PNP03;202211;4548
TC-RRE03-W;PNP04;202210;684
TC-RRE03-W;PNP04;202210;7380
TC-RRE03-W;PNP04;202210;7425
TC-RRE03-W;PNP04;202211;21240
TC-RRE03-W;PNP04;202211;7256
TC-RRE03-W;PNP04;202211;7309
TC-RRE04-W;PNP04;202210;7425
TC-RRE04-W;PNP04;202210;7470
TC-W3ELB2-W12G;PNP01;202211;230
TC-W3ELB2-W12G;PNP04;202211;0
TC-W3ELLB1-W12G;PNP01;202210;4212
TC-W3RELB2-W12G;PNP03;202210;2962
TC-W3RELB2-W12G;PNP03;202211;4204
TC-W3RELLB1-W12G;PNP03;202211;7344
TC-W3RELLI4-W12G;PNP03;202210;4248
TC-W3RELLI4-W12G;PNP03;202211;4206
TWC-CLFTC-W;PNP01;202210;2916
TWC-CLFTE-W;PNP01;202211;1458
TWC-CLFTF-W;PNP04;202211;1362
