"Korporat Code","Shelf Life Year","Shelf Life Month","Min.customer life"
"SOLV-BGKHN-X","2","0.0","26"
"BUTY--DAI1,3","1","0.0","26"
"HUM-13BG-X","3","0.0","26"
"OIL-O-POAS-CAN","3","0.0","26"
"PEN-PRSVPE-X","3","0.0","26"
"SOLV-2PEEPH-MO","3","0.0","26"
"PARF-256BU-X","1","0.0","26"
"WARN-BB--K","5","0.0","26"
"PARF-819EC-X","1","0.0","26"
"POWD-HTTS-X","3","0.0","26"
"WARN-COGR--K","5","0.0","26"
"WARN-COGO--K","5","0.0","26"
"WARN-COGJ--K","5","0.0","26"
"WARN-CLRG-X","5","0.0","26"
"WARN-TP-","5","0.0","26"
"SERI-A790TS-X","5","0.0","26"
"SAMP-AA2G-X","1","0.0","26"
"HYA-AC511H-X","2","0.0","26"
"ACTI-AGTV-X","2","0.0","26"
"PARF-AGLD3-X","1","5.0","26"
"AMP-95--K","1","0.0","26"
"SURF-ASCO35-X","1","6.0","26"
"ASO--KB-K","5","0.0","26"
"VITC-ASYA-X","2","0.0","26"
"ABIL-EM90-X","2","0.0","26"
"ABIL-WE09-X","2","0.0","26"
"ABIL-W9801-X","2","0.0","26"
"WAX-ABWAX-X","1","10.0","26"
"ACTI-ACNET-X","2","0.0","26"
"THIC-ACP9L-X","3","0.0","26"
"EMU-ACT-X","3","0.0","26"
"EKS-ACFPH-X","2","0.0","26"
"EXTR-CRBAC-X","1","0.0","26"
"ACTM-CTLA-X","2","0.0","26"
"ACTI-AICE06-X","2","0.0","26"
"ACTI-AR850-X","2","0.0","26"
"ACTM-Q10-X","2","0.0","26"
"ACTM-WHTL-X","1","6.0","26"
"ACTI-ADNL-X","3","0.0","26"
"ACTI-ADPL-X","3","0.0","26"
"SILC-AERSLR-X","2","0.0","26"
"AGF-9051-X","5","0.0","26"
"AIR-RO--L","0","0.0","0"
"AJID--NL-K","4","0.0","26"
"AJID-ZN100-X","3","0.0","26"
"ACTI-ALDVN-X","3","0.0","26"
"PARF-ALCMS-X","1","6.0","26"
"EMUL-AP2P-X","2","0.0","26"
"ALKO-ALKHCKI-X","3","0.0","26"
"VIT-ATCAT-X","3","0.0","26"
"ALAN--AK-K","5","0.0","26"
"PARF-AC046C-X","1","0.0","26"
"ACTI-AVG10X-X","1","0.0","26"
"EXTR-ALVGE-X","1","0.0","26"
"OIL-100146-X","1","0.0","26"
"ACTI-AFEW-X","2","9.0","26"
"PEM-ARBKM-X","2","0.0","26"
"ACTI-ALARB-X","3","0.0","26"
"SAMP-ALPBTN-X","3","0.0","26"
"THIC-AMGM-X","3","0.0","26"
"AMH-LL-X","4","0.0","26"
"AMI-GCK12H-X","3","0.0","26"
"AMI-GCK12K-","4","0.0","26"
"AMON-A-KS","1","0.0","26"
"ATG-71-X","1","0.0","26"
"EMUL-AMPK-","2","0.0","26"
"ANTA---K","1","3.0","26"
"FLMR-AV2F-X","3","0.0","26"
"MOIS-APCAPGA-X","1","0.0","26"
"WAX-ACG-X","1","0.0","26"
"PARF-ABHE60-MN","1","6.0","26"
"SCRU-AP500-X","2","0.0","26"
"THIC-AK10SNFC-X","1","0.0","26"
"AQUA-G35-X","1","0.0","26"
"SILI-LARAIR-X","2","0.0","26"
"SAMP-AQXY-X","2","0.0","26"
"OIL-ARG-X","2","0.0","26"
"ACTI-APSC-X","2","0.0","26"
"THIC-ARAVC-","2","8.0","26"
"THIC-ARVLT-X","3","0.0","26"
"ARLA-165--K","1","0.0","26"
"ARMO-HD--K","2","0.0","26"
"ARQU---K","5","0.0","26"
"PARF-AV-97/1-K","1","0.0","26"
"EXTR-AV-2034599-K","1","0.0","26"
"PARF-AVHR15-X","1","0.0","26"
"OIL-AVSB-X","1","0.0","26"
"SILI-AXU3-X","3","0.0","26"
"ACTI-AZCLR-X","3","0.0","26"
"BHT-CRTL-X","2","0.0","26"
"WARN-BBO12-X","5","0.0","26"
"A-BBRSA130-X","2","0.0","26"
"CLAY-BERA661-X","4","0.0","26"
"EMO-BRB2835-X","1","0.0","26"
"EMUL-BRB423-X","2","0.0","26"
"BRB-CPLM-X","3","0.0","26"
"SILI-DM65-X","3","0.0","26"
"SAMP-DM65-X","3","0.0","26"
"WARN-BRO12-X","1","6.0","26"
"TIT-401-X","5","0.0","26"
"WARN-BYO12-X","2","0.0","26"
"ACTI-BCPL-X","2","0.0","26"
"EXTR-BMBE-X","1","0.0","26"
"SAMP-BMBEPB-X","0","0.0","0"
"SAMP-BMBTEC-X","0","0.0","0"
"BASI-LP20H-X","2","0.0","26"
"SAMP-BUTV-X","3","0.0","26"
"ACTI-BEUT-X","3","0.0","26"
"MOIS-RQPO260-X","5","0.0","26"
"SILI-BDP-X","2","0.0","26"
"EMO-BSLDMZ-X","1","0.0","26"
"SILI-BDM3-X","2","0.0","26"
"EMO-BLSLDM-X","2","0.0","26"
"SILI-BLSDE-X","2","0.0","26"
"EMO-BSLDMA-X","1","0.0","26"
"SILI-BLSEGAB-X","2","0.0","4"
"SILI-BEGAEIB-X","1","0.0","26"
"SILI-BE6-X","2","0.0","26"
"SILI-BELEG5-X","1","0.0","26"
"SILI-BPF-X","2","0.0","26"
"SILI-BEL803-X","1","6.0","26"
"SILI-BDM2-X","2","0.0","26"
"BENE-K200-X","2","0.0","26"
"BENT-38V-X","2","0.0","26"
"THIC-BGV-X","2","0.0","26"
"BENT-BGISDV-X","2","0.0","26"
"BENT-BGVS5PC-X","2","0.0","26"
"PWD-BNTNT-X","2","0.0","26"
"BEN-BEN-WT","1","0.0","26"
"EMU-BE1-X","2","0.0","26"
"BETA-A98MR-X","2","0.0","26"
"BIO-HYAL-BIL","1","0.0","26"
"SCRU-BMBMV-X","2","0.0","26"
"WARN-BGM103BP-X","3","0.0","26"
"WARN-BGM103RP-X","5","0.0","26"
"WARN-BGM103YP-X","5","0.0","26"
"A-BGSA200-X","1","0.0","26"
"SAMP-BGWCTCS2A-X","0","0.0","0"
"A-BGFA200-X","1","0.0","26"
"OIL-BIOARG-X","2","0.0","26"
"BUTT-EBUSA-SBUR","1","0.0","26"
"ACTI-BWCTA-X","1","0.0","26"
"ACTI-BISARAC-X","2","6.0","26"
"OIL-BLWHMO-X","3","0.0","26"
"WARN-6000-","5","0.0","26"
"WARN-6400-","5","0.0","26"
"WARN-6000G-","5","0.0","26"
"PARF-BLMODA-X","1","0.0","26"
"BRSB-850074-X","1","0.0","26"
"PARF-BRCE-X","1","0.0","26"
"MOIS-MNL-X","2","0.0","26"
"WARN-14032-X","10","0.0","26"
"WARN-CSR28-X","10","0.0","26"
"WARN-CSR22-X","6","0.0","26"
"WARN-C19011-R7CL-K","10","0.0","26"
"WARN-C19012-DCR6-K","10","0.0","26"
"WARN-TPA502-X","10","0.0","26"
"WARN-TOA506-X","10","0.0","26"
"WARN-ABIO-X","10","0.0","26"
"WARN-A407-X","3","0.0","26"
"WARN-A450-X","4","11.0","26"
"WARN-C335138--K","10","0.0","26"
"WARN-TE-A40BIOSC-K","3","0.0","26"
"WARN-TOA403-KF","10","0.0","26"
"WARN-BL98-X","10","0.0","26"
"WARN-SCRVLT-X","7","0.0","26"
"WARN-DCY10AL-X","7","9.0","26"
"WARN-FW108S-X","10","0.0","26"
"WARN-IRGLS-X","10","0.0","26"
"WARN-C811RD-X","10","0.0","26"
"WARN-6278MRN-X","10","0.0","26"
"SERI-790-","3","0.0","26"
"CABO-M5-X","2","0.0","26"
"SILI-CES1104-X","1","0.0","26"
"PARF-CFLS-X","1","0.0","26"
"PARF-CFTME-X","2","6.0","26"
"CHEM-1789-X","2","0.0","26"
"PARF-CLMRER-X","1","0.0","26"
"PARF-CWGT-X","1","0.0","26"
"VITC-VCE-X","2","0.0","26"
"TITA-CROTS-X","5","0.0","26"
"CRO1-CRMLAB-X","1","0.0","26"
"EXTR-CFEXEC-X","2","0.0","26"
"EXTR-CNDWLHB-X","2","0.0","26"
"WAX-CDL204--X","3","0.0","26"
"WAX-CWCG-X","3","0.0","26"
"WAX-DR415-X","2","0.0","26"
"SAMP-CDWXCG7-X","3","0.0","26"
"ACTI-CPXY-X","2","0.0","26"
"EXTR-CLSDE-X","2","0.0","26"
"PARF-R1616102-X","1","0.0","26"
"CARB--94022,68-K","2","0.0","26"
"CARB-C980P-X","1","0.0","26"
"AQUA---K","1","0.0","26"
"CARB-UT-","2","0.0","26"
"CARB-UT20-X","1","0.0","26"
"CARB-UT21P-X","2","0.0","26"
"PARF-CRMOD-X","1","0.0","26"
"MINY-CAST-X","2","0.0","26"
"OIL-CA-MS","1","0.0","26"
"NEUT-CSSFL-X","2","0.0","26"
"CMC--2000F-K","2","0.0","26"
"WARN-CY--K","10","0.0","26"
"ACTI-CAEBEU-X","1","0.0","26"
"EMU-CPSNL-X","2","0.0","26"
"SAMP-CCLRK-X","1","0.0","26"
"ACTI-CCLRK-X","1","0.0","26"
"SFT-CERA847-X","5","0.0","26"
"CERE-810-","3","0.0","26"
"EMU-CTL8-X","1","0.0","26"
"EMU-C10-X","2","0.0","26"
"EMU-CTB-X","2","0.0","26"
"CECC---K","2","0.0","26"
"EMU-CTLE-X","1","5.0","26"
"CETI-OLHE-X","1","6.0","26"
"EMU-COE-X","2","0.0","26"
"EMU-CSF-X","2","0.0","26"
"EMU-CULT-X","1","0.0","26"
"CHA-CRPD-X","2","0.0","26"
"SUNS-CHMOS-X","2","0.0","26"
"SCRU-CMS40G-X","3","0.0","26"
"SCRU-CHEMPE20-X","3","0.0","26"
"ALUM--ACH-K","3","0.0","26"
"CHOL-UNFP-X","3","0.0","26"
"ACTI-CRNGW-X","2","0.0","26"
"CIRE---K","3","0.0","26"
"WAX-CRBLE-X","7","0.0","26"
"SURF-CTISL-X","2","0.0","26"
"GLYC-MS-CGGMS N/EB25","1","0.0","26"
"DISP-CTRLPLM-X","2","0.0","26"
"EMU-C316-X","2","0.0","26"
"EMU-CTL3-X","1","0.0","26"
"ACTI-CTRACD-X","3","0.0","26"
"ASAM-A-CAAH-K","2","0.0","26"
"CLAI-II-IC-K","2","0.0","26"
"PARF-CM1500-X","1","0.0","26"
"WARN-CLOGB--K","10","0.0","26"
"WARN-CLOSG--K","10","0.0","26"
"WARN-CB--K","10","0.0","26"
"WARN-CCCLOC--K","10","0.0","26"
"WARN-CLOG222--K","10","0.0","26"
"WARN-CLONAR-424CB-K","10","0.0","26"
"WARN-CLOV--K","10","0.0","26"
"CLOV-BOS873-X","2","0.0","26"
"EXTR-CCNWE-X","1","0.0","26"
"SAMP-CCNWTR-X","0","0.0","0"
"CRSB-850077-X","1","6.0","26"
"WARN-COLOMCBK-X","5","0.0","26"
"WARN-CLDB-","5","0.0","26"
"WARN-CMGT-","5","0.0","26"
"WARN-CLRBDX-X","10","0.0","26"
"EXTR-CHEN-X","1","0.0","26"
"SAMP-CPKOD-X","0","0.0","0"
"SURF-CPKOD-X","2","0.0","26"
"PARF-CTPSMOD-X","1","0.0","26"
"PARF-CLPWR-X","1","6.0","26"
"PARF-CW162-X","1","0.0","26"
"SAMP-CORN---K","2","0.0","26"
"CORN-SUNAR-X","3","0.0","26"
"CORN---K","2","0.0","26"
"THIC-CMDSP-X","2","0.0","26"
"CHAM-COSM-","3","0.0","26"
"CLR-CWBW-X","1","0.0","26"
"CLR-CWBFBW-X","1","0.0","26"
"CLR-CWR35-X","1","0.0","26"
"CLR-CWRSW-X","1","0.0","26"
"CLR-CWWTDW-X","1","0.0","26"
"SILI-CMSF600-X","2","0.0","26"
"WARN-9000-","5","0.0","26"
"WARN-CSW-9000S-K","5","0.0","26"
"BEN-COSMP1-X","1","0.0","26"
"COSM-168ARV-X","3","0.0","26"
"COSM-222--K","1","0.0","26"
"COSM-43V--K","3","0.0","26"
"COSM-CM8-X","1","0.0","26"
"COVB-LH8-","5","0.0","26"
"COVA--","3","0.0","26"
"EXTR-CRNEGN-X","3","0.0","26"
"CREA-01HPB-X","3","0.0","26"
"CRIL---K","2","0.0","26"
"EMUL-CRFCPR-X","1","0.0","26"
"CRO2-LA-","1","0.0","26"
"CRO1-CPS-X","1","0.0","26"
"EMU-CDAJ-X","2","0.0","26"
"IPM-CRDSG-X","2","0.0","26"
"CRO1-ML-","1","0.0","26"
"CRO1-OPLQS-X","1","0.0","26"
"CRO1-SS-","1","0.0","26"
"EMU-STS-","2","0.0","26"
"SAMP-CBLSSPG-X","0","0.0","0"
"ACTI-CBSS-AM","1","6.0","26"
"SAMP-CFCYP-X","1","0.0","26"
"EXTR-CMRCCMT-X","2","6.0","26"
"CRO-LS30--K","1","0.0","26"
"PARF-CAEM1R101-PKG","1","0.0","26"
"EXTR-CUMGLY-X","1","0.0","26"
"PEAR-CTNAGS-X","2","0.0","26"
"WAX-CTHRFL-X","2","0.0","26"
"WAX-CTHRP-X","3","0.0","26"
"CUTI---K","2","0.0","26"
"ACTI-CSR10S-X","1","0.0","26"
"SAMP-CPRTN-X","0","0.0","0"
"SAMP-CPETG-X","3","0.0","26"
"EXTR-CYPEX-X","3","0.0","26"
"WARN-GREE16-","10","0.0","26"
"WARN-R27MS-X","8","0.0","26"
"WARN-RED6LM4-X","5","0.0","26"
"WARN-DCR7-X","1","6.0","26"
"WARN-RED33-X","10","0.0","26"
"WARN-GZ0075-X","10","0.0","26"
"DPANT-XINFA-X","2","0.0","26"
"PANT--DL-K","2","9.0","26"
"RHM-DREIA-X","2","0.0","26"
"RHM-DREAQA-X","2","0.0","26"
"PLAS-P-D400-K","5","0.0","26"
"CLIM-DTFC-X","2","0.0","26"
"ACTI-DAWNPSC-X","2","0.0","26"
"PARF-SRNTEA-X","1","0.0","26"
"PARF-DLPZLE-X","1","0.0","26"
"WARN-DKRED6-X","5","0.0","26"
"VITA-DL E-MS","3","0.0","26"
"ACTI-DNA-X","2","0.0","26"
"SILC-VM22A-X","2","0.0","26"
"EMU-DBC-X","2","0.0","26"
"EMU-DNPG-X","1","0.0","26"
"SFT-DUBSOD-X","2","0.0","26"
"FLMR-DSTY-X","3","0.0","26"
"ACTI-DFSLSF-X","2","0.0","26"
"ALKO---L","3","0.0","26"
"SOLV-DEASB-X","1","0.0","26"
"SOLV-DEALCSB-X","1","0.0","26"
"FLMR-DMRLC-X","1","0.0","26"
"SURF-213K-X","1","0.0","26"
"EMU-DTC7-X","3","0.0","26"
"PANT-DXF-X","2","0.0","26"
"SURF-DIAK-X","2","0.0","26"
"HUM-DGCRS-X","2","0.0","26"
"ACTI-DPTSGLC-X","2","0.0","26"
"HUM-DPGCR-X","1","6.0","26"
"DPG-LO-","1","0.0","26"
"STEA-DSP300-X","4","0.0","26"
"EDT-DSLV-X","3","0.0","26"
"EDT-B--K","3","0.0","26"
"PARF-DVHNYE-X","1","0.0","26"
"PENG-DDG226-X","2","0.0","26"
"EKS-DCV-X","2","0.0","26"
"SILI-D5225F-X","2","0.0","26"
"SILI-556-DC-K","3","0.0","26"
"SILI-9546-EDC","2","0.0","26"
"POWD-9701-","2","8.0","26"
"SILI-DC9045-X","2","0.0","26"
"SILI-EL7040-X","2","0.0","26"
"SILI-DCF-ID-X","2","0.0","26"
"SILI-FZ3196-X","2","0.0","26"
"SILI-DCMQ1600-X","2","0.0","26"
"SILI-1640RSN-X","2","0.0","26"
"SILI-CE1689-X","1","6.0","26"
"DOWI---K","1","7.0","26"
"SILI-D9SEB-X","2","0.0","26"
"EXTR-DB-","1","0.0","26"
"DRYF-PC-X","2","0.0","26"
"ANTP-DRYGNL-X","4","0.0","26"
"WARN-DBG-","6","0.0","26"
"GLYA-ACAHA-DP","2","0.0","26"
"ACTI-ECTNOL-X","1","0.0","26"
"EDG-PLCG-X","2","0.0","26"
"SAMP-ESL205-X","6","0.0","26"
"EMUL-EMPL-X","1","11.0","26"
"SUNP-EPU-2X-X","2","0.0","26"
"PEN-EUXK900-X","1","0.0","26"
"PARF-HRCFP2-X","1","0.0","26"
"SUCR-AC01-X","3","0.0","26"
"A-EDSM80-X","1","0.0","26"
"SAMP-ECPGSX-X","0","0.0","0"
"SCRU-ECBTS-X","1","0.0","26"
"GLYC--ECOS-K","2","0.0","26"
"ACTI-ECFA-X","2","0.0","26"
"CETY---K","2","0.0","26"
"STA-1898F-X","2","0.0","26"
"STA--C18-K","2","0.0","26"
"SURF-EC702C-X","1","0.0","26"
"SAMP-EDWS-X","1","0.0","26"
"EMUL-EDNC129M-X","2","0.0","26"
"STEA-EDRMMY-X","2","0.0","26"
"STEA-A-EST05M","2","0.0","26"
"CHE-EDTABD-X","3","0.0","26"
"ELD-PS203-X","3","0.0","26"
"EMU-EPSR-X","2","0.0","26"
"SILI-D2-TSFST-K","3","0.0","26"
"SILI-TSF3-","3","0.0","26"
"SILI-4515-","3","0.0","26"
"PENG-ELSTCPN-X","2","0.0","26"
"EMAL---K","1","0.0","26"
"EMAL-AD25-X","0","6.0","26"
"EM-E3201M-X","1","0.0","26"
"EMU-CSAL-X","2","0.0","26"
"EMU-EML-X","3","0.0","26"
"WAX-EWCM-X","3","0.0","26"
"EMUL-EMLGDCN-X","2","0.0","26"
"EMUL-ESPL-X","2","0.0","26"
"SAMP-EMDMB-X","3","0.0","26"
"EMUL-EMILST-X","3","0.0","26"
"PARF-14A1-X","1","0.0","26"
"MOIS-EPDRMST-X","3","0.0","26"
"EO-L-SPA4-ML","2","0.0","26"
"EO-LM179-X","2","0.0","26"
"EMU-EDPC-X","1","0.0","26"
"SAMP-ESTLDPCG-X","2","0.0","26"
"EMU-EPHV-X","1","0.0","26"
"EMU-EPIS-X","1","0.0","26"
"SAMP-ESTLPTIS-X","2","0.0","26"
"SAMP-ESTLPT-ISH-X","2","0.0","26"
"POL-ESTD4-X","2","0.0","26"
"FLMR-ELS7P-X","2","0.0","26"
"EUCA-G850062-X","2","0.0","26"
"EMUL-EMLP-X","4","0.0","26"
"SAMP-EMLGNB25-X","0","0.0","0"
"PEAR-EPK771-X","1","0.0","26"
"WARN-CAR--K","6","0.0","26"
"EUTA-G-X","1","0.0","26"
"OIL-EVPRO-X","1","0.0","26"
"OIL-EPO-X","3","0.0","26"
"EVOI-APKR-X","2","0.0","26"
"OIL-OOEVE-X","2","0.0","26"
"PARF-EXK2R15-X","3","0.0","26"
"PARF-EOMOD-X","1","0.0","26"
"PARF-EXOTR363-","1","0.0","26"
"PARF-EP850-X","1","0.0","26"
"PARF-EXOPR434-MN","1","0.0","26"
"PARF-ESE-X","1","0.0","26"
"EXP-EGS605147-X","1","0.0","26"
"POLY-E-2/032451-K","1","2.0","26"
"EXP-EGWGW-X","1","0.0","26"
"WARN-BLUE2LAKE-X","6","0.0","26"
"SERI-SERFHS-X","1","0.0","26"
"MICA-FHSMLP-X","1","0.0","26"
"EKS-FMO-X","2","0.0","26"
"PARF-FOMOD-X","1","6.0","26"
"FMXNT-2312-X","2","0.0","26"
"PARF-FLMMR15-X","1","0.0","26"
"FENT-E50-X","2","0.0","26"
"OIL-CO-F","1","0.0","26"
"SAMP-FAD190-X","2","0.0","26"
"WARN-FG-820C-K","10","0.0","26"
"EXTR-FS-I-K","2","0.0","26"
"LILI-FL70-X","1","0.0","26"
"PARF-R1613755-X","1","0.0","26"
"EMU-FLRM-X","1","0.0","26"
"SCRU-FJSJ-X","1","0.0","26"
"EXTR-FRPNGE-X","1","0.0","26"
"MENT-FRGHS-X","3","0.0","26"
"AHA-FRBBCR-X","1","0.0","26"
"EXTR-FLACOR-X","2","0.0","26"
"EKS-FLAC-X","1","0.0","26"
"ACTI-FPMG-X","2","0.0","26"
"FUCO-15PSLB-X","3","0.0","26"
"POWD-GHHDI-X","3","0.0","26"
"SERI-GH202-X","3","0.0","26"
"SERI-202LL-X","2","0.0","26"
"POWD-GH52-X","2","0.0","26"
"POWD-GHDS-X","3","0.0","26"
"MICA-GH603-X","3","0.0","26"
"EXTR-GNGGE-X","1","0.0","26"
"THIC-GLCD120-X","1","0.0","26"
"EMUL-GMSNSE-X","2","0.0","26"
"GOHS-GS05C-X","1","5.0","26"
"GOHS-GS40C-X","1","5.0","26"
"PARF-GMBW2C-X","1","5.0","26"
"SURF-GALS-X","1","0.0","26"
"WARN-TRTYL-X","6","0.0","26"
"WARN-GT0600--K","10","0.0","26"
"WARN-GTG006--K","8","0.0","26"
"PEAR-GNPPMS-X","2","0.0","26"
"GENP-TSPWD-X","2","0.0","26"
"PENG-GEO11S-X","2","0.0","26"
"PEN-111A-X","1","6.0","26"
"EXTR-GDEP009-X","1","0.0","26"
"HDRL-GLDWBZ-X","2","0.0","26"
"HUM-GLU20-X","2","0.0","26"
"THIC-GLD120T-X","3","0.0","26"
"MG20-GLUCOE-X","2","0.0","26"
"GLUZ-GLUZ-","5","0.0","26"
"EXF-GLDL-X","3","0.0","26"
"EMU-GLY767LS-X","3","0.0","26"
"GLYA-THA99-X","2","0.0","26"
"PENG-GL-LON","3","0.0","26"
"EXTR-GMP150-X","2","0.0","26"
"GOHS--EG40","1","5.0","26"
"PARF-GLMSTA-X","1","0.0","26"
"OIL-GOLDJO-X","2","0.0","26"
"ACTI-GRR-X","1","0.0","26"
"ACTI-GRPLMD-X","3","0.0","26"
"SILI-GPUQ-X","3","0.0","26"
"SAMP-GPWDUSQ-X","3","0.0","26"
"SILI-GRDM-X","3","0.0","26"
"SILI-GDSB-X","3","0.0","26"
"SILI-GREL-X","3","0.0","26"
"SILI-GRPSQ-X","3","0.0","26"
"SILI-GVX419-X","3","0.0","26"
"EMUL-G50C-X","3","0.0","26"
"SILI-GR67-X","3","0.0","26"
"PARF-YL0313-X","3","0.0","26"
"EXTR-GS-","2","0.0","26"
"EMO-GSDO-X","2","0.0","26"
"SAMP-GRCL-X","2","0.0","26"
"CLAY-GRCSM-X","3","0.0","26"
"PARF-GL-118/46-K","1","0.0","26"
"EXTR-GTSR-X","1","0.0","26"
"EKS-GTLE-X","1","0.0","26"
"PARF-R1526-X","1","0.0","26"
"PARF-GTR090-X","1","0.0","26"
"HAIM-DIS-X","2","0.0","26"
"PARF-HP701-KMX","1","0.0","26"
"HALL-BHB-X","2","0.0","26"
"PARF-HM2AAL-X","1","6.0","26"
"PARF-HE50138--K","1","0.0","26"
"ACTI-HXCTEC-X","3","0.0","26"
"HUM-HXLGLC-X","1","0.0","26"
"HFBO-57137-X","1","0.0","26"
"EKS-HLE-X","1","0.0","26"
"PARF-YL1259-X","1","0.0","26"
"ACTI-HFX-X","1","0.0","26"
"ACTI-HAOL-X","3","0.0","26"
"ACTI-HYRP-X","3","0.0","26"
"SUNS-HYAB-X","2","0.0","26"
"SUNS-HBDAE-X","3","0.0","26"
"HUM-HYTGEST-X","1","0.0","26"
"MOIS-HYDGLC-X","1","6.0","26"
"SOLV-MFLMOD-X","1","0.0","26"
"PENG-HDPOEA-X","1","0.0","26"
"ACTI-HFG-X","2","0.0","26"
"HYDL-5SMR-X","2","0.0","26"
"ACTI-HDR-X","2","0.0","26"
"FLMR-HYDTCM-X","2","0.0","26"
"H2O2-PO-","1","0.0","26"
"TITA-INBP-X","2","0.0","26"
"PARF-ITPM91-X","1","0.0","26"
"SAMP-IPMP-X","0","0.0","0"
"PARF-ISPSP-X","1","0.0","26"
"SAMP-IC20P-X","1","0.0","26"
"PARF-IMTD1-X","1","0.0","26"
"EMU-INDOH100-","2","0.0","26"
"PENG-IPCP-X","1","6.0","26"
"WARN-YLW3AS-X","4","0.0","26"
"WARN-BLCK3AS-X","4","0.0","26"
"WARN-RED3AS-X","4","0.0","26"
"PRE-ISCGBA-X","3","0.0","26"
"PENG-IPEG-X","2","0.0","26"
"PENG-ISCGPHG-X","2","0.0","26"
"SURF-ISLX-X","4","0.0","26"
"SAMP-IXQCL-X","2","0.0","26"
"SURF-IXCSB-X","2","0.0","26"
"SURF-ISULMD-X","2","0.0","26"
"SOLV-PRIHD-X","2","0.0","26"
"EMUL-IS34R-X","2","0.0","26"
"EMU-ISST-X","3","0.0","26"
"ACTI-IVLNC-X","2","0.0","26"
"KATI-JGRC14-X","2","0.0","26"
"SAMP-JPBTBY-X","1","0.0","26"
"EXTR-JPBBR-X","1","0.0","26"
"EMO-JOJOCO-X","2","0.0","26"
"WAX-JBW4F-X","2","0.0","26"
"SILI-KF54HV-X","1","0.0","26"
"SILI-KFFA-X","2","0.0","26"
"EMUL-KF6017-X","1","0.0","26"
"EMUL-KF6028-X","1","0.0","26"
"EMUL-KF68-X","1","0.0","26"
"SILI-KP56P-X","1","0.0","26"
"SILI-KP5P-X","1","0.0","26"
"SILI-578-X","1","0.0","26"
"EMUL-KSG210-X","1","0.0","26"
"EMUL-KSG710-X","1","0.0","26"
"SILI-KSGFT-X","1","0.0","26"
"SILI-KSP1-X","1","0.0","26"
"SILI-KSPO-X","2","0.0","26"
"WAX-KB2811P-X","3","0.0","26"
"WAX-1847MICR-X","3","0.0","26"
"OZO-OZO-","4","0.0","26"
"WAX-KHWXBA-X","3","0.0","26"
"WAX-KHWX2811-X","3","0.0","26"
"WAX-CW--K","3","0.0","26"
"SAMP-KH6290-X","3","0.0","26"
"WAX-KWSN-X","3","0.0","26"
"WAX-KHWX6700-X","5","0.0","26"
"WAX-8070-X","3","0.0","26"
"SAMP-KNSL-X","2","0.0","26"
"KAOL-JP100-X","1","0.0","26"
"PWD-KALNPD-X","2","0.0","26"
"CLAY-KAOSRG-X","5","0.0","26"
"KAOL--PKA-K","4","0.0","26"
"KATH---K","2","0.0","26"
"THIC-KLCGCL-X","2","0.0","26"
"KELT-CG-X","2","0.0","26"
"WAX-KWK82D-X","3","0.0","26"
"WAX-KW8P-X","2","0.0","26"
"WAX-KWK62--X","3","0.0","26"
"EXTR-KFGLYEX-X","6","0.0","26"
"FILM-54ID-X","2","0.0","26"
"FILM-KOBOHRPC-X","5","0.0","26"
"TITA-KRO1171-X","5","0.0","26"
"MICA-LLMC5500-X","5","0.0","26"
"SERI-LLSCFSE-X","1","4.0","26"
"TALC-JA46R-X","5","0.0","26"
"PARF-A5961-X","3","0.0","26"
"PARF-LMS-","2","0.0","26"
"STA-L18X","2","0.0","26"
"WAX-LNT16-X","2","0.0","26"
"LAN-99-X","1","0.0","26"
"LILI-OLUN-X","2","0.0","26"
"WAX-LNALWJ-X","3","0.0","26"
"LANO-AN--K","3","0.0","26"
"LAUR-POL99%-X","2","0.0","26"
"LAUR-99CRC-X","2","0.0","26"
"PARF-LVDMS-X","1","6.0","26"
"SAMP-LVORMOD-X","0","0.0","0"
"WARN-R7EL-X","8","0.0","26"
"WARN-R6FM-X","1","0.0","26"
"PARF-LG339-X","1","0.0","26"
"EXTR-LDEP090-X","2","0.0","26"
"EXTR-LVDGE-X","1","0.0","26"
"LVDR-850007-X","2","0.0","26"
"EMUL-LCG-X","2","0.0","26"
"PARF-LF52MF-X","1","0.0","26"
"LEMO-850000-X","2","0.0","26"
"LEMG-850017-X","2","0.0","26"
"LENO-SLSLEAS-","2","0.0","26"
"EMU-LEX7-X","3","0.0","26"
"EMU-LEXS-X","2","0.0","26"
"OIL-LXFS-X","3","0.0","26"
"ACTI-LTL-X","3","0.0","26"
"EXTR-LCRG-X","1","0.0","26"
"PARF-L162--K","0","6.0","26"
"LCO-57138-X","1","0.0","26"
"OIL-W-GARRC-DRUM","3","0.0","26"
"WARN-LSW5001-W 5001-","10","0.0","26"
"SCRU-LPAPS4060-X","5","0.0","26"
"ACTI-LW36-X","5","0.0","26"
"MOIS-LPBGCR-X","1","6.0","26"
"SAMP-LPASG-X","4","0.0","26"
"EMU-LPNT-X","3","0.0","26"
"HUM-LIPOEG1-X","3","0.0","26"
"WAX-LIPZ-X","3","0.0","26"
"SAMP-LPWXPZ8020-X","3","0.0","26"
"PARF-LSR71-","1","0.0","26"
"LBRJ-IIXD-X","3","0.0","26"
"BAH-LUVIK30P-X","3","0.0","26"
"THIC-LVK90-X","3","0.0","26"
"PARF-LEPE-X","1","0.0","26"
"PARF-MJTDM-X","1","0.0","26"
"RHM-MKMSS-X","5","0.0","26"
"GLUC--MC","1","0.0","26"
"ACTI-MDIC-X","2","9.0","26"
"SILI-MRSLDA-X","3","0.0","4"
"PARF-MZHHMT-X","1","0.0","26"
"PARF-MALD8-X","1","5.0","26"
"MT-100-MT100-K","3","0.0","26"
"ACTI-MGCPW-X","2","0.0","26"
"ACTI-MGCS-X","1","10.0","26"
"SAMP-MFLMOD-X","0","0.0","0"
"MAC-MG20E-X","1","0.0","26"
"SAMP-MDCS-X","3","0.0","26"
"EXTR-MGEX-X","2","0.0","26"
"PARF-MJSDMB-X","1","0.0","26"
"SILC-MKOL-X","3","0.0","26"
"THIC-MKMTWLV-X","5","0.0","26"
"SAMP-MK12-X","5","0.0","26"
"THIC-MK25-X","5","0.0","26"
"ACTI-MMECO-X","1","6.0","26"
"MATR-3000-X","1","10.0","26"
"MATR-P5P3--K","1","10.0","26"
"MATS-MCM100-X","2","0.0","26"
"MICP-M511-X","1","0.0","26"
"MEDI-MDL-MGS","2","0.0","26"
"PARF-MLPMD-X","1","0.0","26"
"MENT--CEPB-K","1","6.0","26"
"CORN-M100-X","3","0.0","26"
"MERQ-MQ2001P-X","1","6.0","26"
"MERQ-MQ550PP-X","2","0.0","26"
"MERQ-550-X","2","0.0","26"
"ACTI-MRV-X","1","0.0","26"
"MBO-57135-X","1","0.0","26"
"SILI-M05F-X","1","0.0","26"
"POWD-MDMS-","1","0.0","26"
"POWD-MDMSP-X","1","6.0","26"
"MICO-MICBTMS50-X","1","0.0","26"
"POLY-MICOJ400-","2","0.0","26"
"TIT-MT60S-X","4","0.0","26"
"PENG-PHC-X","1","0.0","26"
"SAMP-MCSB-X","1","6.0","26"
"WAX-MCR146-X","2","0.0","26"
"MWAX-SP19-X","3","0.0","26"
"SCRU-MP220-X","10","0.0","26"
"POWD-MCSLKDB-X","10","0.0","26"
"MICR--EMPIUSA-K","10","0.0","26"
"MICP-511-","5","0.0","26"
"EMO-MGYTC7-X","3","0.0","26"
"MIHA--PAU50","2","0.0","26"
"HCR-MHPBS-X","2","0.0","26"
"PARF-MSJ841-X","1","0.0","26"
"PARF-MILKR243-","1","0.0","26"
"PWD-MNLGZN-X","3","0.0","26"
"OIL-MBR573-X","0","24.0","26"
"OIL-K--K","2","0.0","26"
"EMUL-MRSLBLC-X","1","6.0","26"
"SILI-CDM10-X","2","0.0","26"
"SILI-MCMA-X","3","0.0","26"
"ALUM-MN10D-X","5","0.0","26"
"MEA-BASF--DRUM","1","0.0","26"
"MEA-8350-X","1","0.0","26"
"MONO-SPAHD-X","2","0.0","26"
"EMUL-MTVT-X","5","0.0","26"
"EMU-MTV6-X","3","0.0","26"
"THIC-MNTVL-X","3","0.0","26"
"PARF-MRGBRZ-X","1","6.0","26"
"EXTR-MRGOL-X","1","0.0","26"
"SAMP-MROFGE-X","0","0.0","0"
"PARF-MRGGLO-X","1","6.0","26"
"PARF-MOVER15-X","1","0.0","26"
"ACTI-MEBSA-X","3","0.0","26"
"AHA-MFE-X","3","0.0","26"
"PARF-MB1935-X","0","7.0","26"
"PARF-MFLMOD-X","1","0.0","26"
"MYRI-MYTM-X","2","0.0","26"
"KATI-3196-X","1","0.0","26"
"FIBR-NFCB-X","5","0.0","26"
"PARF-NWR77-X","1","0.0","26"
"PARF-NWR7D-X","1","0.0","26"
"ACTI-NADS2-X","1","0.0","26"
"EMU-NPDC-X","2","0.0","26"
"CELL-HHRP-X","2","0.0","26"
"PARF-R1422-X","1","0.0","26"
"WARN-ALRED-X","8","0.0","26"
"NEO-357-X","3","0.0","26"
"EMU-NL1P-X","2","0.0","26"
"SQUA-AMYR-X","2","0.0","26"
"NEUT-LM-X","3","0.0","26"
"VITA-B3PC-X","3","0.0","26"
"VITA-B3UPPC-X","3","0.0","26"
"EMUL-NKBC20-X","1","0.0","26"
"THIC-NDXTP-X","3","0.0","26"
"NIKK-EP30-X","1","0.0","26"
"EMUL-NKCW-X","1","0.0","26"
"EMUL-NIKLC-X","3","0.0","26"
"NIPA-G--K","3","0.0","26"
"PENG-CLRP-X","3","0.0","26"
"PENG-NPGEHP-X","2","0.0","26"
"ACTI-NXBHT-X","2","0.0","26"
"NIPA-S--K","3","0.0","26"
"THIC-NCHKP-X","3","0.0","26"
"EMU-HP30-X","2","0.0","26"
"NOM-SG-X","2","0.0","26"
"THIC-NOVEEC1L-","2","0.0","26"
"EMUL-NVMEC2PLM-X","1","0.0","26"
"NUTR-NTKWPP-X","1","6.0","26"
"PARF-OCWVE-X","1","0.0","26"
"OROS-850004-X","2","0.0","26"
"POWD-OMSS-X","2","0.0","26"
"SERI-OT2SFSE-","5","0.0","26"
"TITA-OTS2CR50-","5","0.0","26"
"WARN-OTS2Y-X","3","0.0","26"
"SAMP-OTS2MSYS7-X","5","0.0","26"
"SAMP-OATEC-X","0","0.0","0"
"SCRU-OATP1-X","2","0.0","26"
"PARF-OMGRP-X","1","0.0","26"
"THIC-OLKS-X","1","0.0","26"
"PARF-OLVALF2-X","1","0.0","26"
"PARF-ODM3-X","1","0.0","26"
"OIL-OLV300-X","1","0.0","26"
"OLIV-1000BT-X","5","0.0","26"
"OLIV-900BT-X","5","0.0","26"
"OPT-ASH--X","2","0.0","26"
"EXTR-ORGE-X","1","0.0","26"
"WARN-O025-X","5","0.0","26"
"CLR-ORYLW-X","5","0.0","26"
"ORGA-EXD-ARK","3","0.0","26"
"SURF-OLEOD-X","3","0.0","26"
"OIL-ORJVA-X","2","0.0","26"
"TALC-OSBRTPD-X","2","0.0","26"
"ACTI-OX229PF-X","3","0.0","26"
"ACTI-OXYWAL-X","2","0.0","26"
"PARF-AMGRZ-X","1","0.0","26"
"PARF-C072-GIV","1","0.0","26"
"PARF-CSMI-AM","1","0.0","26"
"PARF-DTV1015--K","1","0.0","26"
"PARF-FUN819-X","1","0.0","26"
"PARF-FW501-X","1","0.0","26"
"PARF-GRVYGA-X","1","0.0","26"
"PARF-HGTEA-X","1","6.0","26"
"PARF-HRVY-X","1","0.0","26"
"PARF-JRS-X","1","0.0","26"
"PARF-LDGRGA-X","1","0.0","26"
"PARF-MNRWVSA-X","1","0.0","26"
"PARF-MOANGL-X","1","0.0","26"
"PARF-MWLVP-X","1","0.0","26"
"PARF-MZHM90-X","1","0.0","26"
"PARF-O010-","1","0.0","26"
"PARF-OLVA-X","1","0.0","26"
"PARF-PCNDLF-X","1","0.0","26"
"PARF-PSIX513-X","1","0.0","26"
"PARF-PSV816--K","2","0.0","26"
"PARF-PSVLF-X","1","0.0","26"
"PARF-SFFC2-X","1","0.0","26"
"PARF-SGM62-X","1","0.0","26"
"PARF-SILK-","1","0.0","26"
"PARF-SJM-X","2","0.0","26"
"PARF-SPRFLR-X","1","0.0","26"
"PARF-TF394-X","1","0.0","26"
"PARF-TWFLLF-X","1","0.0","26"
"PARF-WGTIMP-X","1","6.0","26"
"PARF-WT155-","1","0.0","26"
"EMU-PCLL-X","2","0.0","26"
"MICA-PF-5-X","5","0.0","26"
"SERI-PF-5FSE-X","5","0.0","26"
"SILI-PUREBSG-X","2","0.0","26"
"THIC-PVPK90-X","2","0.0","26"
"ACTI-PCFL-X","2","0.0","26"
"RHM-PLMCMA-X","2","0.0","104"
"STEA-P9218-X","1","0.0","26"
"LAUR-A9912-X","2","0.0","26"
"EMU-PS-","1","0.0","26"
"IPM-PLMSF98-X","2","0.0","26"
"THIC-PAL-","2","0.0","26"
"EXTR-G-MM","2","0.0","26"
"WAX-P-FR6062-K","1","0.0","26"
"PARF-GLIP-R 0714767","1","0.0","26"
"PARF-OL-R 0714768","1","0.0","26"
"PARF-SSL-R0701530","1","0.0","26"
"PARF-VL-R0701531","1","0.0","26"
"SAMP-ALCMOD-X","0","0.0","0"
"SAMP-BSGMLN-X","0","0.0","0"
"SAMP-BRCE-X","1","0.0","26"
"SAMP-DPST-X","0","0.0","0"
"SAMP-DLPZL-X","0","0.0","0"
"SAMP-ETSCHAF-X","1","0.0","26"
"SAMP-ITPLE-X","1","0.0","26"
"SAMP-POLE20-X","1","0.0","26"
"PARF-VMR-X","1","0.0","26"
"SAMP-LEPE-X","1","0.0","26"
"SAMP-NW377D-X","0","0.0","0"
"SAMP-NGWR-X","0","0.0","0"
"PARF-PSMR150-X","2","0.0","26"
"SAMP-RLXTSG-X","0","0.0","0"
"SAMP-RSCFE-X","0","0.0","0"
"SAMP-FRMCM-X","0","0.0","0"
"SAMP-SRNTEA-X","1","0.0","26"
"SAMP-STFP-X","0","0.0","0"
"SAMP-VDV208E-X","0","0.0","0"
"PARS-1789-","2","0.0","26"
"SUNS-PR340-X","3","0.0","26"
"PARS-5000-DSM","2","0.0","26"
"SUNS-PEHS-X","3","0.0","26"
"SUNS-PRSHMS-X","3","0.0","26"
"PARS--RUVBF-K","1","0.0","26"
"SUNS-PRSHD-X","5","0.0","26"
"SUNS-PTX-X","5","0.0","26"
"EXTR-PCGD2SG-X","2","0.0","26"
"EXTR-PEAR-MM","3","0.0","26"
"MOIS-PRLMNL-X","5","0.0","26"
"ABS-PLNBL-X","2","0.0","26"
"PBS---K","1","0.0","26"
"EMUL-PMLEZU-X","2","0.0","26"
"MOIS-PTVT-X","3","0.0","26"
"EXTR-PEPGLYE-X","1","0.0","26"
"PEPE-850021-X","2","0.0","26"
"WAX-PFRMSW-X","3","0.0","26"
"PERF-PF40-X","3","0.0","26"
"PERF-PL-","3","0.0","26"
"EKS-AVOLE-X","1","0.0","26"
"PENG-PHGS-X","2","0.0","26"
"PENG-PNX-X","3","0.0","26"
"EKS-PPEC-X","2","0.0","26"
"EXTR-PTHXCLND-X","1","0.0","26"
"EXTR-PHTSGE-X","1","0.0","26"
"SAMP-PTCTGJ-X","3","0.0","26"
"EXTR-PCTMD-X","3","0.0","26"
"EXTR-PCTGJ-X","3","0.0","26"
"OIL-PAAP-X","2","5.0","26"
"SAMP-PLCH-X","2","0.0","26"
"EXTR-PHTGRPF-X","2","0.0","26"
"EMUL-PCCRMR-X","2","0.0","26"
"EXTR-PAGLYEX-X","1","0.0","26"
"EMU-PH-X","1","0.0","26"
"EMUL-PLUP-X","2","0.0","26"
"SURF-PTPSFN-X","1","6.0","26"
"OIL-PAO-X","1","6.0","26"
"EMO-PLTRSB-X","2","0.0","26"
"PLASC-L9540-X","3","0.0","26"
"EMUL-PL64-X","2","0.0","26"
"SAMP-PL64-X","2","0.0","26"
"EMU-PLHV-X","2","0.0","26"
"HUM-P3350P-X","2","0.0","26"
"HUM-PG400C-X","2","0.0","26"
"HUM-PG400-X","2","0.0","26"
"LICO-D-EXTPT40-G","4","0.0","26"
"EXTR-PONG-X","2","0.0","26"
"SUNS-PNGEX-X","2","0.0","26"
"OIL-OJJBIII-X","2","0.0","26"
"SQUA-PRT-X","2","0.0","26"
"KOH--PH-K","3","0.0","26"
"ZINC-POWBM-X","1","0.0","26"
"ACTI-PHA1-X","1","0.0","26"
"ACTI-PHA3-X","1","0.0","26"
"PARF-PRVIAE-X","1","0.0","26"
"SAMP-PRDW600-X","4","0.0","26"
"MOIS-PRDSX-X","4","0.0","26"
"PROP-PPGULD-X","2","0.0","26"
"PROP-PGESK-X","3","0.0","26"
"HUM-PGUEP-X","2","0.0","26"
"ACTI-PTLS8951-X","2","0.0","26"
"PURA--PH90-K","4","0.0","26"
"PARF-PS004-","0","6.0","26"
"PURO-IDD-X","2","0.0","26"
"MOIS-PGPD-X","2","0.0","26"
"PARF-QUOSMR16-X","1","0.0","26"
"WARN-RK416-X","3","0.0","26"
"MOIS-RNGBC-X","2","0.0","26"
"SAMP-RNG-X","2","0.0","26"
"PARF-RSCFE-X","1","0.0","26"
"EMO-RFTN-X","2","0.0","26"
"PARF-RRCFE-X","1","0.0","26"
"PARF-RS158-X","1","0.0","26"
"PAS--","2","6.0","26"
"ACTI-RYKA-X","2","0.0","26"
"WARN--RED227","5","0.0","26"
"ACTI-RDSY-X","2","0.0","26"
"ACTI-APLR-X","1","0.0","26"
"GULA-R1-X","2","0.0","26"
"EMO-RFNJO-X","2","0.0","26"
"GARA-RFS-X","3","0.0","26"
"REGU-FD-X","3","0.0","26"
"HUM-RG26LQSG-X","1","0.0","26"
"ACTI-RNV-X","2","0.0","26"
"ACTI-RCLRP-X","2","0.0","26"
"RSN-PTMX-X","3","0.0","26"
"REWD-LIS80-X","2","0.0","26"
"REWM-DC21-","2","0.0","26"
"REW-PIB-","2","0.0","26"
"MOIS-RHH15P-X","3","0.0","26"
"RHEO-PRKL2-X","2","0.0","26"
"RHEO-PRTT2-X","1","0.0","26"
"RHOD--SLES-K","1","0.0","26"
"OIL-RBOM-X","2","0.0","26"
"EXTR-RMGE-X","2","0.0","26"
"WAX-RWSS-II-X","2","0.0","26"
"ACTI-RNCC-X","3","0.0","26"
"PEN-RCCB-X","3","0.0","26"
"PENG-RCSBZ-X","3","0.0","26"
"SFTC-RFBSF3-X","2","0.0","26"
"MICA-RFSYM-X","5","0.0","26"
"ACTI-RBN-X","3","0.0","26"
"ACTI-ECTRC-X","5","0.0","26"
"THIC-RMGSO4-X","4","2.0","26"
"RBO-58134-X","1","0.0","26"
"SAMP-RSDMFW-X","1","0.0","26"
"PARF-RBM3E-X","1","0.0","26"
"SAMP-RGLCPP-X","2","0.0","26"
"PTL-RGCPTPLP-X","2","0.0","26"
"PARF-RLVNL-X","1","0.0","26"
"SAMP-RPE0819B-X","1","6.0","26"
"SAMP-RSWRND-X","2","0.0","26"
"EXTR-RSWTRB-X","1","0.0","26"
"SAMP-RSWRBGR-X","0","0.0","0"
"EXTR-EMWII-X","2","0.0","26"
"EXTR-RW-R-X","2","0.0","26"
"EO-RSML7-X","2","0.0","26"
"OIL-RSOLIDS-X","4","0.0","26"
"PARF-RSTCC-X","1","0.0","26"
"ACTI-RSVT-X","2","0.0","26"
"SAMP-RSVT-X","2","0.0","26"
"SAMP-RGBL-X","0","6.0","26"
"SAMP-AMZGRC-X","1","0.0","26"
"SAMP-FLSMOC-X","0","0.0","0"
"SAMP-FMNSWNG-X","1","0.0","26"
"SAMP-GLDMJSTY-X","1","0.0","26"
"SAMP-GRNVYG-X","1","0.0","26"
"SAMP-HGTEA-X","0","0.0","0"
"SAMP-HRVY-X","0","0.0","0"
"SAMP-HTSTR1-X","0","0.0","0"
"SAMP-IMTD1-X","1","0.0","26"
"SAMP-IMTD2-X","0","0.0","0"
"SAMP-JDRS-X","1","0.0","26"
"SAMP-LDGRG-X","2","0.0","26"
"SAMP-MH2O-X","0","0.0","0"
"SAMP-MHMOD-X","1","0.0","26"
"SAMP-MHMODTEC-X","1","0.0","26"
"SAMP-MLWS-X","1","0.0","26"
"SAMP-MLWSLVP-X","2","0.0","26"
"SAMP-MOONAGL-X","1","0.0","26"
"SAMP-PNCDYLF-X","1","0.0","26"
"SAMP-RSTE26C-X","1","0.0","26"
"SAMP-SOGMODTEC-X","1","0.0","26"
"SAMP-SPFLFC2-X","1","0.0","26"
"SAMP-SPRKYSTR-X","1","0.0","26"
"SAMP-STOG-X","0","0.0","0"
"SAMP-WGTIMP-X","0","0.0","0"
"POWD-SBK-X","4","0.0","26"
"PEN-SENSC50-X","3","0.0","26"
"SILI-1202-","3","0.0","26"
"SILI-1328--K","3","0.0","26"
"SILI-1540-GE","1","0.0","26"
"SILI-SF16-","4","0.0","26"
"SILI-SF12--K","1","0.0","26"
"SILI-SFE-GE","2","9.0","26"
"POWD-SH219-X","2","0.0","26"
"WARN-S12RN217--K","1","0.0","26"
"WARN-S12RR5161--K","1","0.0","26"
"WARN-S12YL--K","5","0.0","26"
"SILD--SI5H52D-K","5","0.0","26"
"MICA--SIOI2-K","2","0.0","26"
"TALK-C-STJADAITO-K","5","0.0","26"
"TITA-C-STCR5-K","5","0.0","26"
"SERI-M-LPSRCT-X","1","0.0","26"
"ACTI-SKINFLV-X","2","0.0","26"
"EMO-ARLPS15E-X","2","0.0","26"
"EMUL-BS721-X","1","6.0","26"
"EMUL-BC20-X","1","0.0","26"
"EMUL-SPBS2-X","1","0.0","26"
"EMUL-CGSPS-X","1","0.0","26"
"CRO1-GTCC-","2","0.0","26"
"EMU-CPLS-X","1","6.0","26"
"POLA--GP2-K","1","0.0","26"
"PARF-9861SPM--K","3","0.0","26"
"PARF-LVDLVLY-X","1","0.0","26"
"PARF-CFLYFGT-X","1","0.0","26"
"PARF-AMSKLG-X","1","0.0","26"
"PARF-OSLF-SP119881-X","2","0.0","26"
"PARF-ISLYFGT-X","1","0.0","26"
"PARF-ENTCSC-X","1","0.0","26"
"PARF-PCGD2SG-X","1","0.0","26"
"PARF-LL-SP2-K","2","0.0","26"
"PARF-OS-SP20606-K","1","0.0","26"
"PARF-OOCFSP77-SWP","1","0.0","26"
"PARF-SPFXTV-X","1","0.0","26"
"PARF-SGMT43-X","1","0.0","26"
"SUN-MP-X","2","0.0","26"
"EKS-SRN05-MO","2","0.0","26"
"EMU-5418V-X","3","0.0","26"
"SAMP-SL816T-X","3","0.0","26"
"SALA-99--K","1","0.0","26"
"EMO-SLCHS-X","3","0.0","26"
"SALA-WO6-X","2","0.0","26"
"ASAM-SALI-ASR","4","0.0","26"
"ASAM-SCAD-X","3","0.0","26"
"ALAN-SL--X","3","0.0","26"
"NATR-SSCS1-X","1","0.0","26"
"SAMP-ALGGD-X","1","0.0","26"
"SAMP-ALGZEN-X","2","0.0","26"
"SAMP-ASCOAS-X","1","0.0","26"
"SAMP-AS1-BL100P-X","5","0.0","26"
"SAMP-AS1-R516P-X","5","0.0","26"
"SAMP-AS1-LL100P-X","5","0.0","26"
"SAMP-ACEX-X","1","6.0","26"
"SAMP-AER202-X","2","0.0","26"
"SAMP-AR812S-X","2","0.0","26"
"SAMP-AER972-X","2","0.0","26"
"SAMP-ALGVPLF-X","2","0.0","26"
"SAMP-VITEARC-X","3","0.0","26"
"SAMP-AGLD3-X","1","6.0","26"
"SAMP-AMLXOA-X","1","6.0","26"
"SAMP-AMPR4910-X","2","0.0","26"
"SAMP-APCAPGA-X","1","0.0","26"
"SAMP-BBBIONTMB-X","2","0.0","26"
"SAMP-BBO12-X","5","0.0","26"
"SAMP-BBRSAR-X","2","0.0","26"
"SAMP-BEETEXT1-X","1","0.0","26"
"SAMP-BLS6060-X","1","3.0","26"
"SAMP-BERACLAY-X","4","0.0","26"
"SAMP-BRB423-X","2","0.0","26"
"SAMP-BMBEX-X","1","0.0","26"
"SAMP-BSLDM125-X","2","0.0","26"
"SAMP-BSLPF22-X","2","0.0","26"
"SAMP-BNTNT-X","2","0.0","26"
"SAMP-BPGASHB-X","2","0.0","26"
"SAMP-BGFAC-X","2","0.0","26"
"SAMP-BMGBEAD-X","2","0.0","26"
"SAMP-BRSB-850074-X","1","0.0","26"
"SAMP-C46A222-DCV2-X","8","0.0","26"
"SAMP-CHEM1789-X","2","0.0","26"
"SAMP-CFEXEC-X","2","0.0","26"
"SAMP-CSSFL-X","2","0.0","26"
"SAMP-CELGT-X","2","0.0","26"
"SAMP-CTLA-X","2","0.0","26"
"SAMP-CETIHE-X","1","6.0","26"
"SAMP-CHERSN1-X","1","0.0","26"
"SAMP-CRNGW-X","2","0.0","26"
"SAMP-CGIVYL1000-X","2","0.0","26"
"SAMP-CPST1-X","1","6.0","26"
"SAMP-COSMP1-X","5","0.0","26"
"SAMP-CTLBR7-X","2","0.0","26"
"SAMP-DAI55GX-X","3","0.0","26"
"SAMP-DAWNPSC-X","2","0.0","26"
"SAMP-DNACT-X","2","0.0","26"
"SAMP-EBAP73118-X","1","6.0","26"
"SAMP-EP9801DOW-X","1","6.0","26"
"SAMP-DFNSOFT-X","0","36.0","26"
"SAMP-DEASB-X","1","0.0","26"
"SAMP-DPGRZ-X","2","0.0","26"
"SAMP-DNMCD1-X","1","0.0","26"
"SAMP-ECTNOL-X","1","0.0","26"
"SAMP-EMPL-X","1","11.0","26"
"SAMP-EPSSEAP15-X","3","0.0","26"
"SAMP-EPSSEAMPA-X","3","0.0","26"
"SAMP-EHFMOD-X","1","0.0","26"
"SAMP-EHFMOD2-X","1","0.0","26"
"SAMP-EAQ48UP-X","10","0.0","26"
"SAMP-EAQ55SP-X","10","0.0","26"
"SAMP-ESSAIB-X","3","0.0","26"
"SAMP-EDESMRN80-X","1","0.0","26"
"SAMP-FRSACQ3-X","1","6.0","26"
"SAMP-GDINTN-X","1","0.0","26"
"SAMP-GATURDC-X","3","0.0","26"
"SAMP-GNPMS-X","0","0.0","0"
"SAMP-GMBW2C-X","1","6.0","26"
"SAMP-GOLDJO-X","2","0.0","26"
"SAMP-GPLMRDP-X","3","0.0","26"
"SAMP-GRPSOIL-X","2","0.0","26"
"SAMP-HYDOWNGN-X","1","0.0","26"
"SAMP-HECGD5E-X","2","0.0","26"
"SAMP-HECISDVE-X","2","0.0","26"
"SAMP-HSG200NS-X","1","0.0","26"
"SAMP-HBDAE-X","3","0.0","26"
"SAMP-HYSGLGR-X","0","18.0","26"
"SAMP-KF6048-X","1","0.0","26"
"SAMP-KP561P-X","1","0.0","26"
"SAMP-KSG16-X","1","0.0","26"
"SAMP-KHWXBA-X","3","0.0","26"
"SAMP-KCLCGLA-X","2","0.0","26"
"SAMP-KPRX-X","2","0.0","26"
"SAMP-LNOIL85-X","1","0.0","26"
"SAMP-LPBLCLCR-X","1","0.0","26"
"SAMP-LUVK90AT1-X","2","0.0","26"
"SAMP-LVKVA64P-X","2","0.0","26"
"SAMP-MARWAVE-X","1","0.0","26"
"SAMP-MKGSNTR-X","2","0.0","26"
"SAMP-MARSHECO-X","1","6.0","26"
"SAMP-MYKBLR-X","1","0.0","26"
"SAMP-MRSLBLC-X","1","6.0","26"
"SAMP-MALD8-X","1","6.0","26"
"SAMP-MRGBRZ-X","1","6.0","26"
"SAMP-MRGGLO-X","1","6.0","26"
"SAMP-NBN30ID-X","0","6.0","26"
"SAMP-SMBCLA-X","1","0.0","26"
"SAMP-O229PF-X","3","0.0","26"
"SAMP-ORNGEX-X","1","0.0","26"
"SAMP-OXYWTRL-X","2","0.0","26"
"SAMP-PVPK90-X","2","0.0","26"
"SAMP-PANGINEX-X","1","0.0","26"
"SAMP-ALCMOD7-X","0","18.0","26"
"SAMP-WHGLR2-X","1","0.0","26"
"SAMP-FRO867POD-X","2","0.0","26"
"SAMP-LVMOD7-X","0","18.0","26"
"SAMP-MJCDR-X","1","0.0","26"
"SAMP-MJDRMOD2-X","1","0.0","26"
"SAMP-OCNWV1-X","1","0.0","26"
"SAMP-SWTONY-X","1","0.0","26"
"SAMP-TWPNC-X","1","0.0","26"
"SAMP-VDVMOD7-X","0","18.0","26"
"SAMP-VVDVMH-X","0","18.0","26"
"SAMP-WSGRMOD15A-X","1","0.0","26"
"SAMP-PRSLHS-X","3","0.0","26"
"SAMP-PPTVBR-X","1","6.0","26"
"SAMP-PCMR-X","2","0.0","26"
"SAMP-PTPSFN-X","1","6.0","26"
"SAMP-PL9540UW-X","3","0.0","26"
"SAMP-POWBM-X","1","0.0","26"
"SAMP-PRORCLR-X","1","0.0","26"
"SAMP-REJJBOIL-X","2","0.0","26"
"SAMP-RSNPTMX-X","3","0.0","26"
"SAMP-RFTGTC-X","1","0.0","26"
"SAMP-RCSBZ-X","3","1.0","26"
"SAMP-SKINFXVMB-X","2","0.0","26"
"SAMP-BS721-X","1","6.0","26"
"SAMP-SWDAP3-X","1","6.0","26"
"SAMP-SALSES-X","1","6.0","26"
"SAMP-SLCHS-X","3","0.0","26"
"SAMP-SPM3-X","2","0.0","26"
"SAMP-SRS608-X","1","0.0","26"
"SAMP-SMR5050-X","4","0.0","26"
"SAMP-SP50S-X","2","0.0","26"
"SAMP-SPPPN20-X","1","0.0","26"
"SAMP-STP9DS-X","2","0.0","26"
"SAMP-SUNCMTA-X","3","0.0","26"
"SAMP-SNFLWOIL-X","2","0.0","26"
"SAMP-SNBOCT-X","3","0.0","26"
"SAMP-SUNOCR-X","2","0.0","26"
"SAMP-KLW851-X","5","0.0","26"
"SAMP-SNSLVBS-X","2","0.0","26"
"SAMP-SWESNC2-X","1","0.0","26"
"SAMP-SYMRL19-X","2","0.0","26"
"SAMP-SYNCLF-X","2","0.0","26"
"SAMP-SCSGD-X","10","0.0","26"
"SAMP-SNSCRB164BLS-X","0","0.0","0"
"SAMP-TLMPDONV-X","1","6.0","26"
"SAMP-THICLM-X","2","0.0","26"
"SAMP-TSMP115-X","10","0.0","26"
"SAMP-USWS106-X","1","0.0","26"
"SAMP-VLVSIL125-X","0","0.0","0"
"SAMP-VITB12C-X","5","0.0","26"
"SAMP-WOXKG-X","3","0.0","26"
"SAMP-WASTLVD-X","1","6.0","26"
"SAMP-WTRPLUS-X","3","0.0","26"
"SAMP-WSST1-X","1","6.0","26"
"SAMP-WG347BW-X","1","6.0","26"
"EMU-SCM3EST-X","2","0.0","26"
"SAMP-SDISE-X","2","0.0","26"
"EXTR-SWDGE-X","1","0.0","26"
"EMUL-SPCG7-X","2","0.0","26"
"SEPI-SPCA5-X","1","0.0","26"
"SEPI-305-SF-K","2","0.0","26"
"SEPI-SPMXZ-X","2","0.0","26"
"THIC-SPVE10-X","2","0.0","26"
"SEPP-S400-","2","0.0","26"
"ACTI-SPM3-X","2","0.0","26"
"SEPH-MSH-SEP","3","0.0","26"
"SILI-SSFM-X","1","0.0","26"
"SILI-SREM605-X","1","0.0","26"
"SAMP-SREM605-X","0","0.0","0"
"SILI-SFCM56-X","3","0.0","26"
"SILI-SSEM105-X","1","0.0","26"
"SILI-SRSPD72-X","2","0.0","26"
"SRNT-850076-X","1","0.0","26"
"SERI-CSF-X","2","0.0","26"
"SERI-C-SI013S200-K","4","0.0","26"
"SERI-DSFBKW-X","1","10.0","26"
"SERI-JAS-X","4","0.0","26"
"SERI-S-D-K","5","0.0","26"
"SERI-TAS-KSP-X","4","0.0","26"
"WARN-BG3745-","10","0.0","26"
"SSB-850073-X","1","6.0","26"
"SERI-8310-X","2","0.0","26"
"SILI-SF15-X","3","0.0","26"
"SILS-034-X","4","0.0","26"
"EMUL-SLSF1000-X","2","0.0","26"
"SILI-SSBAPD-X","2","0.0","26"
"EXTR-SILVBG30-X","1","0.0","26"
"SMG-S600-X","2","0.0","26"
"EMUL-NS-X","10","0.0","26"
"EMUL-SNRFA-X","1","0.0","26"
"MYRI-SOCI-X","1","0.0","26"
"EMUL-SFTPSA-X","2","0.0","26"
"STEA-SFA95-X","2","0.0","26"
"GLYC-GL997-X","3","0.0","26"
"SCRU-SPN22-X","2","0.0","26"
"SILC-SP500LS-X","2","0.0","26"
"POW-SP50S-X","2","0.0","26"
"EXTR-SKM079A-X","1","0.0","26"
"COM-SKYCSR26-X","2","0.0","26"
"RHM-BB61-X","2","0.0","26"
"SAMP-BB61-X","2","0.0","26"
"SODA-C-ASA","2","0.0","26"
"VITC-SAPBSF-X","2","0.0","26"
"SODI-BROMSUB201-X","1","0.0","26"
"NATR-SCPG-X","8","0.0","26"
"ACTI-SDMSP-X","2","0.0","26"
"SAC1-SODSACH-X","5","0.0","26"
"PARF-SC2R151972-X","2","0.0","26"
"EMU-SROL-X","1","0.0","26"
"WARN-7712-","10","0.0","26"
"EMU-SFT3-X","3","0.0","26"
"SFT-S649-X","2","0.0","26"
"SFTC-CC60-X","3","0.0","26"
"SFTC-CCS4-X","3","0.0","26"
"SOLP-100LQ-X","4","0.0","26"
"EMUL--S660352-K","1","0.0","26"
"EDT-SOLV-X","3","0.0","26"
"MC3-30-SF","2","0.0","26"
"MC3-300-SF","2","0.0","26"
"SCRU-SRBB50-X","2","0.0","26"
"SCRU-SRB51-X","3","0.0","26"
"SCRU-SRB52-X","3","0.0","26"
"SCRUB-SBBF-X","3","0.0","26"
"EXTR-SLGL-X","1","0.0","26"
"EMUL-S60-X","2","0.0","26"
"EMG-S65PSG-X","2","0.0","26"
"CRLL-4-C-K","2","0.0","26"
"EMUL-DERMSOLP-","2","9.0","26"
"WARN-SLI-X","10","0.0","26"
"SAMP-SPCTBHL-X","2","0.0","26"
"PENG-STPHL-X","3","0.0","26"
"PARF-SMUME17-X","1","0.0","26"
"EXTR-STRFE-X","1","0.0","26"
"SAMP-STPDS-X","2","0.0","26"
"SCRU-STRPD-X","2","0.0","26"
"SCRU-STPPDS-X","2","0.0","26"
"STAY--DSMR-K","2","0.0","26"
"ANTI-STGCHT-X","0","6.0","26"
"EXTR-STBGE-X","1","0.0","26"
"PARF-R1525-X","1","0.0","26"
"PARF-SS853-X","1","0.0","26"
"SUB-FL-X","3","0.0","26"
"PARF-SOJMLF-X","1","0.0","26"
"WARN-C394--K","9","10.0","26"
"WARN-C43001-MV-K","10","0.0","26"
"SUNS-SCMTA-X","3","0.0","26"
"WARN-BLCK-X","10","0.0","26"
"WARN-C338--K","10","0.0","26"
"WARN-C196619-R6-K","10","0.0","26"
"WARN-COSG--K","10","0.0","26"
"WARN-SIOA-X","10","0.0","26"
"EMO-SUNFR-X","2","0.0","26"
"SUNS-SNBOCT-X","3","0.0","26"
"SUNP-170-X","2","0.0","26"
"SUN-SSFMBC-X","2","0.0","26"
"SUNS-OCR-X","2","0.0","26"
"EMUL-SNSLVBS-X","2","0.0","26"
"SNSP-SIH51-X","2","0.0","26"
"POWD-H53-X","2","0.0","26"
"SAMP-SMOM-X","1","0.0","26"
"CHOL-SSOJP-X","2","0.0","26"
"PCA-SPRMST-X","2","0.0","26"
"NATR-C-SC-K","3","0.0","26"
"STOLEO-MCT-X","3","0.0","26"
"OIL-A850029-X","1","0.0","26"
"PARF-SWOYE-X","1","0.0","26"
"SAMP-SOCDC-X","0","0.0","0"
"PEN-SYMH-X","1","6.0","26"
"SYM-377-X","2","0.0","26"
"ACTI-SYMLA-X","1","6.0","26"
"PENG-SYM68-X","2","0.0","26"
"WARN-SCSL-X","3","0.0","26"
"WARN-SCSGD-X","10","0.0","26"
"MICA-SYR1F-X","3","0.0","26"
"PWD-SYS-X","10","0.0","26"
"ACTI-SYNCLF-X","2","0.0","26"
"SYNC-SCL-X","3","8.0","26"
"LILI-HRC22-X","2","0.0","26"
"SCRU-SYSCBLS-X","10","0.0","26"
"WAX-SBWX--X","3","0.0","26"
"FLMR-5760-X","1","0.0","26"
"FLMR-SYKLCG-X","1","0.0","26"
"ACTI-SRCM-X","1","0.0","26"
"ACTI-SYTLA-X","2","0.0","26"
"SAMP-SYTNLA-X","0","0.0","0"
"NT---K","2","0.0","26"
"SAMP-TCAB35-X","0","0.0","0"
"SURF-CCAB-X","2","0.0","26"
"ACTI-TZP48-X","1","0.0","26"
"SILI-ECDC-X","2","0.0","26"
"SILI-6561-X","2","0.0","26"
"POWD-TGDS-X","3","0.0","26"
"POWD-TGHD-X","3","0.0","26"
"EMUL-TGI20-X","2","0.0","26"
"POL-TRTRY-X","5","0.0","26"
"POL-N61-X","1","0.0","26"
"EMO-TSPLT-X","1","0.0","26"
"SAMP-TSPL30ID-X","2","0.0","26"
"TIT-TX80-X","2","0.0","26"
"TIT-T85-X","2","0.0","26"
"ACTI-TXPP-X","1","0.0","26"
"TALC-C-2KPD-X","4","0.0","26"
"POWD-TDMS-","1","6.0","26"
"POWD-TLCER2-X","2","0.0","26"
"TTO-OSMML-X","2","0.0","26"
"OIL-TTOIDS-X","2","0.0","26"
"EMUL-TMIS-X","3","0.0","26"
"POLY-M-MP27-K","1","0.0","26"
"EMUL-AL2-","2","0.0","26"
"EMUL-AL21-","2","0.0","26"
"TEGO-L7-1--K","2","0.0","26"
"EMUL-TSMO80V-X","2","0.0","26"
"EMG-450-X","2","0.0","26"
"EMU-TEGE-","2","0.0","26"
"TEGS-MM-X","2","0.0","26"
"TEXA---K","1","0.0","26"
"TXPN-OCN-X","1","0.0","26"
"LILI-THAI1618-X","2","0.0","26"
"STA-THOL18-X","2","0.0","26"
"PARF-TB2271-","1","0.0","26"
"PARF-TPSAR-X","1","0.0","26"
"THIC-TCLC-X","2","0.0","26"
"THIC-TCLM-X","2","0.0","26"
"TGA--BB99G-K","1","0.0","26"
"THIC-TX85-X","4","0.0","26"
"SAMP-TKLSTLSF-X","5","0.0","26"
"POWD-TKLTS-X","5","0.0","26"
"SILI-SP105-X","2","0.0","26"
"TIT-CR50AS-X","4","0.0","26"
"PR-TLMPDONV-X","1","6.0","26"
"WARN-TNAB--K","10","0.0","26"
"WARN-TMRHWT-X","10","0.0","26"
"WARN-TMRSR-MO","10","0.0","26"
"WARN-TMRD-X","5","0.0","26"
"WARN-TMRSTL-X","10","0.0","26"
"ACTI-TINTT-X","5","0.0","26"
"STB-TL-X","5","0.0","26"
"SUNS-TNAB-X","2","0.0","26"
"SUNS-TNSM-X","2","0.0","26"
"SAMP-TNSLTQ-X","2","0.0","26"
"SUNS-TNSLTQ-X","1","0.0","26"
"SUNS-TNBS-X","5","0.0","26"
"TIT-CR50HD-X","2","6.0","26"
"TITA--3328EW-K","2","0.0","26"
"BENT-TXID18-X","3","0.0","26"
"TOSP-2000B-X","2","0.0","26"
"SAMP-TV10-X","1","0.0","26"
"ACTI-TRXV-X","1","0.0","26"
"ACTI-TCG-X","3","0.0","26"
"THIC-TGPDI-X","4","0.0","26"
"MOIS-TR100-X","3","0.0","26"
"TRIC-VIV-X","4","0.0","26"
"TRI--DOW-K","1","0.0","26"
"SALT-TSCD-X","3","0.0","26"
"PARF-TPA1R15-X","1","0.0","26"
"PARF-STR160-X","1","0.0","26"
"TBSB-850075-X","1","6.0","26"
"CRIL-C1-CRO","2","0.0","26"
"PARF-UCM1E-X","1","0.0","26"
"PARF-UVMOD1-X","1","0.0","26"
"EMU-UGGE-X","2","0.0","26"
"SAMP-UTCSG20GER-X","2","0.0","26"
"WARN-UCGRKJ-X","6","0.0","26"
"WARN-UNCO-X","10","0.0","26"
"WARN-K7008J-X","10","0.0","26"
"WARN-UNK753-X","10","0.0","26"
"WARN-K7054J-X","10","0.0","26"
"WARN-K7057J-X","10","0.0","26"
"POL-U151-X","5","0.0","26"
"UNI-GLYC99-X","2","0.0","26"
"WARN-UB902-X","10","0.0","26"
"WARN-LC680-X","10","0.0","26"
"WARN-UNPBRWNL88-X","10","0.0","26"
"CLR-URED328-X","5","0.0","26"
"CLR-URED3075-X","5","0.0","26"
"WARN-UTB990-X","10","0.0","26"
"WARN-UPRPL589-X","10","0.0","26"
"UVAS-BZP2-X","2","0.0","26"
"UVAS-BZP3ET-UVS-K","2","0.0","26"
"SAMP-UVBZP4-X","0","0.0","0"
"SUNS-UVAPG-X","2","0.0","26"
"UVIN-MC80-BASF","3","0.0","26"
"SUNS-UVNT-X","3","0.0","26"
"VCIP---K","1","0.0","26"
"GARA-VCNI-X","1","0.0","26"
"EXTR-VNLGE-X","1","0.0","26"
"THIC-VZNFC-X","3","0.0","26"
"VARI-BT85-","2","0.0","26"
"VASE--BP-DRUM","2","0.0","26"
"MOIST-VS68M-X","1","0.0","26"
"VASE-V3150-X","1","0.0","26"
"VEEG---K","5","0.0","26"
"ACTI-VCR-X","10","0.0","26"
"PRE-VLEHG-X","2","0.0","26"
"RHM-VLVABE-X","2","0.0","26"
"VELV-DM-","1","6.0","26"
"SILI-VLVDLG-X","1","6.0","26"
"EMU-VME5-X","2","0.0","26"
"SAMP-VS10WP-X","0","0.0","0"
"EMU-VISTGDHR-SEI","1","0.0","26"
"VITA-B12CRYS-X","5","0.0","26"
"ACTI-VEAC-X","3","0.0","26"
"PARF-VVDVMS-X","1","6.0","26"
"PARF-VVDVMH-X","1","6.0","26"
"EMUL-VCTS-X","4","0.0","26"
"SILI-VLSL-X","3","0.0","26"
"PARF-WFBLSE-X","1","0.0","26"
"WARN-WDCB2-X","2","0.0","26"
"WARN-IOB50-X","2","0.0","26"
"WARN-IOR50-X","2","0.0","26"
"WARN-IOY50-X","2","0.0","26"
"WARN-GAG001-BAS","3","0.0","26"
"ACTI-WASLVD-X","1","6.0","26"
"EXTR-WMDEXP105-X","2","0.0","26"
"EMUL-WDRSL-X","2","0.0","26"
"PARF-WMF2R15-X","1","0.0","26"
"EMO-WHMLCG-X","1","0.0","26"
"WAX-B-BR","3","0.0","26"
"WAX-SP422-X","3","0.0","26"
"WAX-WOW2P-X","3","0.0","26"
"WAX-WHPRWT-X","1","0.0","26"
"PARF-WHTSLK-X","1","6.0","26"
"EXTR-WTGLY-X","6","0.0","26"
"EMU-WCKL-X","2","0.0","26"
"SAMP-WCKL171-X","6","0.0","26"
"ACTI-WDLS-X","2","0.0","26"
"ACTI-WLHA-AM","3","0.0","26"
"EMUL-WLALA99-X","1","0.0","26"
"EMUL-WFASA-X","1","0.0","26"
"EXTR-WLETG-X","3","0.0","26"
"PARF-WG347BW-X","1","6.0","26"
"PARF-WSGRM-X","1","6.0","26"
"PARF-WYM1R-X","1","0.0","26"
"HAZE-D-WC","1","6.0","26"
"EXTR-WTCHPF-X","2","0.0","26"
"XANT---K","1","0.0","26"
"SILI-949-","1","6.0","26"
"SILI-XM344CB-X","3","0.0","26"
"SILI-1401-DC","2","6.0","26"
"SILI-DC-PSFCS-X","4","0.0","26"
"SILI-DC749--X","2","0.0","26"
"SILI-345-DC-K","2","6.0","26"
"SILI-2005-DC-K","3","0.0","26"
"SILI-DC21-","3","0.0","26"
"SILI-DC23-","3","0.0","26"
"MOIS-XYL-X","2","0.0","26"
"ACTI-YZEX-X","2","0.0","26"
"ZINC-10PL-X","3","0.0","26"
"PR-ZPRDL-X","2","0.0","26"
"EMO-ZTMLAB-X","2","0.0","26"
"ZINC-M-KJZ10-K","1","0.0","26"
"ZINC-STW-X","2","0.0","26"
"ZINC-ZNOLYS-X","5","0.0","26"
"ACTI-BTWH-X","1","5.0","26"
"ACTI-ECTC-X","5","0.0","26"
