Product Template/Kode Internal;Korporat Kode;Product Template/Nama Internal;Location/Display Name;Lot/Serial Number/Lot/Serial Number;Quantity;Unit of Measure/Unit of Measure;Product/Internal Category/Display Name; Qty in KG ;PUP Apr; Total Price (PUP) Apr ;;;Stock 1 May 23;Total Price PUP Apr; 136,336,659 ;Qty in KG; 361.32936 
SLC3-AAI;SILI-BEL803-X;Silicon Resin 803;JTK 4/Stock/RM;GBMJTK6/IA11023;0;g;Raw Material;0; 736,768 ; - ;;;;;;;
FFM1-AAI;SILI-DC-PSFCS-X;Silicon DC 200/1 CS;JTK 4/Stock/RM;GBMJTK6/IA12041;0;g;Raw Material;0; 198,243 ; - ;;;;;;;
PWD3-ADI;DRYF-PC-X;Serbuk Absorbent PC;JTK 4/Stock/RM;GBMJTK6/GC25105;-4.54747E-13;g;Raw Material;-4.54747E-16; 191,995 ;-0 ;;;;;;;
PRV1-ABB;PEN-SENSC50-X;Pengawet SC 50;JTK 4/Stock/RM;GBMJTK6/IA13132;-7.10543E-15;g;Raw Material;-7.10543E-18; 894,674 ;-0 ;;;;;;;
PRF1-AKD;PARF-DLPZLE-X;Parfum Admire;JTK 4/Stock/RM;GBMJTK6/HL17152;7.5;g;Raw Material;0.0075; 404,398 ; 3,033 ;;;;;;;
OBW1-AAC;OIL-OJJBIII-X;Minyak Jojoba III;JTK 4/Stock/RM;GBMJTK6/HK02037;-2.22045E-16;g;Raw Material;-2.22045E-19; 520,361 ;-0 ;;;;;;;
ASB1-AAB;VITA-DL E-MS;Vitamin E1;JTK 4/Stock/RM;GBMJTK6/HI10036;-2.22045E-16;g;Raw Material;-2.22045E-19; 444,452 ;-0 ;;;;;;;
FFM1-AAI;SILI-DC-PSFCS-X;Silicon DC 200/1 CS;JTK 4/Stock/RM;GBMJTK6/HB11209;2400;g;Raw Material;2.4; 198,243 ; 475,784 ;;;;;;;
PWD3-ADI;DRYF-PC-X;Serbuk Absorbent PC;JTK 4/Stock/RM;GBMJTK6/GK04096;36314;g;Raw Material;36.314; 191,995 ; 6,972,119 ;;;;;;;
RHM2-AAB;BENT-BGISDV-X;Gel DMH;JTK 4/Stock/RM;GBMJTK6/GL31012;2400;g;Raw Material;2.4; 486,842 ; 1,168,420 ;;;;;;;
SLC3-AAI;SILI-BEL803-X;Silicon Resin 803;JTK 4/Stock/RM;GBMJTK6/GL03103;1050;g;Raw Material;1.05; 736,768 ; 773,606 ;;;;;;;
SLV1-AAE;PURO-IDD-X;Pelarut ID;JTK 4/Stock/RM;GBMJTK6/HB14009;3104.5;g;Raw Material;3.1045; 113,899 ; 353,598 ;;;;;;;
EMO1-ABG;EMU-PS-;Octyl Palmitate 2;JTK 4/Stock/RM;GBMJTK6/HA27048;169.5;g;Raw Material;0.1695; 88,724 ; 15,039 ;;;;;;;
RHM3-AFA;SILC-MKOL-X;Serbuk Pengental MK;JTK 4/Stock/RM;GBMJTK6/HB11055;600;g;Raw Material;0.6; 519,266 ; 311,560 ;;;;;;;
SLC2-AAD;SILI-BELEG5-X;Silicon EG5;JTK 4/Stock/RM;GBMJTK6/GL03108;150;g;Raw Material;0.15; 426,732 ; 64,010 ;;;;;;;
PRV1-AAF;PEN-PRSVPE-X;Pengawet PE;JTK 4/Stock/RM;GBMJTK6/GL06084;120;g;Raw Material;0.12; 167,731 ; 20,128 ;;;;;;;
PRV1-ABB;PEN-SENSC50-X;Pengawet SC 50;JTK 4/Stock/RM;GBMJTK6/HA27068;60;g;Raw Material;0.06; 894,674 ; 53,680 ;;;;;;;
EMO1-AAJ;SILS-034-X;Emollient 034;JTK 4/Stock/RM;GBMJTK6/HB25051;37.5;g;Raw Material;0.0375; 616,831 ; 23,131 ;;;;;;;
OBW1-AAC;OIL-OJJBIII-X;Minyak Jojoba III;JTK 4/Stock/RM;GBMJTK6/GL23017;1.5;g;Raw Material;0.0015; 520,361 ; 781 ;;;;;;;
ASB1-AAB;VITA-DL E-MS;Vitamin E1;JTK 4/Stock/RM;GBMJTK6/GL11045;1.5;g;Raw Material;0.0015; 444,452 ; 667 ;;;;;;;
RHM3-AFA;SILC-MKOL-X;Serbuk Pengental MK;JTK 4/Stock/RM;GBMJTK6/IA12073;0;g;Raw Material;0; 519,266 ; - ;;;;;;;
EMS1-ADB;EMUL-EMILST-X;Emullustro;JTK 4/Stock/RM;GBMJTK6/HL22246;150;g;Raw Material;0.15; 968,810 ; 145,322 ;;;;;;;
OBW1-AAC;OIL-OJJBIII-X;Minyak Jojoba III;JTK 4/Stock/RM;GBMJTK6/HL22110;-2.22045E-16;g;Raw Material;-2.22045E-19; 520,361 ;-0 ;;;;;;;
ASB1-AAB;VITA-DL E-MS;Vitamin E1;JTK 4/Stock/RM;GBMJTK6/HL21071;0.5;g;Raw Material;0.0005; 444,452 ; 222 ;;;;;;;
SLV1-AAE;PURO-IDD-X;Pelarut ID;JTK 4/Stock/RM;GBMJTK6/IA19041;0.25;g;Raw Material;0.00025; 113,899 ; 28 ;;;;;;;
SLV1-AAE;PURO-IDD-X;Pelarut ID;JTK 4/Stock/RM;GBMJTK6/ID19002;7596.8;g;Raw Material;7.5968; 113,899 ; 865,264 ;;;;;;;
PWD3-ADI;DRYF-PC-X;Serbuk Absorbent PC;JTK 4/Stock/RM;GBMJTK6/GK11059;14284.5;g;Raw Material;14.2845; 191,995 ; 2,742,558 ;;;;;;;
RHM3-AFA;SILC-MKOL-X;Serbuk Pengental MK;JTK 4/Stock/RM;GBMJTK6/IC09104;1262.06;g;Raw Material;1.26206; 519,266 ; 655,345 ;;;;;;;
SLC3-AAI;SILI-BEL803-X;Silicon Resin 803;JTK 4/Stock/RM;GBMJTK6/ID06014;2100;g;Raw Material;2.1; 736,768 ; 1,547,212 ;;;;;;;
FFM1-AAI;SILI-DC-PSFCS-X;Silicon DC 200/1 CS;JTK 4/Stock/RM;GBMJTK6/ID07009;2400;g;Raw Material;2.4; 198,243 ; 475,784 ;;;;;;;
RHM2-AAB;BENT-BGISDV-X;Gel DMH;JTK 4/Stock/RM;GBMJTK6/ID06007;4800;g;Raw Material;4.8; 486,842 ; 2,336,840 ;;;;;;;
SLC2-AAD;SILI-BELEG5-X;Silicon EG5;JTK 4/Stock/RM;GBMJTK6/HI25025;150;g;Raw Material;0.15; 426,732 ; 64,010 ;;;;;;;
PRV1-AAF;PEN-PRSVPE-X;Pengawet PE;JTK 4/Stock/RM;GBMJTK6/ID05098;745.00005;g;Raw Material;0.74500005; 167,731 ; 124,960 ;;;;;;;
PRV1-ABB;PEN-SENSC50-X;Pengawet SC 50;JTK 4/Stock/RM;GBMJTK6/ID07064;60;g;Raw Material;0.06; 894,674 ; 53,680 ;;;;;;;
EMO1-AAJ;SILS-034-X;Emollient 034;JTK 4/Stock/RM;GBMJTK6/IB09100;37.5;g;Raw Material;0.0375; 616,831 ; 23,131 ;;;;;;;
PRF1-AKD;PARF-DLPZLE-X;Parfum Admire;JTK 4/Stock/RM;GBMJTK6/IB16145;15;g;Raw Material;0.015; 404,398 ; 6,066 ;;;;;;;
ASB1-AAB;VITA-DL E-MS;Vitamin E1;JTK 4/Stock/RM;GBMJTK6/ID07061;1.5;g;Raw Material;0.0015; 444,452 ; 667 ;;;;;;;
ASB1-AAB;VITA-DL E-MS;Vitamin E1;JTK 4/Stock/RM;GBMJTK6/ID22096;-1;g;Raw Material;-0.001; 444,452 ;-444 ;;;;;;;
EMO1-ABG;EMU-PS-;Octyl Palmitate 2;JTK 4/Stock/RM;GBMJTK6/ID09092;178.25;g;Raw Material;0.17825; 88,724 ; 15,815 ;;;;;;;
PWD3-ADI;DRYF-PC-X;Serbuk Absorbent PC;JTK 4/Quarantine/RM;GBMJTK6/IE24052;-27;g;Raw Material;-0.027; 191,995 ;-5,184 ;;;;;;;
RHM2-AAB;BENT-BGISDV-X;Gel DMH;JTK 4/Quarantine/RM;GBMJTK6/IE19004;-144;g;Raw Material;-0.144; 486,842 ;-70,105 ;;;;;;;
SLV1-AAE;PURO-IDD-X;Pelarut ID;JTK 4/Stock/RM;GBMJTK6/IE07155;0.3;g;Raw Material;0.0003; 113,899 ; 34 ;;;;;;;
RHM2-AAB;BENT-BGISDV-X;Gel DMH;JTK 4/Stock/RM;GBMJTK6/IE05003;0.15;g;Raw Material;0.00015; 486,842 ; 73 ;;;;;;;
SLC3-AAI;SILI-BEL803-X;Silicon Resin 803;JTK 4/Stock/RM;GBMJTK6/ID06013;18.9;g;Raw Material;0.0189; 736,768 ; 13,925 ;;;;;;;
FFM1-AAI;SILI-DC-PSFCS-X;Silicon DC 200/1 CS;JTK 4/Stock/RM;GBMJTK6/ID27002;137;g;Raw Material;0.137; 198,243 ; 27,159 ;;;;;;;
ASB1-AAB;VITA-DL E-MS;Vitamin E1;JTK 4/Stock/RM;GBMJTK6/ID22092;1143;g;Raw Material;1.143; 444,452 ; 508,009 ;;;;;;;
PRV1-AAF;PEN-PRSVPE-X;Pengawet PE;JTK 4/Stock/RM;GBMJTK6/ID26098;444.28;g;Raw Material;0.44428; 167,731 ; 74,520 ;;;;;;;
PRV1-ABB;PEN-SENSC50-X;Pengawet SC 50;JTK 4/Stock/RM;GBMJTK6/IC24025;60;g;Raw Material;0.06; 894,674 ; 53,680 ;;;;;;;
PWD3-ADI;DRYF-PC-X;Serbuk Absorbent PC;JTK 4/Stock/RM;GBMJTK6/IE24052;27;g;Raw Material;0.027; 191,995 ; 5,184 ;;;;;;;
SLC3-AAI;SILI-BEL803-X;Silicon Resin 803;JTK 4/Stock/RM;GBMJTK6/IE11026;0;g;Raw Material;0; 736,768 ; - ;;;;;;;
RHM2-AAB;BENT-BGISDV-X;Gel DMH;JTK 4/Stock/RM;GBMJTK6/IE19004;144;g;Raw Material;0.144; 486,842 ; 70,105 ;;;;;;;
SLV1-AAE;PURO-IDD-X;Pelarut ID;JTK 4/Stock/RM;GBMJTK6/ID06066;5193.5;g;Raw Material;5.1935; 113,899 ; 591,532 ;;;;;;;
PWD3-ADI;DRYF-PC-X;Serbuk Absorbent PC;JTK 4/Stock/RM;GBMJTK6/ID19162;0.15;g;Raw Material;0.00015; 191,995 ; 29 ;;;;;;;
EMS1-ADB;EMUL-EMILST-X;Emullustro;JTK 4/Stock/RM;GBMJTK6/ID06196;316.4;g;Raw Material;0.3164; 968,810 ; 306,532 ;;;;;;;
RHM2-AAB;BENT-BGISDV-X;Gel DMH;JTK 4/Stock/RM;GBMJTK6/ID19013;7811.8;g;Raw Material;7.8118; 486,842 ; 3,803,110 ;;;;;;;
EMO1-AAJ;SILS-034-X;Emollient 034;JTK 4/Stock/RM;GBMJTK6/IB09102;41.45;g;Raw Material;0.04145; 616,831 ; 25,568 ;;;;;;;
SLV1-AAE;PURO-IDD-X;Pelarut ID;JTK 4/Stock/RM;GBMJTK6/IE06103;3100.5;g;Raw Material;3.1005; 113,899 ; 353,142 ;;;;;;;
RHM2-AAB;BENT-BGISDV-X;Gel DMH;JTK 4/Stock/RM;GBMJTK6/ID1913;-2737.35;g;Raw Material;-2.73735; 486,842 ;-1,332,656 ;;;;;;;
EMO1-ABG;EMU-PS-;Octyl Palmitate 2;JTK 4/Stock/RM;GBMJTK6/IE27104;3;g;Raw Material;0.003; 88,724 ; 266 ;;;;;;;
PRF1-AKD;PARF-DLPZLE-X;Parfum Admire;JTK 4/Stock/RM;GBMJTK6/IB25095;3.5;g;Raw Material;0.0035; 404,398 ; 1,415 ;;;;;;;
OBW1-AAC;OIL-OJJBIII-X;Minyak Jojoba III;JTK 4/Stock/RM;GBMJTK6/HL22111;0.5;g;Raw Material;0.0005; 520,361 ; 260 ;;;;;;;
SLC3-AAI;SILI-BEL803-X;Silicon Resin 803;JTK 4/Stock/RM;GBMJTK6/IB08002;11;g;Raw Material;0.011; 736,768 ; 8,104 ;;;;;;;
FFM1-AAI;SILI-DC-PSFCS-X;Silicon DC 200/1 CS;JTK 4/Stock/RM;GBMJTK6/IC09057;12;g;Raw Material;0.012; 198,243 ; 2,379 ;;;;;;;
PRV1-ABB;PEN-SENSC50-X;Pengawet SC 50;JTK 4/Stock/RM;GBMJTK6/IC03039;1;g;Raw Material;0.001; 894,674 ; 895 ;;;;;;;
RHM2-AAB;BENT-BGISDV-X;Gel DMH;JTK 4/Stock/RM;GBMJTK6/IC08005;24;g;Raw Material;0.024; 486,842 ; 11,684 ;;;;;;;
SLC2-AAD;SILI-BELEG5-X;Silicon EG5;JTK 4/Stock/RM;GBMJTK6/HK09113;2;g;Raw Material;0.002; 426,732 ; 853 ;;;;;;;
SLV1-AAE;PURO-IDD-X;Pelarut ID;JTK 4/Stock/RM;GBMJTK6/IB26031;39.5;g;Raw Material;0.0395; 113,899 ; 4,499 ;;;;;;;
SLV1-AAE;PURO-IDD-X;Pelarut ID;JTK 4/Quarantine/RM;GBMJTK6/IE28230;-80.4;g;Raw Material;-0.0804; 113,899 ;-9,157 ;;;;;;;
PWD3-ADI;DRYF-PC-X;Serbuk Absorbent PC;JTK 4/Quarantine/RM;GBMJTK6/IF04071;-54;g;Raw Material;-0.054; 191,995 ;-10,368 ;;;;;;;
RHM2-AAB;BENT-BGISDV-X;Gel DMH;JTK 4/Quarantine/RM;GBMJTK6/IF02006;-48;g;Raw Material;-0.048; 486,842 ;-23,368 ;;;;;;;
EMO1-ABG;EMU-PS-;Octyl Palmitate 2;JTK 4/Quarantine/RM;GBMJTK6/IE27104;-3;g;Raw Material;-0.003; 88,724 ;-266 ;;;;;;;
SLC3-AAI;SILI-BEL803-X;Silicon Resin 803;JTK 4/Quarantine/RM;GBMJTK6/IE19017;-22;g;Raw Material;-0.022; 736,768 ;-16,209 ;;;;;;;
FFM1-AAI;SILI-DC-PSFCS-X;Silicon DC 200/1 CS;JTK 4/Quarantine/RM;GBMJTK6/IE28019;-24;g;Raw Material;-0.024; 198,243 ;-4,758 ;;;;;;;
RHM3-AFA;SILC-MKOL-X;Serbuk Pengental MK;JTK 4/Quarantine/RM;GBMJTK6/IE18088;-12;g;Raw Material;-0.012; 519,266 ;-6,231 ;;;;;;;
PRV1-AAF;PEN-PRSVPE-X;Pengawet PE;JTK 4/Quarantine/RM;GBMJTK6/IE03104;-2;g;Raw Material;-0.002; 167,731 ;-335 ;;;;;;;
SLC3-AAI;SILI-BEL803-X;Silicon Resin 803;JTK 4/Quarantine/RM;GBMJTK6/IF15011;-224.8;g;Raw Material;-0.2248; 736,768 ;-165,625 ;;;;;;;
SLV1-AAE;PURO-IDD-X;Pelarut ID;JTK 4/Stock/RM;GBMJTK6/IE28230;83.5;g;Raw Material;0.0835; 113,899 ; 9,511 ;;;;;;;
PWD3-ADI;DRYF-PC-X;Serbuk Absorbent PC;JTK 4/Stock/RM;GBMJTK6/IF04071;54;g;Raw Material;0.054; 191,995 ; 10,368 ;;;;;;;
RHM2-AAB;BENT-BGISDV-X;Gel DMH;JTK 4/Stock/RM;GBMJTK6/IF02006;48;g;Raw Material;0.048; 486,842 ; 23,368 ;;;;;;;
SLC3-AAI;SILI-BEL803-X;Silicon Resin 803;JTK 4/Stock/RM;GBMJTK6/IE19017;22;g;Raw Material;0.022; 736,768 ; 16,209 ;;;;;;;
FFM1-AAI;SILI-DC-PSFCS-X;Silicon DC 200/1 CS;JTK 4/Stock/RM;GBMJTK6/IE28019;24;g;Raw Material;0.024; 198,243 ; 4,758 ;;;;;;;
RHM3-AFA;SILC-MKOL-X;Serbuk Pengental MK;JTK 4/Stock/RM;GBMJTK6/IE18088;12;g;Raw Material;0.012; 519,266 ; 6,231 ;;;;;;;
EMS1-ADB;EMUL-EMILST-X;Emullustro;JTK 4/Stock/RM;GBMJTK6/IE04044;0;g;Raw Material;0; 968,810 ; - ;;;;;;;
SLC2-AAD;SILI-BELEG5-X;Silicon EG5;JTK 4/Stock/RM;GBMJTK6/HL10151;44;g;Raw Material;0.044; 426,732 ; 18,776 ;;;;;;;
PRV1-AAF;PEN-PRSVPE-X;Pengawet PE;JTK 4/Stock/RM;GBMJTK6/IE03104;2;g;Raw Material;0.002; 167,731 ; 335 ;;;;;;;
RHM3-AFA;SILC-MKOL-X;Serbuk Pengental MK;JTK 4/Stock/RM;GBMJTK6/IF15188;600;g;Raw Material;0.6; 519,266 ; 311,560 ;;;;;;;
EMO1-ABG;EMU-PS-;Octyl Palmitate 2;JTK 4/Stock/RM;GBMJTK6/IF18122;400.5;g;Raw Material;0.4005; 88,724 ; 35,534 ;;;;;;;
SLV1-AAE;PURO-IDD-X;Pelarut ID;JTK 4/Stock/RM;GBMJTK6/IF11105;1479.4;g;Raw Material;1.4794; 113,899 ; 168,501 ;;;;;;;
SLV1-AAE;PURO-IDD-X;Pelarut ID;JTK 4/Stock/RM;GBMJTK6/IF17166;0;g;Raw Material;0; 113,899 ; - ;;;;;;;
SLC3-AAI;SILI-BEL803-X;Silicon Resin 803;JTK 4/Stock/RM;GBMJTK6/IF15011;224.8;g;Raw Material;0.2248; 736,768 ; 165,625 ;;;;;;;
EMO1-ABG;EMU-PS-;Octyl Palmitate 2;JTK 4/Stock/RM;GBMJTK6/IF28065;562.95;g;Raw Material;0.56295; 88,724 ; 49,947 ;;;;;;;
SLC2-AAD;SILI-BELEG5-X;Silicon EG5;JTK 4/Stock/RM;GBMJTK6/HL22278;149.3;g;Raw Material;0.1493; 426,732 ; 63,711 ;;;;;;;
PWD3-ADI;DRYF-PC-X;Serbuk Absorbent PC;JTK 4/Stock/RM;GBMJTK6/IF14086;879;g;Raw Material;0.879; 191,995 ; 168,764 ;;;;;;;
PRV1-AAF;PEN-PRSVPE-X;Pengawet PE;JTK 4/Stock/RM;GBMJTK6/IG16077;-1.42109E-14;g;Raw Material;-1.42109E-17; 167,731 ;-0 ;;;;;;;
RHM2-AAB;BENT-BGISDV-X;Gel DMH;JTK 4/Stock/RM;GBMJTK6/IF29014;0;g;Raw Material;0; 486,842 ; - ;;;;;;;
SLC3-AAI;SILI-BEL803-X;Silicon Resin 803;JTK 4/Quarantine/RM;GBMJTK6/IF21007;-112.88;g;Raw Material;-0.11288; 736,768 ;-83,166 ;;;;;;;
SLC3-AAI;SILI-BEL803-X;Silicon Resin 803;JTK 4/Stock/RM;GBMJTK6/IF21007;112.88;g;Raw Material;0.11288; 736,768 ; 83,166 ;;;;;;;
SLC3-AAI;SILI-BEL803-X;Silicon Resin 803;JTK 4/Stock/RM;GBMJTK6/IF15012;0;g;Raw Material;0; 736,768 ; - ;;;;;;;
PRF1-AKD;PARF-DLPZLE-X;Parfum Admire;JTK 4/Quarantine/RM;GBMJTK6/IH05081;0.09999;g;Raw Material;0.00009999; 404,398 ; 40 ;;;;;;;
PRF1-AKD;PARF-DLPZLE-X;Parfum Admire;JTK 4/Stock/RM;GBMJTK6/IH05081;0.09999;g;Raw Material;9.999E-05; 404,398 ; 40 ;;;;;;;
RHM2-AAB;BENT-BGISDV-X;Gel DMH;JTK 4/Stock/RM;GBMJTK6/II17002;0.05;g;Raw Material;5E-05; 486,842 ; 24 ;;;;;;;
PRV1-AAF;PEN-PRSVPE-X;Pengawet PE;JTK 4/Stock/RM;GBMJTK6/II27138;0.02;g;Raw Material;2E-05; 167,731 ; 3 ;;;;;;;
SLC3-AAI;SILI-BEL803-X;Silicon Resin 803;JTK 4/Stock/RM;GBMJTK6/II07018;0.01;g;Raw Material;1E-05; 736,768 ; 7 ;;;;;;;
FFM1-AAI;SILI-DC-PSFCS-X;Silicon DC 200/1 CS;JTK 4/Stock/RM;GBMJTK6/II07164;0.15001;g;Raw Material;0.00015001; 198,243 ; 30 ;;;;;;;
RHM2-AAB;BENT-BGISDV-X;Gel DMH;JTK 4/Stock/RM;GBMJTK6/II21027;0.10001;g;Raw Material;0.00010001; 486,842 ; 49 ;;;;;;;
SLV1-AAE;PURO-IDD-X;Pelarut ID;JTK 4/Stock/RM;GBMJTK6/II10007;2E-05;g;Raw Material;2E-08; 113,899 ; 0 ;;;;;;;
EMO1-AAJ;SILS-034-X;Emollient 034;JTK 4/Stock/RM;GBMJTK6/II28175;0.2;g;Raw Material;0.0002; 616,831 ; 123 ;;;;;;;
SLV1-AAE;PURO-IDD-X;Pelarut ID;JTK 4/Stock/RM;GBMJTK6/II03007;0.05;g;Raw Material;5E-05; 113,899 ; 6 ;;;;;;;
PWD3-ADI;DRYF-PC-X;Serbuk Absorbent PC;JTK 4/Stock/RM;GBMJTK6/II15157;0.05001;g;Raw Material;5.001E-05; 191,995 ; 10 ;;;;;;;
SLC3-AAI;SILI-BEL803-X;Silicon Resin 803;JTK 4/Stock/RM;GBMJTK6/IH31024;1197.2024;g;Raw Material;1.1972024; 736,768 ; 882,060 ;;;;;;;
SLV1-AAE;PURO-IDD-X;Pelarut ID;JTK 4/Stock/RM;GBMJTK6/II10008;1E-05;g;Raw Material;1E-08; 113,899 ; 0 ;;;;;;;
SLC2-AAD;SILI-BELEG5-X;Silicon EG5;JTK 4/Stock/RM;GBMJTK6/II14009;0.15;g;Raw Material;0.00015; 426,732 ; 64 ;;;;;;;
EMS1-ADB;EMUL-EMILST-X;Emullustro;JTK 4/Stock/RM;GBMJTK6/II21077;0.15;g;Raw Material;0.00015; 968,810 ; 145 ;;;;;;;
FFM1-AAI;SILI-DC-PSFCS-X;Silicon DC 200/1 CS;JTK 4/Stock/RM;GBMJTK6/II14003;0.75;g;Raw Material;0.00075; 198,243 ; 149 ;;;;;;;
RHM2-AAB;BENT-BGISDV-X;Gel DMH;JTK 4/Stock/RM;GBMJTK6/II10003;0.35;g;Raw Material;0.00035; 486,842 ; 170 ;;;;;;;
PWD3-ADI;DRYF-PC-X;Serbuk Absorbent PC;JTK 4/Stock/RM;GBMJTK6/IH30131;3;g;Raw Material;0.003; 191,995 ; 576 ;;;;;;;
RHM3-BHAFD;SILC-AERSLR-X;Free Flowing Agent;JTK 4/Stock/RM;GBMJTK6/II17054;1.3686;kg;Raw Material;1.3686; 312,487 ; 427,669 ;;;;;;;
SLV1-AAE;PURO-IDD-X;Pelarut ID;JTK 4/Stock/RM;GBMJTK6/IJ05006;3000.00001;g;Raw Material;3.00000001; 113,899 ; 341,696 ;;;;;;;
OBW1-AAE;OIL-ORJVA-X;Minyak Zaitun B;JTK 4/Stock/RM;GBMJTK6/IF24048;0.4;g;Raw Material;0.0004; 51,169 ; 20 ;;;;;;;
EMO1-ABG;EMU-PS-;Octyl Palmitate 2;JTK 4/Stock/RM;GBMJTK6/II20086;508.5;g;Raw Material;0.5085; 88,724 ; 45,116 ;;;;;;;
EMS1-ADB;EMUL-EMILST-X;Emullustro;JTK 4/Stock/RM;GBMJTK6/IK02092;149.55;g;Raw Material;0.14955; 968,810 ; 144,886 ;;;;;;;
PRV1-AAF;PEN-PRSVPE-X;Pengawet PE;JTK 4/Stock/RM;GBMJTK6/IJ18150;359.64;g;Raw Material;0.35964; 167,731 ; 60,323 ;;;;;;;
EMO1-ABG;EMU-PS-;Octyl Palmitate 2;JTK 4/Quarantine/RM;GBMJTK6/JA14110;508.5;g;Raw Material;0.5085; 88,724 ; 45,116 ;;;;;;;
EMO1-AAJ;SILS-034-X;Emollient 034;JTK 4/Quarantine/RM;GBMJTK6/IK30123;112.5;g;Raw Material;0.1125; 616,831 ; 69,394 ;;;;;;;
EMS1-ADB;EMUL-EMILST-X;Emullustro;JTK 4/Quarantine/RM;GBMJTK6/IK02092;450;g;Raw Material;0.45; 968,810 ; 435,965 ;;;;;;;
DSP1-BHAFE;EMO-SLCHS-X;Coating Polymer;JTK 4/Quarantine/RM;GBMJTK6/IL22037;0.45;kg;Raw Material;0.45; 1,285,906 ; 578,658 ;;;;;;;
PRV1-BBABG;PENG-NPGEHP-X;Pengawet PHE;JTK 4/Quarantine/RM;GBMJTK6/JA05023;0.36;kg;Raw Material;0.36; 146,226 ; 52,641 ;;;;;;;
CLR3-YLW-AAB;WARN-C338--K;C33-8073;JTK 4/Quarantine/RM;GBMJTK6/II30022;990;g;Raw Material;0.99; 301,440 ; 298,426 ;;;;;;;
CLR3-RED-AAC;WARN-C335138--K;C33-5138;JTK 4/Quarantine/RM;GBMJTK6/II30023;1845;g;Raw Material;1.845; 340,491 ; 628,206 ;;;;;;;
CLR3-RED-AAE;WARN-C196619-R6-K;C19-6619;JTK 4/Quarantine/RM;GBMJTK6/IG30079;104;g;Raw Material;0.104; 1,471,339 ; 153,019 ;;;;;;;
CLR3-BLK-ABB;WARN-ABIO-X;Black A-IO;JTK 4/Quarantine/RM;GBMJTK6/JA06043;1.08;g;Raw Material;0.00108; 288,858 ; 312 ;;;;;;;
EMO1-ADD;HAIM-DIS-X;Emollient DIS;JTK 4/Quarantine/RM;GBMJTK6/IL23195;2250;g;Raw Material;2.25; 447,584 ; 1,007,065 ;;;;;;;
SLV1-AAE;PURO-IDD-X;Pelarut ID;JTK 4/Quarantine/RM;GBMJTK6/IK25111;10160.5;g;Raw Material;10.1605; 113,899 ; 1,157,266 ;;;;;;;
PWD3-ABA;TITA-OTS2CR50-;Titan OTS;JTK 4/Quarantine/RM;GBMJTK6/IK11151;990;g;Raw Material;0.99; 281,339 ; 278,525 ;;;;;;;
SLV1-AAE;PURO-IDD-X;Pelarut ID;JTK 4/Quarantine/RM;GBMJTK6/IL23054;10050.5;g;Raw Material;10.0505; 113,899 ; 1,144,737 ;;;;;;;
SLC2-AAD;SILI-BELEG5-X;Silicon EG5;JTK 4/Stock/RM;GBMJTK6/JA11013;449.55;g;Raw Material;0.44955; 426,732 ; 191,837 ;;;;;;;
SLV1-AAE;PURO-IDD-X;Pelarut ID;JTK 4/Stock/RM;GBMJTK6/IL24013;0.05;g;Raw Material;5E-05; 113,899 ; 6 ;;;;;;;
CLR3-RED-ABB;WARN-C19011-R7CL-K;C19-011;JTK 4/Stock/RM;GBMJTK6/II30024;607.6917;g;Raw Material;0.6076917; 939,814 ; 571,117 ;;;;;;;
PWD3-ADI;DRYF-PC-X;Serbuk Absorbent PC;JTK 4/Quarantine/RM;GBMJTK6/JB09046;18;g;Raw Material;0.018; 191,995 ; 3,456 ;;;;;;;
SLC2-AAD;SILI-BELEG5-X;Silicon EG5;JTK 4/Stock/RM;GBMJTK6/JB03109;150;g;Raw Material;0.15; 426,732 ; 64,010 ;;;;;;;
OBW1-AAE;OIL-ORJVA-X;Minyak Zaitun B;JTK 4/Stock/RM;GBMJTK6/JB02167;0.8;g;Raw Material;0.0008; 51,169 ; 41 ;;;;;;;
OBW1-AAE;OIL-ORJVA-X;Minyak Zaitun B;JTK 4/Stock/RM;GBMJTK6/JD26133;26.85;g;Raw Material;0.02685; 51,169 ; 1,374 ;;;;;;;
PRF1-AKD;PARF-DLPZLE-X;Parfum Admire;JTK 4/Stock/RM;GBMJTK6/JB03122;22.5;g;Raw Material;0.0225; 404,398 ; 9,099 ;;;;;;;
SLV1-AAE;PURO-IDD-X;Pelarut ID;JTK 4/Quarantine/RM;GBMJTK6/JD19017;18;g;Raw Material;0.018; 113,899 ; 2,050 ;;;;;;;
SLV1-AAE;PURO-IDD-X;Pelarut ID;JTK 4/Stock/RM;GBMJTK6/JD19017;-9.10383E-13;g;Raw Material;-9.10383E-16; 113,899 ;-0 ;;;;;;;
SLC3-AAI;SILI-BEL803-X;Silicon Resin 803;JTK 4/Stock/RM;GBMJTK6/JC29009;-4.54747E-13;g;Raw Material;-4.54747E-16; 736,768 ;-0 ;;;;;;;
RHM3-BHAFD;SILC-AERSLR-X;Free Flowing Agent;JTK 4/Stock/RM;GBMJTK6/JF03019;0.9;kg;Raw Material;0.9; 312,487 ; 281,238 ;;;;;;;
PRV1-ABB;PEN-SENSC50-X;Pengawet SC 50;JTK 4/Stock/RM;GBMJTK6/JD06049;180;g;Raw Material;0.18; 894,674 ; 161,041 ;;;;;;;
OBW1-AAE;OIL-ORJVA-X;Minyak Zaitun B;JTK 4/Quarantine/RM;GBMJTK6/JD26133;1.6425;g;Raw Material;0.0016425; 51,169 ; 84 ;;;;;;;
FFM1-AAI;SILI-DC-PSFCS-X;Silicon DC 200/1 CS;JTK 4/Stock/RM;GBMJTK6/JE27020;-4.54747E-13;g;Raw Material;-4.54747E-16; 198,243 ;-0 ;;;;;;;
PRF1-BDADA;PARF-RSCFE-X;Parfum Espresso;JTK 4/Stock/RM;GBMJTK6/JD07075;0.03;kg;Raw Material;0.03; 322,525 ; 9,676 ;;;;;;;
OBW1-AAE;OIL-ORJVA-X;Minyak Zaitun B;JTK 4/Stock/RM;GBMJTK6/JE18074;65.575;g;Raw Material;0.065575; 51,169 ; 3,355 ;;;;;;;
EMS1-ADB;EMUL-EMILST-X;Emullustro;JTK 4/Stock/RM;GBMJTK6/JC01067;1468;g;Raw Material;1.468; 968,810 ; 1,422,213 ;;;;;;;
OBW1-AAE;OIL-ORJVA-X;Minyak Zaitun B;JTK 4/Quarantine/RM;GBMJTK6/JE18074;0.0425;g;Raw Material;4.25E-05; 51,169 ; 2 ;;;;;;;
MST1-ACA;PROP-PGESK-X;PG USP S;JTK 4/Stock/RM;GBMJTK6/JH22049;119;g;Raw Material;0.119; 59,649 ; 7,098 ;;;;;;;
EMS1-ACB;EMUL-NS-X;Emulsifier NS;JTK 4/Stock/RM;GBMJTK6/JG15038;286;g;Raw Material;0.286; 681,048 ; 194,780 ;;;;;;;
MST3-AAG;MOIS-TR100-X;Moisturizer 100;JTK 4/Stock/RM;GBMJTK6/JG19036;15.1;g;Raw Material;0.0151; 141,435 ; 2,136 ;;;;;;;
PRV1-AAF;PEN-PRSVPE-X;Pengawet PE;JTK 4/Stock/RM;GBMJTK6/JH08106;79.4;g;Raw Material;0.0794; 167,731 ; 13,318 ;;;;;;;
PRV1-AAF;PEN-PRSVPE-X;Pengawet PE;JTK 4/Stock/RM;GBMJTK6/JH18090;10.9;g;Raw Material;0.0109; 167,731 ; 1,828 ;;;;;;;
PRV3-AAI;PENG-CLRP-X;Chlorphenesin;JTK 4/Stock/RM;GBMJTK6/JG06050;12.2;g;Raw Material;0.0122; 653,540 ; 7,973 ;;;;;;;
SAI3-AAB;ALAN--AK-K;Anti Iritan;JTK 4/Stock/RM;GBMJTK6/JG21117;1;g;Raw Material;0.001; 138,257 ; 138 ;;;;;;;
SAI3-AAB;ALAN--AK-K;Anti Iritan;JTK 4/Stock/RM;GBMJTK6/JG07043;8.2;g;Raw Material;0.0082; 138,257 ; 1,134 ;;;;;;;
PRF1-ABH;PARF-SSL-R0701530;Parfum Strawberry Shake;JTK 4/Stock/RM;GBMJTK6/JA04187;195.1;g;Raw Material;0.1951; 482,299 ; 94,097 ;;;;;;;
CHE3-AAB;EDT-B--K;EDTA;JTK 4/Stock/RM;GBMJTK6/JE25122;12.2;g;Raw Material;0.0122; 104,904 ; 1,280 ;;;;;;;
CHE3-AAB;EDT-B--K;EDTA;JTK 4/Stock/RM;GBMJTK6/JG27178;14.9;g;Raw Material;0.0149; 104,904 ; 1,563 ;;;;;;;
RHM3-ACH;XANT---K;Keltrol 2;JTK 4/Stock/RM;GBMJTK6/JE10013;10.4;g;Raw Material;0.0104; 256,323 ; 2,666 ;;;;;;;
RHM3-ACH;XANT---K;Keltrol 2;JTK 4/Stock/RM;GBMJTK6/JD12016;3.8;g;Raw Material;0.0038; 256,323 ; 974 ;;;;;;;
WBE3-AAB;EKS-DCV-X;Ekstrak Pemanis;JTK 4/Stock/RM;GBMJTK6/JF16132;1.6;g;Raw Material;0.0016; 6,323,109 ; 10,117 ;;;;;;;
WBE3-AAB;EKS-DCV-X;Ekstrak Pemanis;JTK 4/Stock/RM;GBMJTK6/JC31080;12.2;g;Raw Material;0.0122; 6,323,109 ; 77,142 ;;;;;;;
ASB3-AAC;STAY--DSMR-K;Vitamin C;JTK 4/Stock/RM;GBMJTK6/JD13105;74.3;g;Raw Material;0.0743; 3,312,967 ; 246,153 ;;;;;;;
ASB3-AAC;STAY--DSMR-K;Vitamin C;JTK 4/Stock/RM;GBMJTK6/JA12051;3.7;g;Raw Material;0.0037; 3,312,967 ; 12,258 ;;;;;;;
ASB3-AAC;STAY--DSMR-K;Vitamin C;JTK 4/Stock/RM;GBMJTK6/JD27156;10;g;Raw Material;0.01; 3,312,967 ; 33,130 ;;;;;;;
ASB1-AAF;ACTI-VEAC-X;Vit E-Acetate;JTK 4/Stock/RM;GBMJTK6/JD07133;0.036;kg;Raw Material;0.036; 393,417 ; 14,163 ;;;;;;;
ASB1-AAF;ACTI-VEAC-X;Vit E-Acetate;JTK 4/Stock/RM;GBMJTK6/JD21078;0.05;kg;Raw Material;0.05; 393,417 ; 19,671 ;;;;;;;
OBW1-AAI;OIL-A850029-X;Almond Oil;JTK 4/Stock/RM;GBMJTK6/IL13090;152;g;Raw Material;0.152; 269,043 ; 40,894 ;;;;;;;
MST3-AAB;BIO-HYAL-BIL;Hyaluronic acid;JTK 4/Stock/RM;GBMJTK6/JG06097;1.9992;g;Raw Material;0.0019992; 18,573,697 ; 37,133 ;;;;;;;
CLR3-RED-ACH;WARN--RED227;Warna Merah 227;JTK 4/Stock/RM;6FC1632;367;g;Raw Material;0.367; 7,375,718 ; 2,706,889 ;;;;;;;
CLR3-RED-ACD;WARN-K7008J-X;Red 7008;JTK 4/Stock/RM;GBMJTK6/IJ11144;4.7;g;Raw Material;0.0047; 12,965,246 ; 60,937 ;;;;;;;
CLR3-ORN-AAC;WARN-O025-X;Warna Orange 205;JTK 4/Stock/RM;GBMJTK6/GK19042;8.9;g;Raw Material;0.0089; 1,562,910 ; 13,910 ;;;;;;;
CLR3-YLW-ABB;WARN-TRTYL-X;Warna Kuning Tartrazine;JTK 4/Stock/RM;GBMJTK6/HI11078;653.5;g;Raw Material;0.6535; 88,312 ; 57,712 ;;;;;;;
CLR3-BLU-AAB;WARN-BB--K;Serbuk Warna Biru;JTK 4/Stock/RM;GBMJTK6/JB24073;290;g;Raw Material;0.29; 5,959,374 ; 1,728,218 ;;;;;;;
CLR3-RED-ACI;WARN-K7057J-X;Red 7057;JTK 4/Stock/RM;GBMJTK6/JC29201;12.7;g;Raw Material;0.0127; 11,819,737 ; 150,111 ;;;;;;;
SLV1-AAE;PURO-IDD-X;Pelarut ID;JTK 4/Stock/RM;GBMJTK6/JG25010;129.2;g;Raw Material;0.1292; 113,899 ; 14,716 ;;;;;;;
SLV1-AAE;PURO-IDD-X;Pelarut ID;JTK 4/Stock/RM;GBMJTK6/JH16220;16300.3;g;Raw Material;16.3003; 113,899 ; 1,856,580 ;;;;;;;
SLV1-AAE;PURO-IDD-X;Pelarut ID;JTK 4/Stock/RM;GBMJTK6/JG12023;424.6;g;Raw Material;0.4246; 113,899 ; 48,361 ;;;;;;;
SLV1-AAE;PURO-IDD-X;Pelarut ID;JTK 4/Stock/RM;GBMJTK6/JH16200;4241.1;g;Raw Material;4.2411; 113,899 ; 483,055 ;;;;;;;
PWD3-ADI;DRYF-PC-X;Serbuk Absorbent PC;JTK 4/Stock/RM;GBMJTK6/JH15063;85.5;g;Raw Material;0.0855; 191,995 ; 16,416 ;;;;;;;
PWD3-ADI;DRYF-PC-X;Serbuk Absorbent PC;JTK 4/Stock/RM;GBMJTK6/JF21060;241.1;g;Raw Material;0.2411; 191,995 ; 46,290 ;;;;;;;
PWD3-ADI;DRYF-PC-X;Serbuk Absorbent PC;JTK 4/Stock/RM;GBMJTK6/JH22077;1054.4;g;Raw Material;1.0544; 191,995 ; 202,440 ;;;;;;;
RHM2-AAB;BENT-BGISDV-X;Gel DMH;JTK 4/Stock/RM;GBMJTK6/JF28020;168;g;Raw Material;0.168; 486,842 ; 81,789 ;;;;;;;
RHM2-AAB;BENT-BGISDV-X;Gel DMH;JTK 4/Stock/RM;GBMJTK6/JG19013;915;g;Raw Material;0.915; 486,842 ; 445,460 ;;;;;;;
FFM1-AAI;SILI-DC-PSFCS-X;Silicon DC 200/1 CS;JTK 4/Stock/RM;GBMJTK6/JF24032;11130.8;g;Raw Material;11.1308; 198,243 ; 2,206,607 ;;;;;;;
FFM1-AAI;SILI-DC-PSFCS-X;Silicon DC 200/1 CS;JTK 4/Stock/RM;GBMJTK6/JF14051;209.2;g;Raw Material;0.2092; 198,243 ; 41,473 ;;;;;;;
SLC3-AAI;SILI-BEL803-X;Silicon Resin 803;JTK 4/Stock/RM;GBMJTK6/JG25014;427.7;g;Raw Material;0.4277; 736,768 ; 315,116 ;;;;;;;
RHM3-BHAFD;SILC-AERSLR-X;Free Flowing Agent;JTK 4/Stock/RM;GBMJTK6/JE13024;1.3588;kg;Raw Material;1.3588; 312,487 ; 424,607 ;;;;;;;
EMO1-ADD;HAIM-DIS-X;Emollient DIS;JTK 4/Stock/RM;GBMJTK6/JH11043;917.6;g;Raw Material;0.9176; 447,584 ; 410,703 ;;;;;;;
EMO1-ADD;HAIM-DIS-X;Emollient DIS;JTK 4/Stock/RM;GBMJTK6/JH04113;1137.9;g;Raw Material;1.1379; 447,584 ; 509,306 ;;;;;;;
EMO1-AAJ;SILS-034-X;Emollient 034;JTK 4/Stock/RM;GBMJTK6/JH25113;678.3;g;Raw Material;0.6783; 616,831 ; 418,397 ;;;;;;;
EMO1-ABG;EMU-PS-;Octyl Palmitate 2;JTK 4/Stock/RM;GBMJTK6/JG11075;148.8;g;Raw Material;0.1488; 88,724 ; 13,202 ;;;;;;;
EMO1-ABG;EMU-PS-;Octyl Palmitate 2;JTK 4/Stock/RM;GBMJTK6/JG04091;66.7;g;Raw Material;0.0667; 88,724 ; 5,918 ;;;;;;;
EMS1-ADB;EMUL-EMILST-X;Emullustro;JTK 4/Stock/RM;GBMJTK6/JF28163;1250;g;Raw Material;1.25; 968,810 ; 1,211,013 ;;;;;;;
SLC2-AAD;SILI-BELEG5-X;Silicon EG5;JTK 4/Stock/RM;GBMJTK6/JG19011;145.7;g;Raw Material;0.1457; 426,732 ; 62,175 ;;;;;;;
SLC2-AAD;SILI-BELEG5-X;Silicon EG5;JTK 4/Stock/RM;GBMJTK6/JH02027;135.4;g;Raw Material;0.1354; 426,732 ; 57,779 ;;;;;;;
SLC2-AAD;SILI-BELEG5-X;Silicon EG5;JTK 4/Stock/RM;GBMJTK6/JG25012;33.8;g;Raw Material;0.0338; 426,732 ; 14,424 ;;;;;;;
DSP1-BHAFE;EMO-SLCHS-X;Coating Polymer;JTK 4/Stock/RM;GBMJTK6/JH16219;0.496;kg;Raw Material;0.496; 1,285,906 ; 637,810 ;;;;;;;
DSP1-BHAFE;EMO-SLCHS-X;Coating Polymer;JTK 4/Stock/RM;GBMJTK6/JG07113;0.4438;kg;Raw Material;0.4438; 1,285,906 ; 570,685 ;;;;;;;
PRV1-BBABG;PENG-NPGEHP-X;Pengawet PHE;JTK 4/Stock/RM;GBMJTK6/JG06024;1.071;kg;Raw Material;1.071; 146,226 ; 156,608 ;;;;;;;
PRV1-ABB;PEN-SENSC50-X;Pengawet SC 50;JTK 4/Stock/RM;GBMJTK6/JF22104;164;g;Raw Material;0.164; 894,674 ; 146,727 ;;;;;;;
PRF1-AKD;PARF-DLPZLE-X;Parfum Admire;JTK 4/Stock/RM;GBMJTK6/JB07108;370.4775;g;Raw Material;0.3704775; 404,398 ; 149,820 ;;;;;;;
OBW1-AAC;OIL-OJJBIII-X;Minyak Jojoba III;JTK 4/Stock/RM;GBMJTK6/JC14076;36.5;g;Raw Material;0.0365; 520,361 ; 18,993 ;;;;;;;
ASB1-AAB;VITA-DL E-MS;Vitamin E1;JTK 4/Stock/RM;GBMJTK6/JB02138;18546;g;Raw Material;18.546; 444,452 ; 8,242,806 ;;;;;;;
PWD3-ADB;TITA--3328EW-K;Titanium;JTK 4/Stock/RM;GBMJTK6/IL20128;51.3;g;Raw Material;0.0513; 123,191 ; 6,320 ;;;;;;;
PWD3-ADB;TITA--3328EW-K;Titanium;JTK 4/Stock/RM;GBMJTK6/JA17065;2805.4;g;Raw Material;2.8054; 123,191 ; 345,600 ;;;;;;;
CLR3-RED-AAC;WARN-C335138--K;C33-5138;JTK 4/Stock/RM;GBMJTK6/JA18103;19.2;g;Raw Material;0.0192; 340,491 ; 6,537 ;;;;;;;
CLR3-RED-AAC;WARN-C335138--K;C33-5138;JTK 4/Stock/RM;GBMJTK6/JA28058;0.6;g;Raw Material;0.0006; 340,491 ; 204 ;;;;;;;
CLR3-RED-AAE;WARN-C196619-R6-K;C19-6619;JTK 4/Stock/RM;GBMJTK6/IK23062;105.46;g;Raw Material;0.10546; 1,471,339 ; 155,167 ;;;;;;;
CLR3-YLW-AAB;WARN-C338--K;C33-8073;JTK 4/Stock/RM;GBMJTK6/JA28054;1112.5;g;Raw Material;1.1125; 301,440 ; 335,353 ;;;;;;;
CLR3-RED-ABB;WARN-C19011-R7CL-K;C19-011;JTK 4/Stock/RM;GBMJTK6/JG07020;168.8;g;Raw Material;0.1688; 939,814 ; 158,641 ;;;;;;;
CLR3-BLK-ABB;WARN-ABIO-X;Black A-IO;JTK 4/Stock/RM;GBMJTK6/JE19072;1126.98;g;Raw Material;1.12698; 288,858 ; 325,537 ;;;;;;;
PWD3-ABA;TITA-OTS2CR50-;Titan OTS;JTK 4/Stock/RM;GBMJTK6/JG19201;92.9;g;Raw Material;0.0929; 281,339 ; 26,136 ;;;;;;;
PWD3-ABA;TITA-OTS2CR50-;Titan OTS;JTK 4/Stock/RM;GBMJTK6/JG19200;7.1;g;Raw Material;0.0071; 281,339 ; 1,998 ;;;;;;;
CLR3-RED-AAJ;WARN-C19012-DCR6-K;C19-012;JTK 4/Stock/RM;GBMJTK6/JE24088;5589.2;g;Raw Material;5.5892; 1,212,374 ; 6,776,203 ;;;;;;;
CLR3-RED-AAJ;WARN-C19012-DCR6-K;C19-012;JTK 4/Stock/RM;GBMJTK6/JE19070;57.7;g;Raw Material;0.0577; 1,212,374 ; 69,954 ;;;;;;;
CLR3-RED-ABD;WARN-RED3AS-X;Warna merah 3AS;JTK 4/Stock/RM;GBMJTK6/HI07035;3757.5;g;Raw Material;3.7575; 391,680 ; 1,471,736 ;;;;;;;
CLR3-BRW-AAC;WARN-TOA403-KF;Tudor Oak;JTK 4/Stock/RM;GBMJTK6/JB04059;122.2;g;Raw Material;0.1222; 346,170 ; 42,302 ;;;;;;;
CLR3-BRW-AAC;WARN-TOA403-KF;Tudor Oak;JTK 4/Stock/RM;GBMJTK6/JD08034;78.1;g;Raw Material;0.0781; 346,170 ; 27,036 ;;;;;;;
PRF1-BDADA;PARF-RSCFE-X;Parfum Espresso;JTK 4/Stock/RM;GBMJTK6/JE17166;0.033;kg;Raw Material;0.033; 322,525 ; 10,643 ;;;;;;;
PRF1-BDADA;PARF-RSCFE-X;Parfum Espresso;JTK 4/Stock/RM;GBMJTK6/JG14106;0.10684;kg;Raw Material;0.10684; 322,525 ; 34,459 ;;;;;;;
PRF1-ADF;PARF-VMR-X;Parfum Lipstik C;JTK 4/Stock/RM;GBMJTK6/JG07057;14.5;g;Raw Material;0.0145; 722,414 ; 10,475 ;;;;;;;
PRF1-ADF;PARF-VMR-X;Parfum Lipstik C;JTK 4/Stock/RM;GBMJTK6/JH23209;438;g;Raw Material;0.438; 722,414 ; 316,417 ;;;;;;;
WAX3-ABI;WAX-SBWX--X;Beeswax Sintetik;JTK 4/Stock/RM;GBMJTK6/JG06054;94.7;g;Raw Material;0.0947; 170,613 ; 16,157 ;;;;;;;
WAX3-ABI;WAX-SBWX--X;Beeswax Sintetik;JTK 4/Stock/RM;GBMJTK6/JH04029;82.3;g;Raw Material;0.0823; 170,613 ; 14,041 ;;;;;;;
RHM3-AAG;COVA--;Serbuk Pengental;JTK 4/Stock/RM;GBMJTK6/JH15094;4100;g;Raw Material;4.1; 1,067,615 ; 4,377,221 ;;;;;;;
CLR3-RED-AAC;WARN-C335138--K;C33-5138;JTK 4/Stock/RM;GBMJTK6/JE19075;812.5;g;Raw Material;0.8125; 340,491 ; 276,649 ;;;;;;;
CLR3-RED-AAC;WARN-C335138--K;C33-5138;JTK 4/Stock/RM;GBMJTK6/JB24012;4.7;g;Raw Material;0.0047; 340,491 ; 1,600 ;;;;;;;
CLR3-ORN-AAC;WARN-O025-X;Warna Orange 205;JTK 4/Stock/RM;GBMJTK6/JE25150;423.081;g;Raw Material;0.423081; 1,562,910 ; 661,238 ;;;;;;;
CLR3-ORN-AAC;WARN-O025-X;Warna Orange 205;JTK 4/Stock/RM;GBMJTK6/JF30015;1000;g;Raw Material;1; 1,562,910 ; 1,562,910 ;;;;;;;
MST1-ACA;PROP-PGESK-X;PG USP S;JTK 4/Stock/RM;GBMJTK6/JH30167;120;g;Raw Material;0.12; 59,649 ; 7,158 ;;;;;;;
EMS1-ACB;EMUL-NS-X;Emulsifier NS;JTK 4/Stock/RM;GBMJTK6/JG29010;384;g;Raw Material;0.384; 681,048 ; 261,523 ;;;;;;;
MST3-AAG;MOIS-TR100-X;Moisturizer 100;JTK 4/Stock/RM;GBMJTK6/JH16024;23.3;g;Raw Material;0.0233; 141,435 ; 3,295 ;;;;;;;
PRV1-AAF;PEN-PRSVPE-X;Pengawet PE;JTK 4/Stock/RM;GBMJTK6/JI05083;9.2;g;Raw Material;0.0092; 167,731 ; 1,543 ;;;;;;;
MST3-AAB;BIO-HYAL-BIL;Hyaluronic acid;JTK 4/Stock/RM;GBMJTK6/JH03085;65.7;g;Raw Material;0.0657; 18,573,697 ; 1,220,292 ;;;;;;;
CLR3-RED-ACI;WARN-K7057J-X;Red 7057;JTK 4/Stock/RM;GBMJTK6/JC14166;7.3;g;Raw Material;0.0073; 11,819,737 ; 86,284 ;;;;;;;
SLV1-AAE;PURO-IDD-X;Pelarut ID;JTK 4/Stock/RM;GBMJTK6/JH23009;1220.4;g;Raw Material;1.2204; 113,899 ; 139,002 ;;;;;;;
RHM2-AAB;BENT-BGISDV-X;Gel DMH;JTK 4/Stock/RM;GBMJTK6/JH09003;330;g;Raw Material;0.33; 486,842 ; 160,658 ;;;;;;;
RHM2-AAB;BENT-BGISDV-X;Gel DMH;JTK 4/Stock/RM;GBMJTK6/JH09002;791;g;Raw Material;0.791; 486,842 ; 385,092 ;;;;;;;
EMO1-ABG;EMU-PS-;Octyl Palmitate 2;JTK 4/Stock/RM;GBMJTK6/JG14100;77.3;g;Raw Material;0.0773; 88,724 ; 6,858 ;;;;;;;
CLR3-RED-AAC;WARN-C335138--K;C33-5138;JTK 4/Stock/RM;GBMJTK6/JC15086;17.87;g;Raw Material;0.01787; 340,491 ; 6,085 ;;;;;;;
CLR3-YLW-AAB;WARN-C338--K;C33-8073;JTK 4/Stock/RM;GBMJTK6/JE10060;1;g;Raw Material;0.001; 301,440 ; 301 ;;;;;;;
PWD3-ABA;TITA-OTS2CR50-;Titan OTS;JTK 4/Stock/RM;GBMJTK6/JH09181;49.4;g;Raw Material;0.0494; 281,339 ; 13,898 ;;;;;;;
SLV1-AAE;PURO-IDD-X;Pelarut ID;JTK 4/Stock/RM;GBMJTK6/JH23181;478.4;g;Raw Material;0.4784; 113,899 ; 54,489 ;;;;;;;
SLV1-AAE;PURO-IDD-X;Pelarut ID;JTK 4/Stock/RM;GBMJTK6/JH23010;987.9;g;Raw Material;0.9879; 113,899 ; 112,520 ;;;;;;;
RHM2-AAB;BENT-BGISDV-X;Gel DMH;JTK 4/Stock/RM;GBMJTK6/JH23007;834;g;Raw Material;0.834; 486,842 ; 406,026 ;;;;;;;
FFM1-AAI;SILI-DC-PSFCS-X;Silicon DC 200/1 CS;JTK 4/Stock/RM;GBMJTK6/JH26025;714.1;g;Raw Material;0.7141; 198,243 ; 141,566 ;;;;;;;
SLC3-AAI;SILI-BEL803-X;Silicon Resin 803;JTK 4/Stock/RM;GBMJTK6/JF28037;282.6;g;Raw Material;0.2826; 736,768 ; 208,211 ;;;;;;;
EMO1-ADD;HAIM-DIS-X;Emollient DIS;JTK 4/Stock/RM;GBMJTK6/JH25061;1954.6;g;Raw Material;1.9546; 447,584 ; 874,849 ;;;;;;;
EMO1-AAJ;SILS-034-X;Emollient 034;JTK 4/Stock/RM;GBMJTK6/JI15128;221.1;g;Raw Material;0.2211; 616,831 ; 136,381 ;;;;;;;
EMO1-ABG;EMU-PS-;Octyl Palmitate 2;JTK 4/Stock/RM;GBMJTK6/JF13071;266.6;g;Raw Material;0.2666; 88,724 ; 23,654 ;;;;;;;
PRV1-ABB;PEN-SENSC50-X;Pengawet SC 50;JTK 4/Stock/RM;GBMJTK6/JH22102;160;g;Raw Material;0.16; 894,674 ; 143,148 ;;;;;;;
MST1-ACA;PROP-PGESK-X;PG USP S;JTK 4/Stock/RM;GBMJTK6/JI16095;5128;g;Raw Material;5.128; 59,649 ; 305,879 ;;;;;;;
MST3-AAG;MOIS-TR100-X;Moisturizer 100;JTK 4/Stock/RM;GBMJTK6/JH23022;3.4;g;Raw Material;0.0034; 141,435 ; 481 ;;;;;;;
PRV1-AAF;PEN-PRSVPE-X;Pengawet PE;JTK 4/Stock/RM;GBMJTK6/JI12089;113.7;g;Raw Material;0.1137; 167,731 ; 19,071 ;;;;;;;
PRV3-AAI;PENG-CLRP-X;Chlorphenesin;JTK 4/Stock/RM;GBMJTK6/JH24008;12.8;g;Raw Material;0.0128; 653,540 ; 8,365 ;;;;;;;
SAI3-AAB;ALAN--AK-K;Anti Iritan;JTK 4/Stock/RM;GBMJTK6/JH18130;286.8;g;Raw Material;0.2868; 138,257 ; 39,652 ;;;;;;;
PRF1-ABH;PARF-SSL-R0701530;Parfum Strawberry Shake;JTK 4/Stock/RM;GBMJTK6/HC19044;-1.13687E-13;g;Raw Material;-1.13687E-16; 482,299 ;-0 ;;;;;;;
WBE3-AAB;EKS-DCV-X;Ekstrak Pemanis;JTK 4/Stock/RM;GBMJTK6/JG14061;7.2;g;Raw Material;0.0072; 6,323,109 ; 45,526 ;;;;;;;
SLV1-AAE;PURO-IDD-X;Pelarut ID;JTK 4/Stock/RM;GBMJTK6/JI06018;4700.6;g;Raw Material;4.7006; 113,899 ; 535,391 ;;;;;;;
RHM2-AAB;BENT-BGISDV-X;Gel DMH;JTK 4/Stock/RM;GBMJTK6/JH23008;66;g;Raw Material;0.066; 486,842 ; 32,132 ;;;;;;;
FFM1-AAI;SILI-DC-PSFCS-X;Silicon DC 200/1 CS;JTK 4/Stock/RM;GBMJTK6/JH26027;1025.2;g;Raw Material;1.0252; 198,243 ; 203,239 ;;;;;;;
SLC3-AAI;SILI-BEL803-X;Silicon Resin 803;JTK 4/Stock/RM;GBMJTK6/JI13019;462.7;g;Raw Material;0.4627; 736,768 ; 340,902 ;;;;;;;
EMO1-ABG;EMU-PS-;Octyl Palmitate 2;JTK 4/Stock/RM;GBMJTK6/JI26097;249.1;g;Raw Material;0.2491; 88,724 ; 22,101 ;;;;;;;
SLC2-AAD;SILI-BELEG5-X;Silicon EG5;JTK 4/Stock/RM;GBMJTK6/JI06004;142.7;g;Raw Material;0.1427; 426,732 ; 60,895 ;;;;;;;
DSP1-BHAFE;EMO-SLCHS-X;Coating Polymer;JTK 4/Stock/RM;GBMJTK6/JI22119;0.6842;kg;Raw Material;0.6842; 1,285,906 ; 879,817 ;;;;;;;
PWD3-ABA;TITA-OTS2CR50-;Titan OTS;JTK 4/Stock/RM;GBMJTK6/JH29123;9.05;g;Raw Material;0.00905; 281,339 ; 2,546 ;;;;;;;
PWD3-ADI;DRYF-PC-X;Serbuk Absorbent PC;JTK 4/Stock/RM;GBMJTK6/JH30124;685;g;Raw Material;0.685; 191,995 ; 131,517 ;;;;;;;
RHM2-AAB;BENT-BGISDV-X;Gel DMH;JTK 4/Stock/RM;GBMJTK6/JH30044;7300;g;Raw Material;7.3; 486,842 ; 3,553,944 ;;;;;;;
RHM2-AAB;BENT-BGISDV-X;Gel DMH;JTK 4/Stock/RM;GBMJTK6/JH30045;1898;g;Raw Material;1.898; 486,842 ; 924,026 ;;;;;;;
PRV1-BBABG;PENG-NPGEHP-X;Pengawet PHE;JTK 4/Stock/RM;GBMJTK6/JH03062;0;kg;Raw Material;0; 146,226 ; - ;;;;;;;
CLR3-RED-AAE;WARN-C196619-R6-K;C19-6619;JTK 4/Stock/RM;GBMJTK6/JA18091;84.18;g;Raw Material;0.08418; 1,471,339 ; 123,857 ;;;;;;;
CLR3-YLW-AAB;WARN-C338--K;C33-8073;JTK 4/Stock/RM;GBMJTK6/JC22118;5.2;g;Raw Material;0.0052; 301,440 ; 1,567 ;;;;;;;
MST1-ACA;PROP-PGESK-X;PG USP S;JTK 4/Stock/RM;GBMJTK6/JI21130;17;g;Raw Material;0.017; 59,649 ; 1,014 ;;;;;;;
MST1-ACA;PROP-PGESK-X;PG USP S;JTK 4/Stock/RM;GBMJTK6/JI23068;1690;g;Raw Material;1.69; 59,649 ; 100,806 ;;;;;;;
MST3-AAG;MOIS-TR100-X;Moisturizer 100;JTK 4/Stock/RM;GBMJTK6/JH23037;10.8;g;Raw Material;0.0108; 141,435 ; 1,528 ;;;;;;;
CHE3-AAB;EDT-B--K;EDTA;JTK 4/Stock/RM;GBMJTK6/JH29130;43.8603;g;Raw Material;0.0438603; 104,904 ; 4,601 ;;;;;;;
RHM3-ACH;XANT---K;Keltrol 2;JTK 4/Stock/RM;GBMJTK6/JI06028;3.8;g;Raw Material;0.0038; 256,323 ; 974 ;;;;;;;
OBW1-AAI;OIL-A850029-X;Almond Oil;JTK 4/Stock/RM;GBMJTK6/JH11050;90;g;Raw Material;0.09; 269,043 ; 24,214 ;;;;;;;
SLV1-AAE;PURO-IDD-X;Pelarut ID;JTK 4/Stock/RM;GBMJTK6/JI13004;7823;g;Raw Material;7.823; 113,899 ; 891,028 ;;;;;;;
FFM1-AAI;SILI-DC-PSFCS-X;Silicon DC 200/1 CS;JTK 4/Stock/RM;GBMJTK6/JI30013;0.9;g;Raw Material;0.0009; 198,243 ; 178 ;;;;;;;
SLC3-AAI;SILI-BEL803-X;Silicon Resin 803;JTK 4/Stock/RM;GBMJTK6/JH23020;295;g;Raw Material;0.295; 736,768 ; 217,347 ;;;;;;;
EMO1-AAJ;SILS-034-X;Emollient 034;JTK 4/Stock/RM;GBMJTK6/JJ04054;4.5;g;Raw Material;0.0045; 616,831 ; 2,776 ;;;;;;;
CLR3-RED-AAC;WARN-C335138--K;C33-5138;JTK 4/Stock/RM;GBMJTK6/JE24090;0.2;g;Raw Material;0.0002; 340,491 ; 68 ;;;;;;;
PWD3-ABA;TITA-OTS2CR50-;Titan OTS;JTK 4/Stock/RM;GBMJTK6/JH29124;0.1;g;Raw Material;1E-04; 281,339 ; 28 ;;;;;;;
SLV1-AAE;PURO-IDD-X;Pelarut ID;JTK 4/Stock/RM;GBMJTK6/JI13005;6636.1;g;Raw Material;6.6361; 113,899 ; 755,842 ;;;;;;;
RHM2-AAB;BENT-BGISDV-X;Gel DMH;JTK 4/Stock/RM;GBMJTK6/JH30059;217;g;Raw Material;0.217; 486,842 ; 105,645 ;;;;;;;
RHM3-BHAFD;SILC-AERSLR-X;Free Flowing Agent;JTK 4/Stock/RM;GBMJTK6/JE27061;0.0752;kg;Raw Material;0.0752; 312,487 ; 23,499 ;;;;;;;
PRV1-ABB;PEN-SENSC50-X;Pengawet SC 50;JTK 4/Stock/RM;GBMJTK6/JI21094;220;g;Raw Material;0.22; 894,674 ; 196,828 ;;;;;;;
CLR3-RED-AAJ;WARN-C19012-DCR6-K;C19-012;JTK 4/Stock/RM;GBMJTK6/JF14167;0.6;g;Raw Material;0.0006; 1,212,374 ; 727 ;;;;;;;
CLR3-BRW-AAC;WARN-TOA403-KF;Tudor Oak;JTK 4/Stock/RM;GBMJTK6/JF14165;44.4;g;Raw Material;0.0444; 346,170 ; 15,370 ;;;;;;;
PRF1-BDADA;PARF-RSCFE-X;Parfum Espresso;JTK 4/Stock/RM;GBMJTK6/JI22122;0.26669;kg;Raw Material;0.26669; 322,525 ; 86,014 ;;;;;;;
MST1-ACA;PROP-PGESK-X;PG USP S;JTK 4/Stock/RM;GBMJTK6/JJ03059;41;g;Raw Material;0.041; 59,649 ; 2,446 ;;;;;;;
MST1-ACA;PROP-PGESK-X;PG USP S;JTK 4/Stock/RM;GBMJTK6/JJ06051;12;g;Raw Material;0.012; 59,649 ; 716 ;;;;;;;
MST1-ACA;PROP-PGESK-X;PG USP S;JTK 4/Stock/RM;GBMJTK6/JI30098;33;g;Raw Material;0.033; 59,649 ; 1,968 ;;;;;;;
EMS1-ACB;EMUL-NS-X;Emulsifier NS;JTK 4/Stock/RM;GBMJTK6/JI15080;14151.02;g;Raw Material;14.15102; 681,048 ; 9,637,528 ;;;;;;;
PRV1-AAF;PEN-PRSVPE-X;Pengawet PE;JTK 4/Stock/RM;GBMJTK6/JI30080;1277.8;g;Raw Material;1.2778; 167,731 ; 214,327 ;;;;;;;
PRV3-AAI;PENG-CLRP-X;Chlorphenesin;JTK 4/Stock/RM;GBMJTK6/JI14043;950;g;Raw Material;0.95; 653,540 ; 620,863 ;;;;;;;
CHE3-AAB;EDT-B--K;EDTA;JTK 4/Stock/RM;GBMJTK6/JI21156;1689.7;g;Raw Material;1.6897; 104,904 ; 177,257 ;;;;;;;
RHM3-ACH;XANT---K;Keltrol 2;JTK 4/Stock/RM;GBMJTK6/JI20025;1600;g;Raw Material;1.6; 256,323 ; 410,117 ;;;;;;;
WBE3-AAB;EKS-DCV-X;Ekstrak Pemanis;JTK 4/Stock/RM;GBMJTK6/JJ13076;788.07;g;Raw Material;0.78807; 6,323,109 ; 4,983,053 ;;;;;;;
ASB3-AAC;STAY--DSMR-K;Vitamin C;JTK 4/Stock/RM;GBMJTK6/JI21092;1920;g;Raw Material;1.92; 3,312,967 ; 6,360,897 ;;;;;;;
ASB1-AAF;ACTI-VEAC-X;Vit E-Acetate;JTK 4/Stock/RM;GBMJTK6/JJ06043;1.84;kg;Raw Material;1.84; 393,417 ; 723,888 ;;;;;;;
OBW1-AAE;OIL-ORJVA-X;Minyak Zaitun B;JTK 4/Stock/RM;GBMJTK6/JH31102;1740;g;Raw Material;1.74; 51,169 ; 89,034 ;;;;;;;
OBW1-AAI;OIL-A850029-X;Almond Oil;JTK 4/Stock/RM;GBMJTK6/JH23147;355;g;Raw Material;0.355; 269,043 ; 95,510 ;;;;;;;
OBW1-AAI;OIL-A850029-X;Almond Oil;JTK 4/Stock/RM;GBMJTK6/JG01135;1405;g;Raw Material;1.405; 269,043 ; 378,005 ;;;;;;;
MST3-AAB;BIO-HYAL-BIL;Hyaluronic acid;JTK 4/Stock/RM;GBMJTK6/JH15153;200;g;Raw Material;0.2; 18,573,697 ; 3,714,739 ;;;;;;;
EMO1-ADD;HAIM-DIS-X;Emollient DIS;JTK 4/Quarantine/RM;GBMJTK6/JH25061;2397;g;Raw Material;2.397; 447,584 ; 1,072,860 ;;;;;;;
PWD3-ADB;TITA--3328EW-K;Titanium;JTK 4/Quarantine/RM;GBMJTK6/JA17065;600;g;Raw Material;0.6; 123,191 ; 73,915 ;;;;;;;
ASB1-AAB;VITA-DL E-MS;Vitamin E1;JTK 4/Quarantine/RM;GBMJTK6/ID22092;3;g;Raw Material;0.003; 444,452 ; 1,333 ;;;;;;;
SLC2-AAD;SILI-BELEG5-X;Silicon EG5;JTK 4/Quarantine/RM;GBMJTK6/JG25012;503.1;g;Raw Material;0.5031; 426,732 ; 214,689 ;;;;;;;
SLC2-AAD;SILI-BELEG5-X;Silicon EG5;JTK 4/Quarantine/RM;GBMJTK6/JI06004;96.9;g;Raw Material;0.0969; 426,732 ; 41,350 ;;;;;;;
PWD3-ABA;TITA-OTS2CR50-;Titan OTS;JTK 4/Quarantine/RM;GBMJTK6/JH29123;959.5;g;Raw Material;0.9595; 281,339 ; 269,944 ;;;;;;;
PWD3-ABA;TITA-OTS2CR50-;Titan OTS;JTK 4/Quarantine/RM;GBMJTK6/JH29124;765.5;g;Raw Material;0.7655; 281,339 ; 215,365 ;;;;;;;
PRV1-AAF;PEN-PRSVPE-X;Pengawet PE;JTK 4/Quarantine/RM;GBMJTK6/JI30080;15;g;Raw Material;0.015; 167,731 ; 2,516 ;;;;;;;
PRF1-ADF;PARF-VMR-X;Parfum Lipstik C;JTK 4/Quarantine/RM;GBMJTK6/JH23209;600;g;Raw Material;0.6; 722,414 ; 433,448 ;;;;;;;
SLV1-AAE;PURO-IDD-X;Pelarut ID;JTK 4/Stock/RM;GBMJTK6/JI20024;499.5;g;Raw Material;0.4995; 113,899 ; 56,892 ;;;;;;;
OBW1-AAC;OIL-OJJBIII-X;Minyak Jojoba III;JTK 4/Quarantine/RM;GBMJTK6/JG18054;24344.97;g;Raw Material;24.34497; 520,361 ; 12,668,182 ;;;;;;;
EMO1-ABG;EMU-PS-;Octyl Palmitate 2;JTK 4/Stock/RM;GBMJTK6/JJ31070;1407.591;g;Raw Material;1.407591; 88,724 ; 124,888 ;;;;;;;
SLV1-AAE;PURO-IDD-X;Pelarut ID;JTK 4/Stock/RM;GBMJTK6/JJ18091;6729.5;g;Raw Material;6.7295; 113,899 ; 766,480 ;;;;;;;
CLR3-RED-AAC;WARN-C335138--K;C33-5138;JTK 4/Stock/RM;GBMJTK6/JH02116;100;g;Raw Material;0.1; 340,491 ; 34,049 ;;;;;;;
PRV1-BBABG;PENG-NPGEHP-X;Pengawet PHE;JTK 4/Stock/RM;GBMJTK6/JJ19023;-1.38778E-17;kg;Raw Material;-1.38778E-17; 146,226 ;-0 ;;;;;;;
PRF1-ADF;PARF-VMR-X;Parfum Lipstik C;JTK 4/Stock/RM;GBMJTK6/JK01138;22.4775;g;Raw Material;0.0224775; 722,414 ; 16,238 ;;;;;;;
EMO1-CBADB;EMO-RFNJO-X;Jojoba Oil II;JTK 4/Stock/RM;GBMJTK6/JL14045;0.0015;kg;Raw Material;0.0015; 405,159 ; 608 ;;;;;;;
CLR3-RED-ACI;WARN-K7057J-X;Red 7057;JTK 4/Stock/RM;GBMJTK6/JG04077;4;g;Raw Material;0.004; 11,819,737 ; 47,279 ;;;;;;;
OBW1-AAC;OIL-OJJBIII-X;Minyak Jojoba III;JTK 4/Stock/RM;GBMJTK6/JG18053;4.5;g;Raw Material;0.0045; 520,361 ; 2,342 ;;;;;;;
SLV1-AAE;PURO-IDD-X;Pelarut ID;JTK 4/Stock/RM;GBMJTK6/JL26212;999.9;g;Raw Material;0.9999; 113,899 ; 113,887 ;;;;;;;
CLR3-YLW-AAB;WARN-C338--K;C33-8073;JTK 4/Stock/RM;GBMJTK6/JH05064;0.3;g;Raw Material;0.0003; 301,440 ; 90 ;;;;;;;
CLR3-RED-ABB;WARN-C19011-R7CL-K;C19-011;JTK 4/Stock/RM;GBMJTK6/JL13073;36;g;Raw Material;0.036; 939,814 ; 33,833 ;;;;;;;
MST1-ACA;PROP-PGESK-X;PG USP S;JTK 4/Quarantine/RM;GBMJTK6/JJ11186;3;g;Raw Material;0.003; 59,649 ; 179 ;;;;;;;
SLV1-AAE;PURO-IDD-X;Pelarut ID;JTK 4/Stock/RM;GBMJTK6/KB06029;0;g;Raw Material;0; 113,899 ; - ;;;;;;;
PRF1-BDADA;PARF-RSCFE-X;Parfum Espresso;JTK 4/Stock/RM;GBMJTK6/KA05120;6E-05;kg;Raw Material;6E-05; 322,525 ; 19 ;;;;;;;
CLR3-RED-ACD;WARN-K7008J-X;Red 7008;JTK 4/Stock/RM;GBMJTK6/IF21126;10;g;Raw Material;0.01; 12,965,246 ; 129,652 ;;;;;;;
CLR3-YLW-AAB;WARN-C338--K;C33-8073;JTK 4/Stock/RM;GBMJTK6/JH05077;94.57;g;Raw Material;0.09457; 301,440 ; 28,507 ;;;;;;;
PRF1-BDADA;PARF-RSCFE-X;Parfum Espresso;JTK 4/Stock/RM;GBMJTK6/KB23130;0.0011;kg;Raw Material;0.0011; 322,525 ; 355 ;;;;;;;
CLR3-ORN-AAC;WARN-O025-X;Warna Orange 205;JTK 4/Stock/RM;GBMJTK6/IH27113;0.41;g;Raw Material;0.00041; 1,562,910 ; 641 ;;;;;;;
RHM2-AAB;BENT-BGISDV-X;Gel DMH;JTK 4/Stock/RM;GBMJTK6/KB17010;1;g;Raw Material;0.001; 486,842 ; 487 ;;;;;;;
SLV1-AAE;PURO-IDD-X;Pelarut ID;JTK 4/Stock/RM;GBMJTK6/KB27084;8662.5;g;Raw Material;8.6625; 113,899 ; 986,646 ;;;;;;;
RHM3-BHAFD;SILC-AERSLR-X;Free Flowing Agent;JTK 4/Stock/RM;GBMJTK6/KC03029;0;kg;Raw Material;0; 312,487 ; - ;;;;;;;
SLC2-AAD;SILI-BELEG5-X;Silicon EG5;JTK 4/Stock/RM;GBMJTK6/KB24065;-5.68434E-14;g;Raw Material;-5.68434E-17; 426,732 ;-0 ;;;;;;;
PRV1-BBABG;PENG-NPGEHP-X;Pengawet PHE;JTK 4/Stock/RM;GBMJTK6/KB08021;-5.55112E-17;kg;Raw Material;-5.55112E-17; 146,226 ;-0 ;;;;;;;
PRF1-ADF;PARF-VMR-X;Parfum Lipstik C;JTK 4/Stock/RM;GBMJTK6/KB14168;0.005;g;Raw Material;5E-06; 722,414 ; 4 ;;;;;;;
SLV1-AAE;PURO-IDD-X;Pelarut ID;JTK 4/Stock/RM;GBMJTK6/KC06003;9297.5;g;Raw Material;9.2975; 113,899 ; 1,058,971 ;;;;;;;
RHM3-BHAFD;SILC-AERSLR-X;Free Flowing Agent;JTK 4/Stock/RM;GBMJTK6/KC17045;0;kg;Raw Material;0; 312,487 ; - ;;;;;;;
EMO1-ABG;EMU-PS-;Octyl Palmitate 2;JTK 4/Stock/RM;GBMJTK6/KB06193;-5.68434E-14;g;Raw Material;-5.68434E-17; 88,724 ;-0 ;;;;;;;
SLC2-AAD;SILI-BELEG5-X;Silicon EG5;JTK 4/Stock/RM;GBMJTK6/KD06022;150;g;Raw Material;0.15; 426,732 ; 64,010 ;;;;;;;
CLR3-BLK-ABB;WARN-ABIO-X;Black A-IO;JTK 4/Stock/RM;GBMJTK6/JJ18105;0.5;g;Raw Material;0.0005; 288,858 ; 144 ;;;;;;;
