Product Korporat Code,BoM Lines/Product Template/Korporat Code,BoM Lines/Quantity,Product Korporat Kode
L-CUMKORD-BULK/16,VITA-DL E-MS,0.0010,L-CUMKORD-BULK
L-CUMKORD-BULK/16,PARF-VMR-X,0.0005,L-CUMKORD-BULK
L-CUMKORD-BULK/16,POWD-H53-X,0.0200,L-CUMKORD-BULK
L-CUMKORD-BULK/16,CERE-810-,0.0350,L-CUMKORD-BULK
L-CUMKORD-BULK/16,WAX-WOW2P-X,0.1100,L-CUMKORD-BULK
L-CUMKORD-BULK/16,MC3-30-SF,0.0400,L-CUMKORD-BULK
L-CUMKORD-BULK/16,SILI-SF15-X,0.0350,L-CUMKORD-BULK
L-CUMKORD-BULK/16,EMU-LPNT-X,0.0200,L-CUMKORD-BULK
L-CUMKORD-BULK/16,ARMO-HD--K,0.0200,L-CUMKORD-BULK
L-CUMKORD-BULK/16,SFT-S649-X,0.0300,L-CUMKORD-BULK
L-CUMKORD-BULK/16,WARN-TOA403-KF,0.0392,L-CUMKORD-BULK
L-CUMKORD-BULK/16,WARN-C338--K,0.0625,L-CUMKORD-BULK
L-CUMKORD-BULK/16,WARN-C335138--K,0.0186,L-CUMKORD-BULK
L-CUMKORD-BULK/16,WARN-C19012-DCR6-K,0.0437,L-CUMKORD-BULK
L-CUMKORD-BULK/16,EMU-ISST-X,0.0050,L-CUMKORD-BULK
L-CUMKORD-BULK/16,PEN-PRSVPE-X,0.0080,L-CUMKORD-BULK
L-CUMKORD-BULK/16,PEN-SENSC50-X,0.0040,L-CUMKORD-BULK
L-CUMKORD-BULK/16,BHT-CRTL-X,0.0010,L-CUMKORD-BULK
L-CUMKORD-BULK/16,SILI-KSP1-X,0.0200,L-CUMKORD-BULK
L-CUMKORD-BULK/16,SILI-D9SEB-X,0.3000,L-CUMKORD-BULK
L-CUMKORD-BULK/16,SALA-99--K,0.1865,L-CUMKORD-BULK
BO-CLBSNT-BULK/FS.RND.T0099-VER.01,EMU-PS-,0.2350,BO-CLBSNT-BULK
BO-CLBSNT-BULK/FS.RND.T0099-VER.01,SILI-BLSDE-X,0.2200,BO-CLBSNT-BULK
BO-CLBSNT-BULK/FS.RND.T0099-VER.01,MC3-300-SF,0.0750,BO-CLBSNT-BULK
BO-CLBSNT-BULK/FS.RND.T0099-VER.01,WAX-PFRMSW-X,0.0500,BO-CLBSNT-BULK
BO-CLBSNT-BULK/FS.RND.T0099-VER.01,WAX-CDL204--X,0.0500,BO-CLBSNT-BULK
BO-CLBSNT-BULK/FS.RND.T0099-VER.01,COSM-43V--K,0.0300,BO-CLBSNT-BULK
BO-CLBSNT-BULK/FS.RND.T0099-VER.01,EMG-S65PSG-X,0.0250,BO-CLBSNT-BULK
BO-CLBSNT-BULK/FS.RND.T0099-VER.01,POWD-9701-,0.0100,BO-CLBSNT-BULK
BO-CLBSNT-BULK/FS.RND.T0099-VER.01,ORGA-EXD-ARK,0.0100,BO-CLBSNT-BULK
BO-CLBSNT-BULK/FS.RND.T0099-VER.01,POWD-MDMS-,0.0100,BO-CLBSNT-BULK
BO-CLBSNT-BULK/FS.RND.T0099-VER.01,PEN-PRSVPE-X,0.0080,BO-CLBSNT-BULK
BO-CLBSNT-BULK/FS.RND.T0099-VER.01,BHT-CRTL-X,0.0010,BO-CLBSNT-BULK
BO-CLBSNT-BULK/FS.RND.T0099-VER.01,VITA-DL E-MS,0.0010,BO-CLBSNT-BULK
BO-CLBSNT-BULK/FS.RND.T0099-VER.01,WARN-CLOG222--K,0.1278,BO-CLBSNT-BULK
BO-CLBSNT-BULK/FS.RND.T0099-VER.01,WARN-FW108S-X,0.0920,BO-CLBSNT-BULK
BO-CLBSNT-BULK/FS.RND.T0099-VER.01,WARN-GT0600--K,0.0552,BO-CLBSNT-BULK
BO-CLCPI-BULK/FS.RND.T0041.00,IPM-CRDSG-X,0.0500,BO-CLCPI-BULK
BO-CLCPI-BULK/FS.RND.T0041.00,PEN-PRSVPE-X,0.0080,BO-CLCPI-BULK
BO-CLCPI-BULK/FS.RND.T0041.00,WAX-CTHRFL-X,0.0125,BO-CLCPI-BULK
BO-CLCPI-BULK/FS.RND.T0041.00,SILI-1202-,0.0150,BO-CLCPI-BULK
BO-CLCPI-BULK/FS.RND.T0041.00,GARA-RFS-X,0.0100,BO-CLCPI-BULK
BO-CLCPI-BULK/FS.RND.T0041.00,AGF-9051-X,0.0150,BO-CLCPI-BULK
BO-CLCPI-BULK/FS.RND.T0041.00,SQUA-PRT-X,0.0194,BO-CLCPI-BULK
BO-CLCPI-BULK/FS.RND.T0041.00,WARN-K7054J-X,0.0003,BO-CLCPI-BULK
BO-CLCPI-BULK/FS.RND.T0041.00,PARF-AMSKLG-X,0.0010,BO-CLCPI-BULK
BO-CLCPI-BULK/FS.RND.T0041.00,ALAN--AK-K,0.0010,BO-CLCPI-BULK
BO-CLCPI-BULK/FS.RND.T0041.00,OIL-OJJBIII-X,0.0006,BO-CLCPI-BULK
BO-CLCPI-BULK/FS.RND.T0041.00,AIR-RO--L,0.5837,BO-CLCPI-BULK
BO-CLCPI-BULK/FS.RND.T0041.00,CRLL-4-C-K,0.0060,BO-CLCPI-BULK
BO-CLCPI-BULK/FS.RND.T0041.00,"BUTY--DAI1,3",0.0200,BO-CLCPI-BULK
BO-CLCPI-BULK/FS.RND.T0041.00,ASAM-A-CAAH-K,0.0025,BO-CLCPI-BULK
BO-CLCPI-BULK/FS.RND.T0041.00,EXTR-ALVGE-X,0.0050,BO-CLCPI-BULK
BO-CLCPI-BULK/FS.RND.T0041.00,SILI-D5225F-X,0.1500,BO-CLCPI-BULK
BO-CLCPI-BULK/FS.RND.T0041.00,SILI-SFE-GE,0.1000,BO-CLCPI-BULK
L-CUMKORA-BULK/11,BHT-CRTL-X,0.0010,L-CUMKORA-BULK
L-CUMKORA-BULK/11,ARMO-HD--K,0.0200,L-CUMKORA-BULK
L-CUMKORA-BULK/11,PEN-SENSC50-X,0.0040,L-CUMKORA-BULK
L-CUMKORA-BULK/11,SFT-S649-X,0.0300,L-CUMKORA-BULK
L-CUMKORA-BULK/11,SILI-SF15-X,0.0500,L-CUMKORA-BULK
L-CUMKORA-BULK/11,CERE-810-,0.0350,L-CUMKORA-BULK
L-CUMKORA-BULK/11,SALA-99--K,0.1815,L-CUMKORA-BULK
L-CUMKORA-BULK/11,MC3-30-SF,0.0400,L-CUMKORA-BULK
L-CUMKORA-BULK/11,WAX-WOW2P-X,0.1100,L-CUMKORA-BULK
L-CUMKORA-BULK/11,EMU-ISST-X,0.0050,L-CUMKORA-BULK
L-CUMKORA-BULK/11,PEN-PRSVPE-X,0.0080,L-CUMKORA-BULK
L-CUMKORA-BULK/11,EMU-LPNT-X,0.0200,L-CUMKORA-BULK
L-CUMKORA-BULK/11,SILI-KSP1-X,0.0200,L-CUMKORA-BULK
L-CUMKORA-BULK/11,POWD-H53-X,0.0200,L-CUMKORA-BULK
L-CUMKORA-BULK/11,VITA-DL E-MS,0.0010,L-CUMKORA-BULK
L-CUMKORA-BULK/11,SILI-D9SEB-X,0.3000,L-CUMKORA-BULK
L-CUMKORA-BULK/11,WARN-C19011-R7CL-K,0.0079,L-CUMKORA-BULK
L-CUMKORA-BULK/11,WARN-ABIO-X,0.0009,L-CUMKORA-BULK
L-CUMKORA-BULK/11,WARN-C19012-DCR6-K,0.0064,L-CUMKORA-BULK
L-CUMKORA-BULK/11,TITA-OTS2CR50-,0.0820,L-CUMKORA-BULK
L-CUMKORA-BULK/11,WARN-TOA403-KF,0.0206,L-CUMKORA-BULK
L-CUMKORA-BULK/11,PARF-VMR-X,0.0005,L-CUMKORA-BULK
L-CUMKORA-BULK/11,WARN-COGO--K,0.0362,L-CUMKORA-BULK
L-CUMKORE-BULK/8,ARMO-HD--K,0.0200,L-CUMKORE-BULK
L-CUMKORE-BULK/8,EMU-LPNT-X,0.0200,L-CUMKORE-BULK
L-CUMKORE-BULK/8,SFT-S649-X,0.0300,L-CUMKORE-BULK
L-CUMKORE-BULK/8,WAX-WOW2P-X,0.1100,L-CUMKORE-BULK
L-CUMKORE-BULK/8,SILI-SF15-X,0.0350,L-CUMKORE-BULK
L-CUMKORE-BULK/8,CERE-810-,0.0350,L-CUMKORE-BULK
L-CUMKORE-BULK/8,SALA-99--K,0.2112,L-CUMKORE-BULK
L-CUMKORE-BULK/8,MC3-30-SF,0.0400,L-CUMKORE-BULK
L-CUMKORE-BULK/8,POWD-H53-X,0.0200,L-CUMKORE-BULK
L-CUMKORE-BULK/8,WARN-C19012-DCR6-K,0.0509,L-CUMKORE-BULK
L-CUMKORE-BULK/8,WARN-C19011-R7CL-K,0.0278,L-CUMKORE-BULK
L-CUMKORE-BULK/8,WARN-C338--K,0.0529,L-CUMKORE-BULK
L-CUMKORE-BULK/8,WARN-C394--K,0.0013,L-CUMKORE-BULK
L-CUMKORE-BULK/8,WARN-C196619-R6-K,0.0005,L-CUMKORE-BULK
L-CUMKORE-BULK/8,WARN-ABIO-X,0.0059,L-CUMKORE-BULK
L-CUMKORE-BULK/8,SILI-D9SEB-X,0.3000,L-CUMKORE-BULK
L-CUMKORE-BULK/8,PARF-VMR-X,0.0005,L-CUMKORE-BULK
L-CUMKORE-BULK/8,VITA-DL E-MS,0.0010,L-CUMKORE-BULK
L-CUMKORE-BULK/8,BHT-CRTL-X,0.0010,L-CUMKORE-BULK
L-CUMKORE-BULK/8,SILI-KSP1-X,0.0200,L-CUMKORE-BULK
L-CUMKORE-BULK/8,PEN-PRSVPE-X,0.0080,L-CUMKORE-BULK
L-CUMKORE-BULK/8,PEN-SENSC50-X,0.0040,L-CUMKORE-BULK
L-CUMKORE-BULK/8,EMU-ISST-X,0.0050,L-CUMKORE-BULK
L-CUMKORB-BULK/10,TITA-OTS2CR50-,0.0435,L-CUMKORB-BULK
L-CUMKORB-BULK/10,WARN-COGO--K,0.0593,L-CUMKORB-BULK
L-CUMKORB-BULK/10,WARN-TOA403-KF,0.0296,L-CUMKORB-BULK
L-CUMKORB-BULK/10,WARN-C19012-DCR6-K,0.0232,L-CUMKORB-BULK
L-CUMKORB-BULK/10,WARN-C196619-R6-K,0.0094,L-CUMKORB-BULK
L-CUMKORB-BULK/10,SFT-S649-X,0.0300,L-CUMKORB-BULK
L-CUMKORB-BULK/10,SILI-SF15-X,0.0350,L-CUMKORB-BULK
L-CUMKORB-BULK/10,SILI-D9SEB-X,0.3000,L-CUMKORB-BULK
L-CUMKORB-BULK/10,MC3-30-SF,0.0400,L-CUMKORB-BULK
L-CUMKORB-BULK/10,WAX-WOW2P-X,0.1100,L-CUMKORB-BULK
L-CUMKORB-BULK/10,SALA-99--K,0.1855,L-CUMKORB-BULK
L-CUMKORB-BULK/10,CERE-810-,0.0350,L-CUMKORB-BULK
L-CUMKORB-BULK/10,ARMO-HD--K,0.0200,L-CUMKORB-BULK
L-CUMKORB-BULK/10,PARF-VMR-X,0.0005,L-CUMKORB-BULK
L-CUMKORB-BULK/10,VITA-DL E-MS,0.0010,L-CUMKORB-BULK
L-CUMKORB-BULK/10,PEN-PRSVPE-X,0.0080,L-CUMKORB-BULK
L-CUMKORB-BULK/10,EMU-ISST-X,0.0050,L-CUMKORB-BULK
L-CUMKORB-BULK/10,POWD-H53-X,0.0200,L-CUMKORB-BULK
L-CUMKORB-BULK/10,SILI-KSP1-X,0.0200,L-CUMKORB-BULK
L-CUMKORB-BULK/10,EMU-LPNT-X,0.0200,L-CUMKORB-BULK
L-CUMKORB-BULK/10,BHT-CRTL-X,0.0010,L-CUMKORB-BULK
L-CUMKORB-BULK/10,PEN-SENSC50-X,0.0040,L-CUMKORB-BULK
L-LLW0C9-BULK/77,NIPA-G--K,0.0010,L-LLW0C9-BULK
L-LLW0C9-BULK/77,PARF-VMR-X,0.0005,L-LLW0C9-BULK
L-LLW0C9-BULK/77,NIPA-S--K,0.0010,L-LLW0C9-BULK
L-LLW0C9-BULK/77,BHT-CRTL-X,0.0010,L-LLW0C9-BULK
L-LLW0C9-BULK/77,TITA--3328EW-K,0.0279,L-LLW0C9-BULK
L-LLW0C9-BULK/77,WARN-GZ0075-X,0.0353,L-LLW0C9-BULK
L-LLW0C9-BULK/77,SILI-1202-,0.2324,L-LLW0C9-BULK
L-LLW0C9-BULK/77,FILM-54ID-X,0.0500,L-LLW0C9-BULK
L-LLW0C9-BULK/77,WAX-KHWX6700-X,0.0500,L-LLW0C9-BULK
L-LLW0C9-BULK/77,ARMO-HD--K,0.0336,L-LLW0C9-BULK
L-LLW0C9-BULK/77,CRO1-GTCC-,0.1000,L-LLW0C9-BULK
L-LLW0C9-BULK/77,IPM-CRDSG-X,0.1500,L-LLW0C9-BULK
L-LLW0C9-BULK/77,WAX-WHPRWT-X,0.0070,L-LLW0C9-BULK
L-LLW0C9-BULK/77,POLY-M-MP27-K,0.0100,L-LLW0C9-BULK
L-LLW0C9-BULK/77,MWAX-SP19-X,0.0130,L-LLW0C9-BULK
L-LLW0C9-BULK/77,OIL-OJJBIII-X,0.0200,L-LLW0C9-BULK
L-LLW0C9-BULK/77,WAX-PFRMSW-X,0.0300,L-LLW0C9-BULK
L-LLW0C9-BULK/77,WAX-ABWAX-X,0.0400,L-LLW0C9-BULK
L-LLW0C9-BULK/77,WAX-CW--K,0.0300,L-LLW0C9-BULK
L-LLW0C9-BULK/77,CRO1-ML-,0.0300,L-LLW0C9-BULK
L-LLW0C9-BULK/77,SQUA-AMYR-X,0.0200,L-LLW0C9-BULK
L-LLW0C9-BULK/77,COSM-43V--K,0.0200,L-LLW0C9-BULK
L-LLW0C9-BULK/77,WARN-C338--K,0.0078,L-LLW0C9-BULK
L-LLW0C9-BULK/77,WARN-UNPBRWNL88-X,0.0147,L-LLW0C9-BULK
L-LLW0C9-BULK/77,CRO2-LA-,0.0200,L-LLW0C9-BULK
L-LLW0C9-BULK/77,WARN-CLOG222--K,0.0099,L-LLW0C9-BULK
L-LLW0C9-BULK/77,MICP-M511-X,0.0264,L-LLW0C9-BULK
L-LLW0C9-BULK/77,WARN-C196619-R6-K,0.0185,L-LLW0C9-BULK
MA-MSPB-BULK/FS.RND.W0333-VER.01,CARB-UT21P-X,0.0010,MA-MSPB-BULK
MA-MSPB-BULK/FS.RND.W0333-VER.01,EDT-DSLV-X,0.0010,MA-MSPB-BULK
MA-MSPB-BULK/FS.RND.W0333-VER.01,EXTR-PCTGJ-X,0.0000,MA-MSPB-BULK
MA-MSPB-BULK/FS.RND.W0333-VER.01,XANT---K,0.0025,MA-MSPB-BULK
MA-MSPB-BULK/FS.RND.W0333-VER.01,VITA-DL E-MS,0.0010,MA-MSPB-BULK
MA-MSPB-BULK/FS.RND.W0333-VER.01,TITA--3328EW-K,0.0010,MA-MSPB-BULK
MA-MSPB-BULK/FS.RND.W0333-VER.01,TRI--DOW-K,0.0010,MA-MSPB-BULK
MA-MSPB-BULK/FS.RND.W0333-VER.01,ALAN--AK-K,0.0010,MA-MSPB-BULK
MA-MSPB-BULK/FS.RND.W0333-VER.01,SQUA-PRT-X,0.0050,MA-MSPB-BULK
MA-MSPB-BULK/FS.RND.W0333-VER.01,EXTR-JPBBR-X,0.0000,MA-MSPB-BULK
MA-MSPB-BULK/FS.RND.W0333-VER.01,EXTR-CRNEGN-X,0.0000,MA-MSPB-BULK
MA-MSPB-BULK/FS.RND.W0333-VER.01,PEN-SYMH-X,0.0060,MA-MSPB-BULK
MA-MSPB-BULK/FS.RND.W0333-VER.01,SILI-D2-TSFST-K,0.0050,MA-MSPB-BULK
MA-MSPB-BULK/FS.RND.W0333-VER.01,PARF-PCNDLF-X,0.0001,MA-MSPB-BULK
MA-MSPB-BULK/FS.RND.W0333-VER.01,EKS-FLAC-X,0.0000,MA-MSPB-BULK
MA-MSPB-BULK/FS.RND.W0333-VER.01,VITA-B3PC-X,0.0050,MA-MSPB-BULK
MA-MSPB-BULK/FS.RND.W0333-VER.01,GLYC--ECOS-K,0.0300,MA-MSPB-BULK
MA-MSPB-BULK/FS.RND.W0333-VER.01,AIR-RO--L,0.9154,MA-MSPB-BULK
MA-MSPB-BULK/FS.RND.W0333-VER.01,SOLV-BGKHN-X,0.0200,MA-MSPB-BULK
MA-MSPB-BULK/FS.RND.W0333-VER.01,ARLA-165--K,0.0050,MA-MSPB-BULK
L-CUMKORC-BULK/11,SILI-D9SEB-X,0.3000,L-CUMKORC-BULK
L-CUMKORC-BULK/11,SILI-SF15-X,0.0350,L-CUMKORC-BULK
L-CUMKORC-BULK/11,WARN-C19011-R7CL-K,0.0065,L-CUMKORC-BULK
L-CUMKORC-BULK/11,SFT-S649-X,0.0300,L-CUMKORC-BULK
L-CUMKORC-BULK/11,CERE-810-,0.0350,L-CUMKORC-BULK
L-CUMKORC-BULK/11,EMU-LPNT-X,0.0200,L-CUMKORC-BULK
L-CUMKORC-BULK/11,MC3-30-SF,0.0400,L-CUMKORC-BULK
L-CUMKORC-BULK/11,WAX-WOW2P-X,0.1100,L-CUMKORC-BULK
L-CUMKORC-BULK/11,ARMO-HD--K,0.0200,L-CUMKORC-BULK
L-CUMKORC-BULK/11,WARN-C335138--K,0.0312,L-CUMKORC-BULK
L-CUMKORC-BULK/11,SALA-99--K,0.1837,L-CUMKORC-BULK
L-CUMKORC-BULK/11,WARN-COGO--K,0.0513,L-CUMKORC-BULK
L-CUMKORC-BULK/11,WARN-TOA403-KF,0.0274,L-CUMKORC-BULK
L-CUMKORC-BULK/11,PEN-PRSVPE-X,0.0080,L-CUMKORC-BULK
L-CUMKORC-BULK/11,SILI-KSP1-X,0.0200,L-CUMKORC-BULK
L-CUMKORC-BULK/11,POWD-H53-X,0.0200,L-CUMKORC-BULK
L-CUMKORC-BULK/11,BHT-CRTL-X,0.0010,L-CUMKORC-BULK
L-CUMKORC-BULK/11,PARF-VMR-X,0.0005,L-CUMKORC-BULK
L-CUMKORC-BULK/11,VITA-DL E-MS,0.0010,L-CUMKORC-BULK
L-CUMKORC-BULK/11,PEN-SENSC50-X,0.0040,L-CUMKORC-BULK
L-CUMKORC-BULK/11,EMU-ISST-X,0.0050,L-CUMKORC-BULK
L-CUMKORC-BULK/11,TITA-OTS2CR50-,0.0503,L-CUMKORC-BULK
S-A2-BULK/40,TEXA---K,0.1200,S-A2-BULK
S-A2-BULK/40,TEGO-L7-1--K,0.0500,S-A2-BULK
S-A2-BULK/40,MERQ-MQ550PP-X,0.0215,S-A2-BULK
S-A2-BULK/40,PARF-CAEM1R101-PKG,0.0050,S-A2-BULK
S-A2-BULK/40,KATH---K,0.0005,S-A2-BULK
S-A2-BULK/40,WARN-K-BULK,0.0007,S-A2-BULK
S-A2-BULK/40,WARN-B-BULK,0.0001,S-A2-BULK
S-A2-BULK/40,AIR-RO--L,0.7747,S-A2-BULK
S-A2-BULK/40,GARA-VCNI-X,0.0276,S-A2-BULK
BO-CLCPE-BULK/FS.RND.T0042.00,OIL-OJJBIII-X,0.0006,BO-CLCPE-BULK
BO-CLCPE-BULK/FS.RND.T0042.00,EXTR-ALVGE-X,0.0050,BO-CLCPE-BULK
BO-CLCPE-BULK/FS.RND.T0042.00,SILI-SFE-GE,0.1000,BO-CLCPE-BULK
BO-CLCPE-BULK/FS.RND.T0042.00,IPM-CRDSG-X,0.0500,BO-CLCPE-BULK
BO-CLCPE-BULK/FS.RND.T0042.00,CRLL-4-C-K,0.0060,BO-CLCPE-BULK
BO-CLCPE-BULK/FS.RND.T0042.00,SILI-1202-,0.0150,BO-CLCPE-BULK
BO-CLCPE-BULK/FS.RND.T0042.00,PEN-PRSVPE-X,0.0080,BO-CLCPE-BULK
BO-CLCPE-BULK/FS.RND.T0042.00,GARA-RFS-X,0.0100,BO-CLCPE-BULK
BO-CLCPE-BULK/FS.RND.T0042.00,ALAN--AK-K,0.0010,BO-CLCPE-BULK
BO-CLCPE-BULK/FS.RND.T0042.00,SILI-D5225F-X,0.1500,BO-CLCPE-BULK
BO-CLCPE-BULK/FS.RND.T0042.00,ASAM-A-CAAH-K,0.0025,BO-CLCPE-BULK
BO-CLCPE-BULK/FS.RND.T0042.00,WAX-CTHRFL-X,0.0125,BO-CLCPE-BULK
BO-CLCPE-BULK/FS.RND.T0042.00,PARF-AMSKLG-X,0.0010,BO-CLCPE-BULK
BO-CLCPE-BULK/FS.RND.T0042.00,WARN-K7054J-X,0.0001,BO-CLCPE-BULK
BO-CLCPE-BULK/FS.RND.T0042.00,WARN-UNCO-X,0.0018,BO-CLCPE-BULK
BO-CLCPE-BULK/FS.RND.T0042.00,"BUTY--DAI1,3",0.0200,BO-CLCPE-BULK
BO-CLCPE-BULK/FS.RND.T0042.00,AIR-RO--L,0.5821,BO-CLCPE-BULK
BO-CLCPE-BULK/FS.RND.T0042.00,AGF-9051-X,0.0150,BO-CLCPE-BULK
BO-CLCPE-BULK/FS.RND.T0042.00,SQUA-PRT-X,0.0194,BO-CLCPE-BULK
BO-CLCNB-BULK/FS.RND.T0044.00,WAX-CTHRFL-X,0.0125,BO-CLCNB-BULK
BO-CLCNB-BULK/FS.RND.T0044.00,SILI-1202-,0.0150,BO-CLCNB-BULK
BO-CLCNB-BULK/FS.RND.T0044.00,AGF-9051-X,0.0150,BO-CLCNB-BULK
BO-CLCNB-BULK/FS.RND.T0044.00,SQUA-PRT-X,0.0194,BO-CLCNB-BULK
BO-CLCNB-BULK/FS.RND.T0044.00,GARA-RFS-X,0.0100,BO-CLCNB-BULK
BO-CLCNB-BULK/FS.RND.T0044.00,"BUTY--DAI1,3",0.0200,BO-CLCNB-BULK
BO-CLCNB-BULK/FS.RND.T0044.00,PEN-PRSVPE-X,0.0080,BO-CLCNB-BULK
BO-CLCNB-BULK/FS.RND.T0044.00,CRLL-4-C-K,0.0060,BO-CLCNB-BULK
BO-CLCNB-BULK/FS.RND.T0044.00,ASAM-A-CAAH-K,0.0025,BO-CLCNB-BULK
BO-CLCNB-BULK/FS.RND.T0044.00,ALAN--AK-K,0.0010,BO-CLCNB-BULK
BO-CLCNB-BULK/FS.RND.T0044.00,PARF-AMSKLG-X,0.0010,BO-CLCNB-BULK
BO-CLCNB-BULK/FS.RND.T0044.00,OIL-OJJBIII-X,0.0006,BO-CLCNB-BULK
BO-CLCNB-BULK/FS.RND.T0044.00,TITA-C-STCR5-K,0.0135,BO-CLCNB-BULK
BO-CLCNB-BULK/FS.RND.T0044.00,WARN-K7054J-X,0.0004,BO-CLCNB-BULK
BO-CLCNB-BULK/FS.RND.T0044.00,WARN-UNCO-X,0.0010,BO-CLCNB-BULK
BO-CLCNB-BULK/FS.RND.T0044.00,WARN-BLCK3AS-X,0.0015,BO-CLCNB-BULK
BO-CLCNB-BULK/FS.RND.T0044.00,WARN-YLW3AS-X,0.0040,BO-CLCNB-BULK
BO-CLCNB-BULK/FS.RND.T0044.00,WARN-RED3AS-X,0.0040,BO-CLCNB-BULK
BO-CLCNB-BULK/FS.RND.T0044.00,EXTR-ALVGE-X,0.0050,BO-CLCNB-BULK
BO-CLCNB-BULK/FS.RND.T0044.00,AIR-RO--L,0.5596,BO-CLCNB-BULK
BO-CLCNB-BULK/FS.RND.T0044.00,SILI-SFE-GE,0.1000,BO-CLCNB-BULK
BO-CLCNB-BULK/FS.RND.T0044.00,SILI-D5225F-X,0.1500,BO-CLCNB-BULK
BO-CLCNB-BULK/FS.RND.T0044.00,IPM-CRDSG-X,0.0500,BO-CLCNB-BULK
LT-CR02-BULK/10,WARN-C196619-R6-K,0.0069,LT-CR02-BULK
LT-CR02-BULK/10,WARN-RED6LM4-X,0.0102,LT-CR02-BULK
LT-CR02-BULK/10,TITA-OTS2CR50-,0.0200,LT-CR02-BULK
LT-CR02-BULK/10,SUN-MP-X,0.0800,LT-CR02-BULK
LT-CR02-BULK/10,PURO-IDD-X,0.1706,LT-CR02-BULK
LT-CR02-BULK/10,PARF-VMR-X,0.0001,LT-CR02-BULK
LT-CR02-BULK/10,PEN-PRSVPE-X,0.0080,LT-CR02-BULK
LT-CR02-BULK/10,HAIM-DIS-X,0.0400,LT-CR02-BULK
LT-CR02-BULK/10,BENT-BGVS5PC-X,0.0850,LT-CR02-BULK
LT-CR02-BULK/10,WARN-UNK753-X,0.0015,LT-CR02-BULK
LT-CR02-BULK/10,EMU-ACT-X,0.0200,LT-CR02-BULK
LT-CR02-BULK/10,EMU-VME5-X,0.1000,LT-CR02-BULK
LT-CR02-BULK/10,SILS-034-X,0.0100,LT-CR02-BULK
LT-CR02-BULK/10,WARN-ABIO-X,0.0060,LT-CR02-BULK
LT-CR02-BULK/10,VITA-DL E-MS,0.0020,LT-CR02-BULK
LT-CR02-BULK/10,SILI-ECDC-X,0.2500,LT-CR02-BULK
LT-CR02-BULK/10,EMU-HP30-X,0.0100,LT-CR02-BULK
LT-CR02-BULK/10,OIL-OJJBIII-X,0.0050,LT-CR02-BULK
LT-CR02-BULK/10,EMU-FLRM-X,0.0350,LT-CR02-BULK
LT-CR02-BULK/10,ARMO-HD--K,0.0100,LT-CR02-BULK
LT-CR02-BULK/10,MICA-SYR1F-X,0.0040,LT-CR02-BULK
LT-CR02-BULK/10,EKS-HLE-X,0.0010,LT-CR02-BULK
LT-CR02-BULK/10,SILI-BEL803-X,0.0500,LT-CR02-BULK
LT-CR02-BULK/10,PEN-SENSC50-X,0.0040,LT-CR02-BULK
LT-CR02-BULK/10,EXTR-DB-,0.0005,LT-CR02-BULK
LT-CR02-BULK/10,ALUM-MN10D-X,0.0010,LT-CR02-BULK
LT-CR02-BULK/10,WAX-PFRMSW-X,0.0350,LT-CR02-BULK
LT-CR02-BULK/10,WARN-C338--K,0.0332,LT-CR02-BULK
LT-CR02-BULK/10,OIL-AVSB-X,0.0010,LT-CR02-BULK
LT-CR03-BULK/5,OIL-AVSB-X,0.0010,LT-CR03-BULK
LT-CR03-BULK/5,PEN-SENSC50-X,0.0040,LT-CR03-BULK
LT-CR03-BULK/5,MICA-SYR1F-X,0.0040,LT-CR03-BULK
LT-CR03-BULK/5,ALUM-MN10D-X,0.0010,LT-CR03-BULK
LT-CR03-BULK/5,PEN-PRSVPE-X,0.0080,LT-CR03-BULK
LT-CR03-BULK/5,OIL-OJJBIII-X,0.0050,LT-CR03-BULK
LT-CR03-BULK/5,VITA-DL E-MS,0.0020,LT-CR03-BULK
LT-CR03-BULK/5,BENT-BGVS5PC-X,0.0850,LT-CR03-BULK
LT-CR03-BULK/5,SILI-BEL803-X,0.0500,LT-CR03-BULK
LT-CR03-BULK/5,EKS-HLE-X,0.0010,LT-CR03-BULK
LT-CR03-BULK/5,EMU-VME5-X,0.1000,LT-CR03-BULK
LT-CR03-BULK/5,EMU-FLRM-X,0.0350,LT-CR03-BULK
LT-CR03-BULK/5,ARMO-HD--K,0.0100,LT-CR03-BULK
LT-CR03-BULK/5,EMU-ACT-X,0.0200,LT-CR03-BULK
LT-CR03-BULK/5,PARF-VMR-X,0.0001,LT-CR03-BULK
LT-CR03-BULK/5,EMU-HP30-X,0.0100,LT-CR03-BULK
LT-CR03-BULK/5,WARN-UNK753-X,0.0015,LT-CR03-BULK
LT-CR03-BULK/5,EXTR-DB-,0.0005,LT-CR03-BULK
LT-CR03-BULK/5,HAIM-DIS-X,0.0400,LT-CR03-BULK
LT-CR03-BULK/5,WARN-C338--K,0.0449,LT-CR03-BULK
LT-CR03-BULK/5,TITA-OTS2CR50-,0.0020,LT-CR03-BULK
LT-CR03-BULK/5,SILI-ECDC-X,0.2500,LT-CR03-BULK
LT-CR03-BULK/5,SUN-MP-X,0.0800,LT-CR03-BULK
LT-CR03-BULK/5,SILS-034-X,0.0100,LT-CR03-BULK
LT-CR03-BULK/5,PURO-IDD-X,0.1814,LT-CR03-BULK
LT-CR03-BULK/5,WARN-C19011-R7CL-K,0.0039,LT-CR03-BULK
LT-CR03-BULK/5,WARN-C196619-R6-K,0.0113,LT-CR03-BULK
LT-CR03-BULK/5,WARN-UNPBRWNL88-X,0.0034,LT-CR03-BULK
LT-CR03-BULK/5,WAX-PFRMSW-X,0.0350,LT-CR03-BULK
L-MLCL-BULK/FS.RND.G015-VER.01,PURO-IDD-X,0.2369,L-MLCL-BULK
L-MLCL-BULK/FS.RND.G015-VER.01,DRYF-PC-X,0.1800,L-MLCL-BULK
L-MLCL-BULK/FS.RND.G015-VER.01,BENT-BGISDV-X,0.1600,L-MLCL-BULK
L-MLCL-BULK/FS.RND.G015-VER.01,SILI-DC-PSFCS-X,0.0800,L-MLCL-BULK
L-MLCL-BULK/FS.RND.G015-VER.01,SILI-BEL803-X,0.0700,L-MLCL-BULK
L-MLCL-BULK/FS.RND.G015-VER.01,SILC-AERSLR-X,0.0600,L-MLCL-BULK
L-MLCL-BULK/FS.RND.G015-VER.01,HAIM-DIS-X,0.0500,L-MLCL-BULK
L-MLCL-BULK/FS.RND.G015-VER.01,EMU-PS-,0.0313,L-MLCL-BULK
L-MLCL-BULK/FS.RND.G015-VER.01,SILS-034-X,0.0225,L-MLCL-BULK
L-MLCL-BULK/FS.RND.G015-VER.01,EMO-SLCHS-X,0.0100,L-MLCL-BULK
L-MLCL-BULK/FS.RND.G015-VER.01,SILI-BELEG5-X,0.0100,L-MLCL-BULK
L-MLCL-BULK/FS.RND.G015-VER.01,PENG-NPGEHP-X,0.0080,L-MLCL-BULK
L-MLCL-BULK/FS.RND.G015-VER.01,PEN-SENSC50-X,0.0040,L-MLCL-BULK
L-MLCL-BULK/FS.RND.G015-VER.01,PARF-DLPZLE-X,0.0005,L-MLCL-BULK
L-MLCL-BULK/FS.RND.G015-VER.01,EMO-RFNJO-X,0.0001,L-MLCL-BULK
L-MLCL-BULK/FS.RND.G015-VER.01,VITA-DL E-MS,0.0001,L-MLCL-BULK
L-MLCL-BULK/FS.RND.G015-VER.01,WARN-C19011-R7CL-K,0.0048,L-MLCL-BULK
L-MLCL-BULK/FS.RND.G015-VER.01,WARN-ABIO-X,0.0055,L-MLCL-BULK
L-MLCL-BULK/FS.RND.G015-VER.01,WARN-C338--K,0.0066,L-MLCL-BULK
L-MLCL-BULK/FS.RND.G015-VER.01,WARN-TOA403-KF,0.0271,L-MLCL-BULK
L-MLCL-BULK/FS.RND.G015-VER.01,WARN-C19012-DCR6-K,0.0326,L-MLCL-BULK
L-MLCJ-BULK/FS.RND.G013-VER.01,BENT-BGISDV-X,0.2600,L-MLCJ-BULK
L-MLCJ-BULK/FS.RND.G013-VER.01,PURO-IDD-X,0.2080,L-MLCJ-BULK
L-MLCJ-BULK/FS.RND.G013-VER.01,SILI-DC-PSFCS-X,0.0800,L-MLCJ-BULK
L-MLCJ-BULK/FS.RND.G013-VER.01,SILI-BEL803-X,0.0700,L-MLCJ-BULK
L-MLCJ-BULK/FS.RND.G013-VER.01,WAX-SBWX--X,0.0600,L-MLCJ-BULK
L-MLCJ-BULK/FS.RND.G013-VER.01,HAIM-DIS-X,0.0550,L-MLCJ-BULK
L-MLCJ-BULK/FS.RND.G013-VER.01,SILC-AERSLR-X,0.0550,L-MLCJ-BULK
L-MLCJ-BULK/FS.RND.G013-VER.01,SILS-034-X,0.0525,L-MLCJ-BULK
L-MLCJ-BULK/FS.RND.G013-VER.01,EMU-PS-,0.0313,L-MLCJ-BULK
L-MLCJ-BULK/FS.RND.G013-VER.01,SILI-BELEG5-X,0.0100,L-MLCJ-BULK
L-MLCJ-BULK/FS.RND.G013-VER.01,PENG-NPGEHP-X,0.0080,L-MLCJ-BULK
L-MLCJ-BULK/FS.RND.G013-VER.01,EMO-SLCHS-X,0.0050,L-MLCJ-BULK
L-MLCJ-BULK/FS.RND.G013-VER.01,PEN-SENSC50-X,0.0040,L-MLCJ-BULK
L-MLCJ-BULK/FS.RND.G013-VER.01,ACTI-TINTT-X,0.0010,L-MLCJ-BULK
L-MLCJ-BULK/FS.RND.G013-VER.01,PARF-DLPZLE-X,0.0005,L-MLCJ-BULK
L-MLCJ-BULK/FS.RND.G013-VER.01,EMO-RFNJO-X,0.0001,L-MLCJ-BULK
L-MLCJ-BULK/FS.RND.G013-VER.01,VITA-DL E-MS,0.0001,L-MLCJ-BULK
L-MLCJ-BULK/FS.RND.G013-VER.01,WARN-C335138--K,0.0551,L-MLCJ-BULK
L-MLCJ-BULK/FS.RND.G013-VER.01,TITA-OTS2CR50-,0.0219,L-MLCJ-BULK
L-MLCJ-BULK/FS.RND.G013-VER.01,WARN-C196619-R6-K,0.0136,L-MLCJ-BULK
L-MLCJ-BULK/FS.RND.G013-VER.01,WARN-C338--K,0.0078,L-MLCJ-BULK
L-MLCJ-BULK/FS.RND.G013-VER.01,WARN-ABIO-X,0.0012,L-MLCJ-BULK
L-MLCK-BULK/FS.RND.G014-VER.01,BENT-BGISDV-X,0.2600,L-MLCK-BULK
L-MLCK-BULK/FS.RND.G014-VER.01,PURO-IDD-X,0.1925,L-MLCK-BULK
L-MLCK-BULK/FS.RND.G014-VER.01,SILI-DC-PSFCS-X,0.0800,L-MLCK-BULK
L-MLCK-BULK/FS.RND.G014-VER.01,SILI-BEL803-X,0.0700,L-MLCK-BULK
L-MLCK-BULK/FS.RND.G014-VER.01,WAX-SBWX--X,0.0600,L-MLCK-BULK
L-MLCK-BULK/FS.RND.G014-VER.01,SILC-AERSLR-X,0.0550,L-MLCK-BULK
L-MLCK-BULK/FS.RND.G014-VER.01,SILS-034-X,0.0525,L-MLCK-BULK
L-MLCK-BULK/FS.RND.G014-VER.01,HAIM-DIS-X,0.0500,L-MLCK-BULK
L-MLCK-BULK/FS.RND.G014-VER.01,EMU-PS-,0.0313,L-MLCK-BULK
L-MLCK-BULK/FS.RND.G014-VER.01,SILI-BELEG5-X,0.0100,L-MLCK-BULK
L-MLCK-BULK/FS.RND.G014-VER.01,PENG-NPGEHP-X,0.0080,L-MLCK-BULK
L-MLCK-BULK/FS.RND.G014-VER.01,EMO-SLCHS-X,0.0050,L-MLCK-BULK
L-MLCK-BULK/FS.RND.G014-VER.01,PEN-SENSC50-X,0.0040,L-MLCK-BULK
L-MLCK-BULK/FS.RND.G014-VER.01,ACTI-TINTT-X,0.0010,L-MLCK-BULK
L-MLCK-BULK/FS.RND.G014-VER.01,PARF-DLPZLE-X,0.0005,L-MLCK-BULK
L-MLCK-BULK/FS.RND.G014-VER.01,EMO-RFNJO-X,0.0001,L-MLCK-BULK
L-MLCK-BULK/FS.RND.G014-VER.01,VITA-DL E-MS,0.0001,L-MLCK-BULK
L-MLCK-BULK/FS.RND.G014-VER.01,WARN-C335138--K,0.0503,L-MLCK-BULK
L-MLCK-BULK/FS.RND.G014-VER.01,TITA-OTS2CR50-,0.0338,L-MLCK-BULK
L-MLCK-BULK/FS.RND.G014-VER.01,WARN-C338--K,0.0328,L-MLCK-BULK
L-MLCK-BULK/FS.RND.G014-VER.01,WARN-C196619-R6-K,0.0024,L-MLCK-BULK
L-MLCK-BULK/FS.RND.G014-VER.01,WARN-ABIO-X,0.0007,L-MLCK-BULK
L-MLCM-BULK/FS.RND.G016-VER.01,PENG-NPGEHP-X,0.0080,L-MLCM-BULK
L-MLCM-BULK/FS.RND.G016-VER.01,WARN-C338--K,0.0262,L-MLCM-BULK
L-MLCM-BULK/FS.RND.G016-VER.01,TITA-OTS2CR50-,0.0503,L-MLCM-BULK
L-MLCM-BULK/FS.RND.G016-VER.01,PARF-RSCFE-X,0.0005,L-MLCM-BULK
L-MLCM-BULK/FS.RND.G016-VER.01,PEN-SENSC50-X,0.0040,L-MLCM-BULK
L-MLCM-BULK/FS.RND.G016-VER.01,WARN-TOA403-KF,0.0174,L-MLCM-BULK
L-MLCM-BULK/FS.RND.G016-VER.01,PARF-VMR-X,0.0005,L-MLCM-BULK
L-MLCM-BULK/FS.RND.G016-VER.01,VITA-DL E-MS,0.0001,L-MLCM-BULK
L-MLCM-BULK/FS.RND.G016-VER.01,EMO-RFNJO-X,0.0001,L-MLCM-BULK
L-MLCM-BULK/FS.RND.G016-VER.01,WARN-C335138--K,0.0032,L-MLCM-BULK
L-MLCM-BULK/FS.RND.G016-VER.01,WARN-C19012-DCR6-K,0.0044,L-MLCM-BULK
L-MLCM-BULK/FS.RND.G016-VER.01,SILC-AERSLR-X,0.0500,L-MLCM-BULK
L-MLCM-BULK/FS.RND.G016-VER.01,EMO-SLCHS-X,0.0100,L-MLCM-BULK
L-MLCM-BULK/FS.RND.G016-VER.01,DRYF-PC-X,0.1800,L-MLCM-BULK
L-MLCM-BULK/FS.RND.G016-VER.01,PURO-IDD-X,0.2115,L-MLCM-BULK
L-MLCM-BULK/FS.RND.G016-VER.01,BENT-BGISDV-X,0.1600,L-MLCM-BULK
L-MLCM-BULK/FS.RND.G016-VER.01,SILI-DC-PSFCS-X,0.0800,L-MLCM-BULK
L-MLCM-BULK/FS.RND.G016-VER.01,SILI-BEL803-X,0.0700,L-MLCM-BULK
L-MLCM-BULK/FS.RND.G016-VER.01,SILI-BELEG5-X,0.0100,L-MLCM-BULK
L-MLCM-BULK/FS.RND.G016-VER.01,EMUL-EMILST-X,0.0100,L-MLCM-BULK
L-MLCM-BULK/FS.RND.G016-VER.01,SILS-034-X,0.0225,L-MLCM-BULK
L-MLCM-BULK/FS.RND.G016-VER.01,EMU-PS-,0.0313,L-MLCM-BULK
L-MLCM-BULK/FS.RND.G016-VER.01,HAIM-DIS-X,0.0500,L-MLCM-BULK
L-MLCN-BULK/FS.RND.G017-VER.01,EMO-RFNJO-X,0.0001,L-MLCN-BULK
L-MLCN-BULK/FS.RND.G017-VER.01,DRYF-PC-X,0.1800,L-MLCN-BULK
L-MLCN-BULK/FS.RND.G017-VER.01,PURO-IDD-X,0.2122,L-MLCN-BULK
L-MLCN-BULK/FS.RND.G017-VER.01,SILI-BEL803-X,0.0700,L-MLCN-BULK
L-MLCN-BULK/FS.RND.G017-VER.01,SILI-DC-PSFCS-X,0.0800,L-MLCN-BULK
L-MLCN-BULK/FS.RND.G017-VER.01,BENT-BGISDV-X,0.1600,L-MLCN-BULK
L-MLCN-BULK/FS.RND.G017-VER.01,SILS-034-X,0.0225,L-MLCN-BULK
L-MLCN-BULK/FS.RND.G017-VER.01,EMUL-EMILST-X,0.0100,L-MLCN-BULK
L-MLCN-BULK/FS.RND.G017-VER.01,SILI-BELEG5-X,0.0100,L-MLCN-BULK
L-MLCN-BULK/FS.RND.G017-VER.01,PARF-RSCFE-X,0.0005,L-MLCN-BULK
L-MLCN-BULK/FS.RND.G017-VER.01,PARF-VMR-X,0.0005,L-MLCN-BULK
L-MLCN-BULK/FS.RND.G017-VER.01,EMU-PS-,0.0313,L-MLCN-BULK
L-MLCN-BULK/FS.RND.G017-VER.01,HAIM-DIS-X,0.0500,L-MLCN-BULK
L-MLCN-BULK/FS.RND.G017-VER.01,SILC-AERSLR-X,0.0500,L-MLCN-BULK
L-MLCN-BULK/FS.RND.G017-VER.01,WARN-C338--K,0.0369,L-MLCN-BULK
L-MLCN-BULK/FS.RND.G017-VER.01,VITA-DL E-MS,0.0001,L-MLCN-BULK
L-MLCN-BULK/FS.RND.G017-VER.01,WARN-C19012-DCR6-K,0.0035,L-MLCN-BULK
L-MLCN-BULK/FS.RND.G017-VER.01,WARN-TOA403-KF,0.0101,L-MLCN-BULK
L-MLCN-BULK/FS.RND.G017-VER.01,TITA-OTS2CR50-,0.0201,L-MLCN-BULK
L-MLCN-BULK/FS.RND.G017-VER.01,WARN-C335138--K,0.0302,L-MLCN-BULK
L-MLCN-BULK/FS.RND.G017-VER.01,PEN-SENSC50-X,0.0040,L-MLCN-BULK
L-MLCN-BULK/FS.RND.G017-VER.01,PENG-NPGEHP-X,0.0080,L-MLCN-BULK
L-MLCN-BULK/FS.RND.G017-VER.01,EMO-SLCHS-X,0.0100,L-MLCN-BULK
L-MLCO-BULK/FS.RND.G018-VER.01,WARN-C19011-R7CL-K,0.0016,L-MLCO-BULK
L-MLCO-BULK/FS.RND.G018-VER.01,VITA-DL E-MS,0.0001,L-MLCO-BULK
L-MLCO-BULK/FS.RND.G018-VER.01,HAIM-DIS-X,0.0500,L-MLCO-BULK
L-MLCO-BULK/FS.RND.G018-VER.01,PARF-RSCFE-X,0.0005,L-MLCO-BULK
L-MLCO-BULK/FS.RND.G018-VER.01,SILI-BELEG5-X,0.0100,L-MLCO-BULK
L-MLCO-BULK/FS.RND.G018-VER.01,EMO-SLCHS-X,0.0100,L-MLCO-BULK
L-MLCO-BULK/FS.RND.G018-VER.01,WARN-C335138--K,0.0171,L-MLCO-BULK
L-MLCO-BULK/FS.RND.G018-VER.01,EMUL-EMILST-X,0.0100,L-MLCO-BULK
L-MLCO-BULK/FS.RND.G018-VER.01,SILS-034-X,0.0225,L-MLCO-BULK
L-MLCO-BULK/FS.RND.G018-VER.01,PENG-NPGEHP-X,0.0080,L-MLCO-BULK
L-MLCO-BULK/FS.RND.G018-VER.01,WARN-C19012-DCR6-K,0.0166,L-MLCO-BULK
L-MLCO-BULK/FS.RND.G018-VER.01,WARN-TOA403-KF,0.0387,L-MLCO-BULK
L-MLCO-BULK/FS.RND.G018-VER.01,PEN-SENSC50-X,0.0040,L-MLCO-BULK
L-MLCO-BULK/FS.RND.G018-VER.01,BENT-BGISDV-X,0.1600,L-MLCO-BULK
L-MLCO-BULK/FS.RND.G018-VER.01,SILC-AERSLR-X,0.0500,L-MLCO-BULK
L-MLCO-BULK/FS.RND.G018-VER.01,DRYF-PC-X,0.1800,L-MLCO-BULK
L-MLCO-BULK/FS.RND.G018-VER.01,WARN-C338--K,0.0145,L-MLCO-BULK
L-MLCO-BULK/FS.RND.G018-VER.01,PARF-VMR-X,0.0005,L-MLCO-BULK
L-MLCO-BULK/FS.RND.G018-VER.01,EMO-RFNJO-X,0.0001,L-MLCO-BULK
L-MLCO-BULK/FS.RND.G018-VER.01,SILI-BEL803-X,0.0700,L-MLCO-BULK
L-MLCO-BULK/FS.RND.G018-VER.01,EMU-PS-,0.0313,L-MLCO-BULK
L-MLCO-BULK/FS.RND.G018-VER.01,SILI-DC-PSFCS-X,0.0800,L-MLCO-BULK
L-MLCO-BULK/FS.RND.G018-VER.01,PURO-IDD-X,0.2245,L-MLCO-BULK
LT-CR01-BULK/17,OIL-OJJBIII-X,0.0050,LT-CR01-BULK
LT-CR01-BULK/17,SUN-MP-X,0.0800,LT-CR01-BULK
LT-CR01-BULK/17,PEN-PRSVPE-X,0.0080,LT-CR01-BULK
LT-CR01-BULK/17,MICA-SYR1F-X,0.0040,LT-CR01-BULK
LT-CR01-BULK/17,PEN-SENSC50-X,0.0040,LT-CR01-BULK
LT-CR01-BULK/17,OIL-AVSB-X,0.0010,LT-CR01-BULK
LT-CR01-BULK/17,BENT-BGVS5PC-X,0.0850,LT-CR01-BULK
LT-CR01-BULK/17,ALUM-MN10D-X,0.0010,LT-CR01-BULK
LT-CR01-BULK/17,VITA-DL E-MS,0.0020,LT-CR01-BULK
LT-CR01-BULK/17,EKS-HLE-X,0.0010,LT-CR01-BULK
LT-CR01-BULK/17,WARN-C196619-R6-K,0.0020,LT-CR01-BULK
LT-CR01-BULK/17,PARF-VMR-X,0.0001,LT-CR01-BULK
LT-CR01-BULK/17,WARN-C338--K,0.0271,LT-CR01-BULK
LT-CR01-BULK/17,EMU-VME5-X,0.1000,LT-CR01-BULK
LT-CR01-BULK/17,EXTR-DB-,0.0005,LT-CR01-BULK
LT-CR01-BULK/17,PURO-IDD-X,0.1909,LT-CR01-BULK
LT-CR01-BULK/17,WARN-UNK753-X,0.0015,LT-CR01-BULK
LT-CR01-BULK/17,WARN-C335138--K,0.0102,LT-CR01-BULK
LT-CR01-BULK/17,WARN-UNPBRWNL88-X,0.0184,LT-CR01-BULK
LT-CR01-BULK/17,SILI-ECDC-X,0.2300,LT-CR01-BULK
LT-CR01-BULK/17,TITA-OTS2CR50-,0.0133,LT-CR01-BULK
LT-CR01-BULK/17,SILS-034-X,0.0100,LT-CR01-BULK
LT-CR01-BULK/17,ARMO-HD--K,0.0100,LT-CR01-BULK
LT-CR01-BULK/17,EMU-HP30-X,0.0100,LT-CR01-BULK
LT-CR01-BULK/17,EMU-ACT-X,0.0200,LT-CR01-BULK
LT-CR01-BULK/17,WAX-PFRMSW-X,0.0400,LT-CR01-BULK
LT-CR01-BULK/17,EMU-FLRM-X,0.0350,LT-CR01-BULK
LT-CR01-BULK/17,SILI-BEL803-X,0.0500,LT-CR01-BULK
LT-CR01-BULK/17,HAIM-DIS-X,0.0400,LT-CR01-BULK
L-LS-SR-BULK/4,BUTT-EBUSA-SBUR,0.0500,L-LS-SR-BULK
L-LS-SR-BULK/4,WAX-SBWX--X,0.1400,L-LS-SR-BULK
L-LS-SR-BULK/4,GULA-R1-X,0.3700,L-LS-SR-BULK
L-LS-SR-BULK/4,SFT-S649-X,0.0500,L-LS-SR-BULK
L-LS-SR-BULK/4,PAS--,0.0200,L-LS-SR-BULK
L-LS-SR-BULK/4,EVOI-APKR-X,0.0200,L-LS-SR-BULK
L-LS-SR-BULK/4,PARF-VMR-X,0.0010,L-LS-SR-BULK
L-LS-SR-BULK/4,MC3-30-SF,0.0800,L-LS-SR-BULK
L-LS-SR-BULK/4,ACTI-VEAC-X,0.0300,L-LS-SR-BULK
L-LS-SR-BULK/4,OIL-CO-F,0.0200,L-LS-SR-BULK
L-LS-SR-BULK/4,SQUA-AMYR-X,0.1170,L-LS-SR-BULK
L-LS-SR-BULK/4,VCIP---K,0.0050,L-LS-SR-BULK
L-LS-SR-BULK/4,BASI-LP20H-X,0.0200,L-LS-SR-BULK
L-LS-SR-BULK/4,CABO-M5-X,0.0350,L-LS-SR-BULK
L-LS-SR-BULK/4,OIL-OJJBIII-X,0.0100,L-LS-SR-BULK
L-LS-SR-BULK/4,EXTR-DB-,0.0100,L-LS-SR-BULK
L-LS-SR-BULK/4,OIL-ORJVA-X,0.0100,L-LS-SR-BULK
L-LS-SR-BULK/4,PARF-VL-R0701531,0.0010,L-LS-SR-BULK
L-LS-SR-BULK/4,BHT-CRTL-X,0.0010,L-LS-SR-BULK
L-LS-SR-BULK/4,SCRU-LPAPS4060-X,0.0050,L-LS-SR-BULK
L-LS-SR-BULK/4,PENG-PNX-X,0.0050,L-LS-SR-BULK
M-WHPG-BULK/FF.RND.W415.06,AIR-RO--L,0.7472,M-WHPG-BULK
M-WHPG-BULK/FF.RND.W415.06,EXTR-WTCHPF-X,0.0400,M-WHPG-BULK
M-WHPG-BULK/FF.RND.W415.06,CRO1-GTCC-,0.0500,M-WHPG-BULK
M-WHPG-BULK/FF.RND.W415.06,SOLV-BGKHN-X,0.0136,M-WHPG-BULK
M-WHPG-BULK/FF.RND.W415.06,WARN-K-BULK,0.0002,M-WHPG-BULK
M-WHPG-BULK/FF.RND.W415.06,LAR-BE-BULK,0.0094,M-WHPG-BULK
M-WHPG-BULK/FF.RND.W415.06,BHT-CRTL-X,0.0010,M-WHPG-BULK
M-WHPG-BULK/FF.RND.W415.06,PARF-CFLYFGT-X,0.0015,M-WHPG-BULK
M-WHPG-BULK/FF.RND.W415.06,ALAN--AK-K,0.0020,M-WHPG-BULK
M-WHPG-BULK/FF.RND.W415.06,GLYC--ECOS-K,0.0320,M-WHPG-BULK
M-WHPG-BULK/FF.RND.W415.06,SILI-1202-,0.0300,M-WHPG-BULK
M-WHPG-BULK/FF.RND.W415.06,SQUA-AMYR-X,0.0300,M-WHPG-BULK
M-WHPG-BULK/FF.RND.W415.06,TRI--DOW-K,0.0031,M-WHPG-BULK
M-WHPG-BULK/FF.RND.W415.06,CHAM-COSM-,0.0100,M-WHPG-BULK
M-WHPG-BULK/FF.RND.W415.06,THIC-NOVEEC1L-,0.0090,M-WHPG-BULK
M-WHPG-BULK/FF.RND.W415.06,PANT--DL-K,0.0050,M-WHPG-BULK
M-WHPG-BULK/FF.RND.W415.06,CARB-UT-,0.0020,M-WHPG-BULK
M-WHPG-BULK/FF.RND.W415.06,PEN-EUXK900-X,0.0080,M-WHPG-BULK
M-WHPG-BULK/FF.RND.W415.06,VITA-DL E-MS,0.0010,M-WHPG-BULK
M-WHPG-BULK/FF.RND.W415.06,SILI-DC21-,0.0050,M-WHPG-BULK
F-L01-BULK/FF.RND.G039.03,VITA-DL E-MS,0.0001,F-L01-BULK
F-L01-BULK/FF.RND.G039.03,OIL-OJJBIII-X,0.0000,F-L01-BULK
F-L01-BULK/FF.RND.G039.03,UVIN-MC80-BASF,0.0500,F-L01-BULK
F-L01-BULK/FF.RND.G039.03,ARMO-HD--K,0.0450,F-L01-BULK
F-L01-BULK/FF.RND.G039.03,WARN-S12RN217--K,0.0034,F-L01-BULK
F-L01-BULK/FF.RND.G039.03,PURO-IDD-X,0.0650,F-L01-BULK
F-L01-BULK/FF.RND.G039.03,GARA-RFS-X,0.0080,F-L01-BULK
F-L01-BULK/FF.RND.G039.03,PEN-PRSVPE-X,0.0100,F-L01-BULK
F-L01-BULK/FF.RND.G039.03,AIR-RO--L,0.5415,F-L01-BULK
F-L01-BULK/FF.RND.G039.03,SOLV-BGKHN-X,0.0400,F-L01-BULK
F-L01-BULK/FF.RND.G039.03,STEA-DSP300-X,0.0010,F-L01-BULK
F-L01-BULK/FF.RND.G039.03,PARF-SOJMLF-X,0.0005,F-L01-BULK
F-L01-BULK/FF.RND.G039.03,AGF-9051-X,0.0300,F-L01-BULK
F-L01-BULK/FF.RND.G039.03,EMUL-KF6017-X,0.0200,F-L01-BULK
F-L01-BULK/FF.RND.G039.03,WARN-S12YL--K,0.0090,F-L01-BULK
F-L01-BULK/FF.RND.G039.03,SALA-99--K,0.0150,F-L01-BULK
F-L01-BULK/FF.RND.G039.03,POWD-TDMS-,0.0200,F-L01-BULK
F-L01-BULK/FF.RND.G039.03,TIT-CR50HD-X,0.0950,F-L01-BULK
F-L01-BULK/FF.RND.G039.03,GLYC--ECOS-K,0.0200,F-L01-BULK
F-L01-BULK/FF.RND.G039.03,CRLL-4-C-K,0.0060,F-L01-BULK
F-L01-BULK/FF.RND.G039.03,EDT-B--K,0.0005,F-L01-BULK
F-L01-BULK/FF.RND.G039.03,BENT-BGISDV-X,0.0200,F-L01-BULK
F-L04-BULK/FF.RND.G042.04,PURO-IDD-X,0.0650,F-L04-BULK
F-L04-BULK/FF.RND.G042.04,PARF-SOJMLF-X,0.0005,F-L04-BULK
F-L04-BULK/FF.RND.G042.04,GARA-RFS-X,0.0080,F-L04-BULK
F-L04-BULK/FF.RND.G042.04,WARN-S12YL--K,0.0150,F-L04-BULK
F-L04-BULK/FF.RND.G042.04,AIR-RO--L,0.5636,F-L04-BULK
F-L04-BULK/FF.RND.G042.04,VITA-DL E-MS,0.0001,F-L04-BULK
F-L04-BULK/FF.RND.G042.04,BENT-BGISDV-X,0.0200,F-L04-BULK
F-L04-BULK/FF.RND.G042.04,STEA-DSP300-X,0.0010,F-L04-BULK
F-L04-BULK/FF.RND.G042.04,PEN-PRSVPE-X,0.0100,F-L04-BULK
F-L04-BULK/FF.RND.G042.04,CRLL-4-C-K,0.0060,F-L04-BULK
F-L04-BULK/FF.RND.G042.04,GLYC--ECOS-K,0.0200,F-L04-BULK
F-L04-BULK/FF.RND.G042.04,WARN-TE--PBULK,0.0008,F-L04-BULK
F-L04-BULK/FF.RND.G042.04,SOLV-BGKHN-X,0.0400,F-L04-BULK
F-L04-BULK/FF.RND.G042.04,POWD-TDMS-,0.0200,F-L04-BULK
F-L04-BULK/FF.RND.G042.04,ARMO-HD--K,0.0450,F-L04-BULK
F-L04-BULK/FF.RND.G042.04,UVIN-MC80-BASF,0.0500,F-L04-BULK
F-L04-BULK/FF.RND.G042.04,EMUL-KF6017-X,0.0200,F-L04-BULK
F-L04-BULK/FF.RND.G042.04,AGF-9051-X,0.0300,F-L04-BULK
F-L04-BULK/FF.RND.G042.04,WARN-S12RN217--K,0.0040,F-L04-BULK
F-L04-BULK/FF.RND.G042.04,EDT-B--K,0.0005,F-L04-BULK
F-L04-BULK/FF.RND.G042.04,SALA-99--K,0.0150,F-L04-BULK
F-L04-BULK/FF.RND.G042.04,OIL-OJJBIII-X,0.0000,F-L04-BULK
F-L04-BULK/FF.RND.G042.04,TIT-CR50HD-X,0.0655,F-L04-BULK
LB-V-BULK/FF.RND.T034.05,WAX-B-BR,0.3000,LB-V-BULK
LB-V-BULK/FF.RND.T034.05,OIL-BLWHMO-X,0.2909,LB-V-BULK
LB-V-BULK/FF.RND.T034.05,MWAX-SP19-X,0.1000,LB-V-BULK
LB-V-BULK/FF.RND.T034.05,UVIN-MC80-BASF,0.0650,LB-V-BULK
LB-V-BULK/FF.RND.T034.05,MC3-300-SF,0.0500,LB-V-BULK
LB-V-BULK/FF.RND.T034.05,ASO--KB-K,0.0300,LB-V-BULK
LB-V-BULK/FF.RND.T034.05,OIL-OJJBIII-X,0.0300,LB-V-BULK
LB-V-BULK/FF.RND.T034.05,OIL-ORJVA-X,0.0300,LB-V-BULK
LB-V-BULK/FF.RND.T034.05,SQUA-PRT-X,0.0300,LB-V-BULK
LB-V-BULK/FF.RND.T034.05,PARS-1789-,0.0300,LB-V-BULK
LB-V-BULK/FF.RND.T034.05,COSM-222--K,0.0200,LB-V-BULK
LB-V-BULK/FF.RND.T034.05,PARF-VMR-X,0.0100,LB-V-BULK
LB-V-BULK/FF.RND.T034.05,ACTI-VEAC-X,0.0100,LB-V-BULK
LB-V-BULK/FF.RND.T034.05,WARN-TI---MKR,0.0022,LB-V-BULK
LB-V-BULK/FF.RND.T034.05,BHT-CRTL-X,0.0010,LB-V-BULK
LB-V-BULK/FF.RND.T034.05,NIPA-S--K,0.0010,LB-V-BULK
CUS-IPA-BULK/FF.RND.W1018.04,AIR-RO--L,0.2900,CUS-IPA-BULK
CUS-IPA-BULK/FF.RND.W1018.04,UVIN-MC80-BASF,0.0900,CUS-IPA-BULK
CUS-IPA-BULK/FF.RND.W1018.04,PR-ZPRDL-X,0.0500,CUS-IPA-BULK
CUS-IPA-BULK/FF.RND.W1018.04,SILI-KFFA-X,0.0450,CUS-IPA-BULK
CUS-IPA-BULK/FF.RND.W1018.04,BENT-BGVS5PC-X,0.0400,CUS-IPA-BULK
CUS-IPA-BULK/FF.RND.W1018.04,SUNS-PEHS-X,0.0400,CUS-IPA-BULK
CUS-IPA-BULK/FF.RND.W1018.04,EMUL-KF68-X,0.0350,CUS-IPA-BULK
CUS-IPA-BULK/FF.RND.W1018.04,SILI-BDP-X,0.0376,CUS-IPA-BULK
CUS-IPA-BULK/FF.RND.W1018.04,TIT-T85-X,0.0300,CUS-IPA-BULK
CUS-IPA-BULK/FF.RND.W1018.04,CRO1-ML-,0.0200,CUS-IPA-BULK
CUS-IPA-BULK/FF.RND.W1018.04,EMU-LEX7-X,0.0200,CUS-IPA-BULK
CUS-IPA-BULK/FF.RND.W1018.04,GLYC--ECOS-K,0.0200,CUS-IPA-BULK
CUS-IPA-BULK/FF.RND.W1018.04,SILI-MCMA-X,0.0200,CUS-IPA-BULK
CUS-IPA-BULK/FF.RND.W1018.04,SILI-BEL803-X,0.0160,CUS-IPA-BULK
CUS-IPA-BULK/FF.RND.W1018.04,MOIS-TR100-X,0.0150,CUS-IPA-BULK
CUS-IPA-BULK/FF.RND.W1018.04,SUCR-AC01-X,0.0120,CUS-IPA-BULK
CUS-IPA-BULK/FF.RND.W1018.04,ORGA-EXD-ARK,0.0120,CUS-IPA-BULK
CUS-IPA-BULK/FF.RND.W1018.04,SILI-KF54HV-X,0.0100,CUS-IPA-BULK
CUS-IPA-BULK/FF.RND.W1018.04,PWD-SYS-X,0.0100,CUS-IPA-BULK
CUS-IPA-BULK/FF.RND.W1018.04,THIC-RMGSO4-X,0.0100,CUS-IPA-BULK
CUS-IPA-BULK/FF.RND.W1018.04,EMUL-KF6017-X,0.0090,CUS-IPA-BULK
CUS-IPA-BULK/FF.RND.W1018.04,SILC-SP500LS-X,0.0090,CUS-IPA-BULK
CUS-IPA-BULK/FF.RND.W1018.04,PEN-PRSVPE-X,0.0080,CUS-IPA-BULK
CUS-IPA-BULK/FF.RND.W1018.04,STEA-DSP300-X,0.0050,CUS-IPA-BULK
CUS-IPA-BULK/FF.RND.W1018.04,VITA-DL E-MS,0.0050,CUS-IPA-BULK
CUS-IPA-BULK/FF.RND.W1018.04,PEN-SENSC50-X,0.0040,CUS-IPA-BULK
CUS-IPA-BULK/FF.RND.W1018.04,PENG-SYM68-X,0.0030,CUS-IPA-BULK
CUS-IPA-BULK/FF.RND.W1018.04,SILD--SI5H52D-K,0.0030,CUS-IPA-BULK
CUS-IPA-BULK/FF.RND.W1018.04,ALAN--AK-K,0.0010,CUS-IPA-BULK
CUS-IPA-BULK/FF.RND.W1018.04,EDT-B--K,0.0010,CUS-IPA-BULK
CUS-IPA-BULK/FF.RND.W1018.04,ACTI-ECTC-X,0.0003,CUS-IPA-BULK
CUS-IPA-BULK/FF.RND.W1018.04,BIO-HYAL-BIL,0.0002,CUS-IPA-BULK
CUS-IPA-BULK/FF.RND.W1018.04,TITA-CROTS-X,0.1130,CUS-IPA-BULK
CUS-IPA-BULK/FF.RND.W1018.04,WARN-RED3AS-X,0.0038,CUS-IPA-BULK
CUS-IPA-BULK/FF.RND.W1018.04,WARN-YLW3AS-X,0.0115,CUS-IPA-BULK
CUS-IPA-BULK/FF.RND.W1018.04,WARN-BLCK3AS-X,0.0006,CUS-IPA-BULK
CUS-IPB-BULK/FF.RND.W1019.04,AIR-RO--L,0.2900,CUS-IPB-BULK
CUS-IPB-BULK/FF.RND.W1019.04,UVIN-MC80-BASF,0.0900,CUS-IPB-BULK
CUS-IPB-BULK/FF.RND.W1019.04,PR-ZPRDL-X,0.0500,CUS-IPB-BULK
CUS-IPB-BULK/FF.RND.W1019.04,SILI-KFFA-X,0.0450,CUS-IPB-BULK
CUS-IPB-BULK/FF.RND.W1019.04,BENT-BGVS5PC-X,0.0400,CUS-IPB-BULK
CUS-IPB-BULK/FF.RND.W1019.04,SUNS-PEHS-X,0.0400,CUS-IPB-BULK
CUS-IPB-BULK/FF.RND.W1019.04,EMUL-KF68-X,0.0350,CUS-IPB-BULK
CUS-IPB-BULK/FF.RND.W1019.04,SILI-BDP-X,0.0534,CUS-IPB-BULK
CUS-IPB-BULK/FF.RND.W1019.04,TIT-T85-X,0.0300,CUS-IPB-BULK
CUS-IPB-BULK/FF.RND.W1019.04,CRO1-ML-,0.0200,CUS-IPB-BULK
CUS-IPB-BULK/FF.RND.W1019.04,EMU-LEX7-X,0.0200,CUS-IPB-BULK
CUS-IPB-BULK/FF.RND.W1019.04,GLYC--ECOS-K,0.0200,CUS-IPB-BULK
CUS-IPB-BULK/FF.RND.W1019.04,SILI-MCMA-X,0.0200,CUS-IPB-BULK
CUS-IPB-BULK/FF.RND.W1019.04,SILI-BEL803-X,0.0160,CUS-IPB-BULK
CUS-IPB-BULK/FF.RND.W1019.04,MOIS-TR100-X,0.0150,CUS-IPB-BULK
CUS-IPB-BULK/FF.RND.W1019.04,SUCR-AC01-X,0.0120,CUS-IPB-BULK
CUS-IPB-BULK/FF.RND.W1019.04,ORGA-EXD-ARK,0.0120,CUS-IPB-BULK
CUS-IPB-BULK/FF.RND.W1019.04,SILI-KF54HV-X,0.0100,CUS-IPB-BULK
CUS-IPB-BULK/FF.RND.W1019.04,PWD-SYS-X,0.0100,CUS-IPB-BULK
CUS-IPB-BULK/FF.RND.W1019.04,THIC-RMGSO4-X,0.0100,CUS-IPB-BULK
CUS-IPB-BULK/FF.RND.W1019.04,EMUL-KF6017-X,0.0090,CUS-IPB-BULK
CUS-IPB-BULK/FF.RND.W1019.04,SILC-SP500LS-X,0.0090,CUS-IPB-BULK
CUS-IPB-BULK/FF.RND.W1019.04,PEN-PRSVPE-X,0.0080,CUS-IPB-BULK
CUS-IPB-BULK/FF.RND.W1019.04,STEA-DSP300-X,0.0050,CUS-IPB-BULK
CUS-IPB-BULK/FF.RND.W1019.04,VITA-DL E-MS,0.0050,CUS-IPB-BULK
CUS-IPB-BULK/FF.RND.W1019.04,PEN-SENSC50-X,0.0040,CUS-IPB-BULK
CUS-IPB-BULK/FF.RND.W1019.04,PENG-SYM68-X,0.0030,CUS-IPB-BULK
CUS-IPB-BULK/FF.RND.W1019.04,SILD--SI5H52D-K,0.0030,CUS-IPB-BULK
CUS-IPB-BULK/FF.RND.W1019.04,ALAN--AK-K,0.0010,CUS-IPB-BULK
CUS-IPB-BULK/FF.RND.W1019.04,EDT-B--K,0.0010,CUS-IPB-BULK
CUS-IPB-BULK/FF.RND.W1019.04,ACTI-ECTC-X,0.0003,CUS-IPB-BULK
CUS-IPB-BULK/FF.RND.W1019.04,BIO-HYAL-BIL,0.0002,CUS-IPB-BULK
CUS-IPB-BULK/FF.RND.W1019.04,TITA-CROTS-X,0.0915,CUS-IPB-BULK
CUS-IPB-BULK/FF.RND.W1019.04,WARN-RED3AS-X,0.0033,CUS-IPB-BULK
CUS-IPB-BULK/FF.RND.W1019.04,WARN-YLW3AS-X,0.0160,CUS-IPB-BULK
CUS-IPB-BULK/FF.RND.W1019.04,WARN-BLCK3AS-X,0.0023,CUS-IPB-BULK
CUS-IPC-BULK/FF.RND.W1020.04,AIR-RO--L,0.2900,CUS-IPC-BULK
CUS-IPC-BULK/FF.RND.W1020.04,UVIN-MC80-BASF,0.0900,CUS-IPC-BULK
CUS-IPC-BULK/FF.RND.W1020.04,PR-ZPRDL-X,0.0500,CUS-IPC-BULK
CUS-IPC-BULK/FF.RND.W1020.04,SILI-KFFA-X,0.0450,CUS-IPC-BULK
CUS-IPC-BULK/FF.RND.W1020.04,BENT-BGVS5PC-X,0.0400,CUS-IPC-BULK
CUS-IPC-BULK/FF.RND.W1020.04,SUNS-PEHS-X,0.0400,CUS-IPC-BULK
CUS-IPC-BULK/FF.RND.W1020.04,EMUL-KF68-X,0.0350,CUS-IPC-BULK
CUS-IPC-BULK/FF.RND.W1020.04,SILI-BDP-X,0.0452,CUS-IPC-BULK
CUS-IPC-BULK/FF.RND.W1020.04,TIT-T85-X,0.0300,CUS-IPC-BULK
CUS-IPC-BULK/FF.RND.W1020.04,CRO1-ML-,0.0200,CUS-IPC-BULK
CUS-IPC-BULK/FF.RND.W1020.04,EMU-LEX7-X,0.0200,CUS-IPC-BULK
CUS-IPC-BULK/FF.RND.W1020.04,GLYC--ECOS-K,0.0200,CUS-IPC-BULK
CUS-IPC-BULK/FF.RND.W1020.04,SILI-MCMA-X,0.0200,CUS-IPC-BULK
CUS-IPC-BULK/FF.RND.W1020.04,SILI-BEL803-X,0.0160,CUS-IPC-BULK
CUS-IPC-BULK/FF.RND.W1020.04,MOIS-TR100-X,0.0150,CUS-IPC-BULK
CUS-IPC-BULK/FF.RND.W1020.04,SUCR-AC01-X,0.0120,CUS-IPC-BULK
CUS-IPC-BULK/FF.RND.W1020.04,ORGA-EXD-ARK,0.0120,CUS-IPC-BULK
CUS-IPC-BULK/FF.RND.W1020.04,SILI-KF54HV-X,0.0100,CUS-IPC-BULK
CUS-IPC-BULK/FF.RND.W1020.04,PWD-SYS-X,0.0100,CUS-IPC-BULK
CUS-IPC-BULK/FF.RND.W1020.04,THIC-RMGSO4-X,0.0100,CUS-IPC-BULK
CUS-IPC-BULK/FF.RND.W1020.04,EMUL-KF6017-X,0.0090,CUS-IPC-BULK
CUS-IPC-BULK/FF.RND.W1020.04,SILC-SP500LS-X,0.0090,CUS-IPC-BULK
CUS-IPC-BULK/FF.RND.W1020.04,PEN-PRSVPE-X,0.0080,CUS-IPC-BULK
CUS-IPC-BULK/FF.RND.W1020.04,STEA-DSP300-X,0.0050,CUS-IPC-BULK
CUS-IPC-BULK/FF.RND.W1020.04,VITA-DL E-MS,0.0050,CUS-IPC-BULK
CUS-IPC-BULK/FF.RND.W1020.04,PEN-SENSC50-X,0.0040,CUS-IPC-BULK
CUS-IPC-BULK/FF.RND.W1020.04,PENG-SYM68-X,0.0030,CUS-IPC-BULK
CUS-IPC-BULK/FF.RND.W1020.04,SILD--SI5H52D-K,0.0030,CUS-IPC-BULK
CUS-IPC-BULK/FF.RND.W1020.04,ALAN--AK-K,0.0010,CUS-IPC-BULK
CUS-IPC-BULK/FF.RND.W1020.04,EDT-B--K,0.0010,CUS-IPC-BULK
CUS-IPC-BULK/FF.RND.W1020.04,ACTI-ECTC-X,0.0003,CUS-IPC-BULK
CUS-IPC-BULK/FF.RND.W1020.04,BIO-HYAL-BIL,0.0002,CUS-IPC-BULK
CUS-IPC-BULK/FF.RND.W1020.04,TITA-CROTS-X,0.0940,CUS-IPC-BULK
CUS-IPC-BULK/FF.RND.W1020.04,WARN-RED3AS-X,0.0041,CUS-IPC-BULK
CUS-IPC-BULK/FF.RND.W1020.04,WARN-YLW3AS-X,0.0220,CUS-IPC-BULK
CUS-IPC-BULK/FF.RND.W1020.04,WARN-BLCK3AS-X,0.0012,CUS-IPC-BULK
A-PFC-BULK/8,TEGO-L7-1--K,0.1500,A-PFC-BULK
A-PFC-BULK/8,AIR-RO--L,0.5514,A-PFC-BULK
A-PFC-BULK/8,PROP-PGESK-X,0.0500,A-PFC-BULK
A-PFC-BULK/8,CUTI---K,0.0100,A-PFC-BULK
A-PFC-BULK/8,TEXA---K,0.1000,A-PFC-BULK
A-PFC-BULK/8,AQUA---K,0.0100,A-PFC-BULK
A-PFC-BULK/8,MEDI-MDL-MGS,0.0500,A-PFC-BULK
A-PFC-BULK/8,THIC-GLD120T-X,0.0150,A-PFC-BULK
A-PFC-BULK/8,EMUL-PLUP-X,0.0300,A-PFC-BULK
A-PFC-BULK/8,GLUZ-GLUZ-,0.0100,A-PFC-BULK
A-PFC-BULK/8,PENG-GL-LON,0.0040,A-PFC-BULK
A-PFC-BULK/8,ASAM-SCAD-X,0.0050,A-PFC-BULK
A-PFC-BULK/8,PARF-SILK-,0.0030,A-PFC-BULK
A-PFC-BULK/8,TRI--DOW-K,0.0026,A-PFC-BULK
A-PFC-BULK/8,EDT-B--K,0.0010,A-PFC-BULK
A-PFC-BULK/8,ALAN-SL--X,0.0010,A-PFC-BULK
A-PFC-BULK/8,GARA-VCNI-X,0.0070,A-PFC-BULK
LB-M-BULK/FF.RND.M043.06,WAX-B-BR,0.3000,LB-M-BULK
LB-M-BULK/FF.RND.M043.06,OIL-BLWHMO-X,0.2819,LB-M-BULK
LB-M-BULK/FF.RND.M043.06,MWAX-SP19-X,0.1000,LB-M-BULK
LB-M-BULK/FF.RND.M043.06,UVIN-MC80-BASF,0.0650,LB-M-BULK
LB-M-BULK/FF.RND.M043.06,MC3-300-SF,0.0500,LB-M-BULK
LB-M-BULK/FF.RND.M043.06,ASO--KB-K,0.0300,LB-M-BULK
LB-M-BULK/FF.RND.M043.06,OIL-OJJBIII-X,0.0300,LB-M-BULK
LB-M-BULK/FF.RND.M043.06,OIL-ORJVA-X,0.0300,LB-M-BULK
LB-M-BULK/FF.RND.M043.06,SQUA-PRT-X,0.0300,LB-M-BULK
LB-M-BULK/FF.RND.M043.06,PARS-1789-,0.0300,LB-M-BULK
LB-M-BULK/FF.RND.M043.06,COSM-222--K,0.0200,LB-M-BULK
LB-M-BULK/FF.RND.M043.06,PARF-MLPMD-X,0.0200,LB-M-BULK
LB-M-BULK/FF.RND.M043.06,ACTI-VEAC-X,0.0100,LB-M-BULK
LB-M-BULK/FF.RND.M043.06,BHT-CRTL-X,0.0010,LB-M-BULK
LB-M-BULK/FF.RND.M043.06,NIPA-S--K,0.0010,LB-M-BULK
LB-M-BULK/FF.RND.M043.06,WARN-DCY10AL-X,0.0008,LB-M-BULK
LB-M-BULK/FF.RND.M043.06,WARN-COSG--K,0.0003,LB-M-BULK
CUS-IPE-BULK/FF.RND.W1022.04,AIR-RO--L,0.2900,CUS-IPE-BULK
CUS-IPE-BULK/FF.RND.W1022.04,UVIN-MC80-BASF,0.0900,CUS-IPE-BULK
CUS-IPE-BULK/FF.RND.W1022.04,PR-ZPRDL-X,0.0500,CUS-IPE-BULK
CUS-IPE-BULK/FF.RND.W1022.04,SILI-KFFA-X,0.0450,CUS-IPE-BULK
CUS-IPE-BULK/FF.RND.W1022.04,BENT-BGVS5PC-X,0.0400,CUS-IPE-BULK
CUS-IPE-BULK/FF.RND.W1022.04,SUNS-PEHS-X,0.0400,CUS-IPE-BULK
CUS-IPE-BULK/FF.RND.W1022.04,EMUL-KF68-X,0.0350,CUS-IPE-BULK
CUS-IPE-BULK/FF.RND.W1022.04,SILI-BDP-X,0.0477,CUS-IPE-BULK
CUS-IPE-BULK/FF.RND.W1022.04,TIT-T85-X,0.0300,CUS-IPE-BULK
CUS-IPE-BULK/FF.RND.W1022.04,CRO1-ML-,0.0200,CUS-IPE-BULK
CUS-IPE-BULK/FF.RND.W1022.04,EMU-LEX7-X,0.0200,CUS-IPE-BULK
CUS-IPE-BULK/FF.RND.W1022.04,GLYC--ECOS-K,0.0200,CUS-IPE-BULK
CUS-IPE-BULK/FF.RND.W1022.04,SILI-MCMA-X,0.0200,CUS-IPE-BULK
CUS-IPE-BULK/FF.RND.W1022.04,SILI-BEL803-X,0.0160,CUS-IPE-BULK
CUS-IPE-BULK/FF.RND.W1022.04,MOIS-TR100-X,0.0150,CUS-IPE-BULK
CUS-IPE-BULK/FF.RND.W1022.04,SUCR-AC01-X,0.0120,CUS-IPE-BULK
CUS-IPE-BULK/FF.RND.W1022.04,ORGA-EXD-ARK,0.0120,CUS-IPE-BULK
CUS-IPE-BULK/FF.RND.W1022.04,SILI-KF54HV-X,0.0100,CUS-IPE-BULK
CUS-IPE-BULK/FF.RND.W1022.04,PWD-SYS-X,0.0100,CUS-IPE-BULK
CUS-IPE-BULK/FF.RND.W1022.04,THIC-RMGSO4-X,0.0100,CUS-IPE-BULK
CUS-IPE-BULK/FF.RND.W1022.04,EMUL-KF6017-X,0.0090,CUS-IPE-BULK
CUS-IPE-BULK/FF.RND.W1022.04,SILC-SP500LS-X,0.0090,CUS-IPE-BULK
CUS-IPE-BULK/FF.RND.W1022.04,PEN-PRSVPE-X,0.0080,CUS-IPE-BULK
CUS-IPE-BULK/FF.RND.W1022.04,STEA-DSP300-X,0.0050,CUS-IPE-BULK
CUS-IPE-BULK/FF.RND.W1022.04,VITA-DL E-MS,0.0050,CUS-IPE-BULK
CUS-IPE-BULK/FF.RND.W1022.04,PEN-SENSC50-X,0.0040,CUS-IPE-BULK
CUS-IPE-BULK/FF.RND.W1022.04,PENG-SYM68-X,0.0030,CUS-IPE-BULK
CUS-IPE-BULK/FF.RND.W1022.04,SILD--SI5H52D-K,0.0030,CUS-IPE-BULK
CUS-IPE-BULK/FF.RND.W1022.04,ALAN--AK-K,0.0010,CUS-IPE-BULK
CUS-IPE-BULK/FF.RND.W1022.04,EDT-B--K,0.0010,CUS-IPE-BULK
CUS-IPE-BULK/FF.RND.W1022.04,ACTI-ECTC-X,0.0003,CUS-IPE-BULK
CUS-IPE-BULK/FF.RND.W1022.04,BIO-HYAL-BIL,0.0002,CUS-IPE-BULK
CUS-IPE-BULK/FF.RND.W1022.04,TITA-CROTS-X,0.0750,CUS-IPE-BULK
CUS-IPE-BULK/FF.RND.W1022.04,WARN-RED3AS-X,0.0068,CUS-IPE-BULK
CUS-IPE-BULK/FF.RND.W1022.04,WARN-YLW3AS-X,0.0330,CUS-IPE-BULK
CUS-IPE-BULK/FF.RND.W1022.04,WARN-BLCK3AS-X,0.0040,CUS-IPE-BULK
CUS-IPD-BULK/FF.RND.W1021.04,AIR-RO--L,0.2900,CUS-IPD-BULK
CUS-IPD-BULK/FF.RND.W1021.04,UVIN-MC80-BASF,0.0900,CUS-IPD-BULK
CUS-IPD-BULK/FF.RND.W1021.04,PR-ZPRDL-X,0.0500,CUS-IPD-BULK
CUS-IPD-BULK/FF.RND.W1021.04,SILI-KFFA-X,0.0450,CUS-IPD-BULK
CUS-IPD-BULK/FF.RND.W1021.04,BENT-BGVS5PC-X,0.0400,CUS-IPD-BULK
CUS-IPD-BULK/FF.RND.W1021.04,SUNS-PEHS-X,0.0400,CUS-IPD-BULK
CUS-IPD-BULK/FF.RND.W1021.04,EMUL-KF68-X,0.0350,CUS-IPD-BULK
CUS-IPD-BULK/FF.RND.W1021.04,SILI-BDP-X,0.0600,CUS-IPD-BULK
CUS-IPD-BULK/FF.RND.W1021.04,TIT-T85-X,0.0300,CUS-IPD-BULK
CUS-IPD-BULK/FF.RND.W1021.04,CRO1-ML-,0.0200,CUS-IPD-BULK
CUS-IPD-BULK/FF.RND.W1021.04,EMU-LEX7-X,0.0200,CUS-IPD-BULK
CUS-IPD-BULK/FF.RND.W1021.04,GLYC--ECOS-K,0.0200,CUS-IPD-BULK
CUS-IPD-BULK/FF.RND.W1021.04,SILI-MCMA-X,0.0200,CUS-IPD-BULK
CUS-IPD-BULK/FF.RND.W1021.04,SILI-BEL803-X,0.0160,CUS-IPD-BULK
CUS-IPD-BULK/FF.RND.W1021.04,MOIS-TR100-X,0.0150,CUS-IPD-BULK
CUS-IPD-BULK/FF.RND.W1021.04,SUCR-AC01-X,0.0120,CUS-IPD-BULK
CUS-IPD-BULK/FF.RND.W1021.04,ORGA-EXD-ARK,0.0120,CUS-IPD-BULK
CUS-IPD-BULK/FF.RND.W1021.04,SILI-KF54HV-X,0.0100,CUS-IPD-BULK
CUS-IPD-BULK/FF.RND.W1021.04,PWD-SYS-X,0.0100,CUS-IPD-BULK
CUS-IPD-BULK/FF.RND.W1021.04,THIC-RMGSO4-X,0.0100,CUS-IPD-BULK
CUS-IPD-BULK/FF.RND.W1021.04,EMUL-KF6017-X,0.0090,CUS-IPD-BULK
CUS-IPD-BULK/FF.RND.W1021.04,SILC-SP500LS-X,0.0090,CUS-IPD-BULK
CUS-IPD-BULK/FF.RND.W1021.04,PEN-PRSVPE-X,0.0080,CUS-IPD-BULK
CUS-IPD-BULK/FF.RND.W1021.04,STEA-DSP300-X,0.0050,CUS-IPD-BULK
CUS-IPD-BULK/FF.RND.W1021.04,VITA-DL E-MS,0.0050,CUS-IPD-BULK
CUS-IPD-BULK/FF.RND.W1021.04,PEN-SENSC50-X,0.0040,CUS-IPD-BULK
CUS-IPD-BULK/FF.RND.W1021.04,PENG-SYM68-X,0.0030,CUS-IPD-BULK
CUS-IPD-BULK/FF.RND.W1021.04,SILD--SI5H52D-K,0.0030,CUS-IPD-BULK
CUS-IPD-BULK/FF.RND.W1021.04,ALAN--AK-K,0.0010,CUS-IPD-BULK
CUS-IPD-BULK/FF.RND.W1021.04,EDT-B--K,0.0010,CUS-IPD-BULK
CUS-IPD-BULK/FF.RND.W1021.04,ACTI-ECTC-X,0.0003,CUS-IPD-BULK
CUS-IPD-BULK/FF.RND.W1021.04,BIO-HYAL-BIL,0.0002,CUS-IPD-BULK
CUS-IPD-BULK/FF.RND.W1021.04,TITA-CROTS-X,0.0780,CUS-IPD-BULK
CUS-IPD-BULK/FF.RND.W1021.04,WARN-RED3AS-X,0.0050,CUS-IPD-BULK
CUS-IPD-BULK/FF.RND.W1021.04,WARN-YLW3AS-X,0.0200,CUS-IPD-BULK
CUS-IPD-BULK/FF.RND.W1021.04,WARN-BLCK3AS-X,0.0035,CUS-IPD-BULK
A-PRT-BULK/4,GLYC--ECOS-K,0.0100,A-PRT-BULK
A-PRT-BULK/4,PARF-SILK-,0.0005,A-PRT-BULK
A-PRT-BULK/4,MENT-FRGHS-X,0.0010,A-PRT-BULK
A-PRT-BULK/4,EDT-B--K,0.0010,A-PRT-BULK
A-PRT-BULK/4,AIR-RO--L,0.9180,A-PRT-BULK
A-PRT-BULK/4,GLUZ-GLUZ-,0.0100,A-PRT-BULK
A-PRT-BULK/4,PROP-PGESK-X,0.0200,A-PRT-BULK
A-PRT-BULK/4,EXTR-WTCHPF-X,0.0200,A-PRT-BULK
A-PRT-BULK/4,EMUL-DERMSOLP-,0.0070,A-PRT-BULK
A-PRT-BULK/4,PENG-NPGEHP-X,0.0075,A-PRT-BULK
A-PRT-BULK/4,EXTR-ALVGE-X,0.0050,A-PRT-BULK
SS-SBAT30-BULK/6,UVIN-MC80-BASF,0.0600,SS-SBAT30-BULK
SS-SBAT30-BULK/6,SUNS-UVAPG-X,0.0200,SS-SBAT30-BULK
SS-SBAT30-BULK/6,AIR-RO--L,0.7219,SS-SBAT30-BULK
SS-SBAT30-BULK/6,SOLP-100LQ-X,0.0050,SS-SBAT30-BULK
SS-SBAT30-BULK/6,"BUTY--DAI1,3",0.0100,SS-SBAT30-BULK
SS-SBAT30-BULK/6,TRI--DOW-K,0.0071,SS-SBAT30-BULK
SS-SBAT30-BULK/6,EXTR-ALVGE-X,0.0100,SS-SBAT30-BULK
SS-SBAT30-BULK/6,SILI-2005-DC-K,0.0200,SS-SBAT30-BULK
SS-SBAT30-BULK/6,EMUL-GMSNSE-X,0.0400,SS-SBAT30-BULK
SS-SBAT30-BULK/6,PARF-TWFLLF-X,0.0020,SS-SBAT30-BULK
SS-SBAT30-BULK/6,XANT---K,0.0010,SS-SBAT30-BULK
SS-SBAT30-BULK/6,EDT-B--K,0.0010,SS-SBAT30-BULK
SS-SBAT30-BULK/6,PANT--DL-K,0.0050,SS-SBAT30-BULK
SS-SBAT30-BULK/6,PEN-PRSVPE-X,0.0080,SS-SBAT30-BULK
SS-SBAT30-BULK/6,SOLV-DEASB-X,0.0800,SS-SBAT30-BULK
SS-SBAT30-BULK/6,BHT-CRTL-X,0.0010,SS-SBAT30-BULK
SS-SBAT30-BULK/6,GOHS-GS05C-X,0.0050,SS-SBAT30-BULK
SS-SBAT30-BULK/6,CARB-UT21P-X,0.0030,SS-SBAT30-BULK
BO-CM-C BULK/FF.RND.M121.05,SERI-C-SI013S200-K,0.1500,BO-CM-C BULK
BO-CM-C BULK/FF.RND.M121.05,SILI-SFCM56-X,0.3000,BO-CM-C BULK
BO-CM-C BULK/FF.RND.M121.05,SQUA-AMYR-X,0.0800,BO-CM-C BULK
BO-CM-C BULK/FF.RND.M121.05,POWD-TDMS-,0.1500,BO-CM-C BULK
BO-CM-C BULK/FF.RND.M121.05,POWD-MDMS-,0.1223,BO-CM-C BULK
BO-CM-C BULK/FF.RND.M121.05,COSM-222--K,0.0800,BO-CM-C BULK
BO-CM-C BULK/FF.RND.M121.05,ZINC-STW-X,0.0500,BO-CM-C BULK
BO-CM-C BULK/FF.RND.M121.05,ZINC-M-KJZ10-K,0.0600,BO-CM-C BULK
BO-CM-C BULK/FF.RND.M121.05,WARN-FW108S-X,0.1615,BO-CM-C BULK
BO-CM-C BULK/FF.RND.M121.05,PARF-AMSKLG-X,0.0001,BO-CM-C BULK
BO-CM-C BULK/FF.RND.M121.05,PENG-PNX-X,0.0080,BO-CM-C BULK
BO-CM-C BULK/FF.RND.M121.05,WARN-C811RD-X,0.0760,BO-CM-C BULK
BO-CM-C BULK/FF.RND.M121.05,WARN-R27MS-X,0.0360,BO-CM-C BULK
BO-CM-C BULK/FF.RND.M121.05,TITA--3328EW-K,0.0234,BO-CM-C BULK
BO-CM-C BULK/FF.RND.M121.05,WARN-C43001-MV-K,0.0027,BO-CM-C BULK
SS-UVSDS-BULK/FF.RND.W730.03,"CARB--94022,68-K",0.0010,SS-UVSDS-BULK
SS-UVSDS-BULK/FF.RND.W730.03,PARF-C072-GIV,0.0010,SS-UVSDS-BULK
SS-UVSDS-BULK/FF.RND.W730.03,PARS-1789-,0.0100,SS-UVSDS-BULK
SS-UVSDS-BULK/FF.RND.W730.03,PROP-PGESK-X,0.0200,SS-UVSDS-BULK
SS-UVSDS-BULK/FF.RND.W730.03,SILI-9546-EDC,0.0100,SS-UVSDS-BULK
SS-UVSDS-BULK/FF.RND.W730.03,AQUA---K,0.0200,SS-UVSDS-BULK
SS-UVSDS-BULK/FF.RND.W730.03,SUN-SSFMBC-X,0.0250,SS-UVSDS-BULK
SS-UVSDS-BULK/FF.RND.W730.03,SEPI-305-SF-K,0.0280,SS-UVSDS-BULK
SS-UVSDS-BULK/FF.RND.W730.03,AIR-RO--L,0.7706,SS-UVSDS-BULK
SS-UVSDS-BULK/FF.RND.W730.03,UVIN-MC80-BASF,0.0750,SS-UVSDS-BULK
SS-UVSDS-BULK/FF.RND.W730.03,PANT--DL-K,0.0050,SS-UVSDS-BULK
SS-UVSDS-BULK/FF.RND.W730.03,EXTR-ALVGE-X,0.0050,SS-UVSDS-BULK
SS-UVSDS-BULK/FF.RND.W730.03,TRI--DOW-K,0.0054,SS-UVSDS-BULK
SS-UVSDS-BULK/FF.RND.W730.03,SILI-D2-TSFST-K,0.0100,SS-UVSDS-BULK
SS-UVSDS-BULK/FF.RND.W730.03,PENG-IPEG-X,0.0080,SS-UVSDS-BULK
SS-UVSDS-BULK/FF.RND.W730.03,EDT-B--K,0.0010,SS-UVSDS-BULK
SS-UVSDS-BULK/FF.RND.W730.03,VITA-DL E-MS,0.0050,SS-UVSDS-BULK